distance,height
0.0,0.004293228756049254
0.01,-0.009563476249064175
0.02,-0.0050163785033028345
0.03,-0.007891212574351112
0.04,-0.000752532686962834
0.05,0.008901635737032823
0.06,-0.0056551812718567285
0.07,0.001478960972303078
0.08,-0.007668507280717949
0.09,-0.006900881913714234
0.1,-0.0071585360833158074
0.11,-0.004103957420013793
0.12,-0.0019261418371001593
0.13,0.009846989353157592
0.14,-0.005354138734839757
0.15,0.004837824373021233
0.16,0.0003971252746943141
0.17,-0.000415703375127004
0.18,-0.006165099448380286
0.19,-0.0060207313565903186
0.2,0.00768241911213125
0.21,7.862253282895845e-05
0.22,-0.007084807513108676
0.23,-0.008267081910955655
0.24,-0.0025933449349179512
0.25,-5.0877883417619826e-05
0.26,0.009747128635773478
0.27,-0.002427347884718845
0.28,0.0004608098452707713
0.29,-0.0036252387041482816
0.3,-0.0033840923097212894
0.31,-0.005679171039468202
0.32,-0.0030512170533944904
0.33,-0.008536021408227129
0.34,-0.0016838928697153494
0.35000000000000003,-0.008769516649224209
0.36,0.002204461710137457
0.37,-0.009527484970581644
0.38,0.009783346253068632
0.39,0.0007515224407083788
0.4,0.004356963055673261
0.41000000000000003,-0.005165044402563617
0.42,0.007532798666459365
0.43,-0.0019089811412225516
0.44,0.008842227292926072
0.45,-0.003961237605391681
0.46,-0.00782192926439318
0.47000000000000003,-0.005821209054458178
0.48,0.009290298587452011
0.49,-0.001403956526790387
0.5,0.00888562158406129
0.51,0.008222900874733733
0.52,0.0029606020273240004
0.53,0.0021071682436851306
0.54,0.005403798199068355
0.55,-0.007943504496692684
0.56,-0.0007129912167951908
0.5700000000000001,-0.006609762040558938
0.58,0.00625391495130369
0.59,0.006098640845820865
0.6,0.008593403758732599
0.61,0.0014845280412646659
0.62,0.004473689355166727
0.63,0.008582882233477843
0.64,0.0009473174160287354
0.65,0.008592349713155324
0.66,0.004026569660137895
0.67,0.008213871577888032
0.68,-0.00043920206553544304
0.6900000000000001,0.0016758453620152654
0.7000000000000001,-0.004072806099785327
0.71,-0.0033913924918396576
0.72,-0.005024552521032661
0.73,-0.009714073718765646
0.74,0.004651361136072013
0.75,-0.009678902376429632
0.76,0.009339408230380814
0.77,-0.0011181602514039619
0.78,0.005048464160478838
0.79,-0.005454347969485156
0.8,-0.0013125611117992732
0.81,0.003542840192779865
0.8200000000000001,-0.007601669814540189
0.8300000000000001,-0.0038791692684020896
0.84,-0.007216652611386208
0.85,-0.007159040961288605
0.86,0.0013287002260982915
0.87,-0.006387451010159797
0.88,0.00886774244777457
0.89,0.008856669553285334
0.9,0.007071428913903699
0.91,-0.006368340181971592
0.92,-0.008064809221512217
0.93,-0.003077428533883304
0.9400000000000001,-0.0003220489972383493
0.9500000000000001,0.007808442128680404
0.96,0.00356655914894328
0.97,-0.00030423709184426023
0.98,-0.0033958152337770576
0.99,-0.003104597480754945
1.0,-0.002475089312140297
1.01,-0.007138716738639928
1.02,-0.003938737111589115
1.03,0.007736297142967733
1.04,0.008317117586786696
1.05,-0.0009933825408500827
1.06,0.006225457553171046
1.07,0.0038063182227070676
1.08,0.00953788306878584
1.09,-0.0003759357510902724
1.1,-0.006570443464262044
1.11,0.009685133492554532
1.12,-0.004874387849119199
1.1300000000000001,0.0035918158777905433
1.1400000000000001,0.003037296967148627
1.1500000000000001,0.005569031298807529
1.16,-0.004212533446348777
1.17,0.0021367652677010077
1.18,-0.009877112118496926
1.19,0.00798918167617345
1.2,-0.0018752366581114514
1.21,0.005703121673980344
1.22,0.0012084026264906206
1.23,-0.0087741585379779
1.24,0.0008805659567276709
1.25,0.003790895641172673
1.26,0.0026995850935117287
1.27,-0.0014430027373760201
1.28,-0.00035042394208624483
1.29,-0.009511132015142539
1.3,0.008040592747321823
1.31,0.007813925652324577
1.32,0.004347927029541803
1.33,-0.006690540661138522
1.34,0.00545388173326959
1.35,-0.009766288627652813
1.36,-0.005515096475728247
1.37,-0.00263673927952705
1.3800000000000001,0.006364130407145665
1.3900000000000001,0.0020767693905402503
1.4000000000000001,-0.004321012526542882
1.41,-0.008568964273085133
1.42,-0.00035074855999184945
1.43,0.009250266202365907
1.44,-0.0034394626790921028
1.45,0.003555213238835961
1.46,-0.006315269917899833
1.47,-0.006813083267048501
1.48,0.008235697340162619
1.49,0.0023880024428904727
1.5,0.0036135845668282297
1.51,-0.007011510317221537
1.52,-0.004210872104666605
1.53,0.005093516179072959
1.54,-0.001428034733259467
1.55,-0.009459792624521419
1.56,-0.004350538857282493
1.57,-0.0025158706598078706
1.58,0.008936785140835403
1.59,0.00335794697232129
1.6,0.007130218180180942
1.61,0.004264483395387245
1.62,-0.00671907279897995
1.6300000000000001,-0.003334855872980982
1.6400000000000001,-0.002674903324981841
1.6500000000000001,0.005760937157246732
1.6600000000000001,0.0031874956377762748
1.67,0.00826723958656334
1.68,-0.004349656092625727
1.69,0.006317617657902718
1.7,-0.009063485397998007
1.71,0.009502181062645587
1.72,0.0032154221249797617
1.73,0.009912751413646137
1.74,-0.0014816736735446482
1.75,0.009386240440138983
1.76,-0.005512475118945917
1.77,0.002340782366499561
1.78,-0.006999264475396562
1.79,-0.004482092212015636
1.8,-0.0015699858593929347
1.81,-0.0031533817527124187
1.82,0.004775205911038163
1.83,0.000330004536121406
1.84,-0.0017514454592613953
1.85,0.009410057581515393
1.86,-0.0060124410901505445
1.87,-0.006019916183987097
1.8800000000000001,0.007787169890818927
1.8900000000000001,-0.009688280988824583
1.9000000000000001,-0.0001761596098327628
1.9100000000000001,0.003898629423541711
1.92,0.008450044835725602
1.93,0.007120348713078107
1.94,0.0032951857544106806
1.95,-0.0038737051738701057
1.96,-0.0017671370748801093
1.97,-0.0019403074020383718
1.98,-6.879687771653778e-05
1.99,0.0016875972518928146
2.0,-0.0035086229850808445
2.0100000000000002,0.0036796871209528875
2.02,-0.005210409538214638
2.0300000000000002,0.003501848305890471
2.04,0.0038004101801960254
2.05,0.005170655656311392
2.06,-0.0065536906347754866
2.07,0.009752350261435774
2.08,-0.008971809995066027
2.09,0.008035654251480022
2.1,-0.004666315269318135
2.11,-0.0029666889643898894
2.12,-0.00017146085370163544
2.13,0.00551850309158595
2.14,0.0066653267596605194
2.15,0.004367345338774278
2.16,-0.004265500207501633
2.17,-0.0012632141402130915
2.18,-0.00744510604558386
2.19,0.00026979988649717714
2.2,-0.006720777234087354
2.21,-0.0040107934486612404
2.22,-0.00028435865880440704
2.23,0.002494054813933078
2.24,0.004221922540357451
2.25,-0.00013682669903006608
2.2600000000000002,-0.009767198333066574
2.27,0.008489441995639868
2.2800000000000002,-0.0008590407799531491
2.29,0.004378063568984895
2.3000000000000003,-0.0016065201320914872
2.31,-0.008141408892685725
2.32,0.006348403811306117
2.33,-0.00934938623398813
2.34,-0.002274365499302507
2.35,-0.004481918412916679
2.36,-0.0013034340887465232
2.37,-0.000841460935479663
2.38,0.002590903331258599
2.39,0.0015923476526020774
2.4,-0.002210434894924329
2.41,-0.0016507921908179533
2.42,0.004718412224848702
2.43,-0.005152694200938328
2.44,-0.0019514467048514141
2.45,-0.003908487357305903
2.46,0.0011823546001080536
2.47,0.0032665578012688132
2.48,-0.004005870753785
2.49,-0.008786257293846094
2.5,-0.009857004261623841
2.5100000000000002,-0.006986384295204817
2.52,-0.0036694197422766717
2.5300000000000002,0.0020540191692739133
2.54,-0.00902692506003832
2.5500000000000003,-0.0041681274370020515
2.56,-2.3492517295411325e-05
2.57,-0.0009345578354417981
2.58,-0.002053571654889886
2.59,-0.0032259477957850913
2.6,-0.009579551058639344
2.61,0.004232179562327994
2.62,-0.005320505649802703
2.63,-0.001938021921820932
2.64,-0.0021494864439262785
2.65,-0.0018014018849370223
2.66,0.009405646566638276
2.67,0.009834244648178418
2.68,-0.005516221079972898
2.69,0.003881424506417097
2.7,0.0019323018114628578
2.71,-0.004451902066643998
2.72,-0.0053236337027427316
2.73,0.0024223416751697566
2.74,0.009220445976855693
2.75,-0.009943231876889305
2.7600000000000002,-0.001704302770735043
2.77,0.0031377066894448438
2.7800000000000002,-0.007174733635701041
2.79,-0.008441595479284792
2.8000000000000003,-0.00903348471018175
2.81,0.0066035472510638776
2.82,-0.006680024485842236
2.83,0.009719701842397203
2.84,0.00538098442183124
2.85,0.0016594915167493472
2.86,-0.007611485903448711
2.87,0.00026276653109440044
2.88,-0.004956296397727715
2.89,-0.000854407644167712
2.9,-0.0021857982194892853
2.91,0.00024377664475060123
2.92,0.0074080413893071895
2.93,-0.00822061179121332
2.94,0.0008952601955736997
2.95,0.00688598625445354
2.96,-0.006432393216188721
2.97,0.0019490819178109315
2.98,-0.002772823260288924
2.99,0.0042540574203222235
3.0,-0.007315893951124295
3.0100000000000002,0.0050980392949991835
3.02,-0.0010826443762125965
3.0300000000000002,0.0021057663406281128
3.04,3.395582566760591e-05
3.0500000000000003,-0.003610909762181742
3.06,-0.009518917102250305
3.0700000000000003,0.007874711835156758
3.08,0.006397407670779261
3.09,0.0027849044027456627
3.1,0.004640890582902455
3.11,0.00717643993387738
3.12,-0.00503462386030231
3.13,-0.0011713857726736374
3.14,-0.0016108475256801976
3.15,-0.002679416141910667
3.16,0.002495401232356134
3.17,0.0039364087079799045
3.18,0.00031536141234285095
3.19,0.0058445748028993095
3.2,-0.002439183025927851
3.21,0.0017437618383084538
3.22,-0.005512424246284775
3.23,0.009408787132742026
3.24,0.003563071555989941
3.25,-0.00013070739149486678
3.2600000000000002,0.005480612857205429
3.27,0.0027378345280523048
3.2800000000000002,0.009287192874815156
3.29,-0.000869036747714557
3.3000000000000003,0.005783658572673213
3.31,0.000795535487582268
3.3200000000000003,-0.005426699723719606
3.33,0.0045882535979503095
3.34,-0.009615680903467918
3.35,-0.0018503930663138594
3.36,0.003140468308296231
3.37,-0.0033829381187514577
3.38,0.006834031642649797
3.39,-0.009904888194143728
3.4,-0.002858007095153792
3.41,-0.005075690119146026
3.42,0.007286343994204273
3.43,0.0016186395207987564
3.44,0.008685968474113194
3.45,-0.0010479296969387493
3.46,0.006158932610467875
3.47,-0.007465573499526292
3.48,-0.0013144581647882327
3.49,-0.0016145061321755586
3.5,-0.004764104466162451
3.5100000000000002,0.005996688521521699
3.52,0.0019919555026967645
3.5300000000000002,0.00794788776045884
3.54,0.007117523220302556
3.5500000000000003,0.00021412390301528417
3.56,-0.004579432878796244
3.5700000000000003,-0.0037431693274624497
3.58,-0.0002730142223590776
3.59,0.009817376408851818
3.6,0.0035115032773822535
3.61,0.0057490896286872175
3.62,0.00022209810034887027
3.63,0.008844174531715389
3.64,0.0001134259140288859
3.65,-0.002952164662404051
3.66,-0.009862431367724583
3.67,-0.0013223477587542345
3.68,-0.004575115059942807
3.69,-0.003219645798207365
3.7,0.007841012705908345
3.71,-0.0011913144994415738
3.72,0.002515636010210957
3.73,-0.006628406011311705
3.74,0.0021030846992292213
3.75,0.0074838330898793545
3.7600000000000002,0.0030133076851797617
3.77,-0.005634473646877714
3.7800000000000002,-0.002300562405392583
3.79,0.0038499737946449536
3.8000000000000003,-0.00038454249886451033
3.81,0.002334584510998893
3.8200000000000003,-0.006055754983208479
3.83,0.006710147481659929
3.84,-0.007227934531800578
3.85,0.006960044003884057
3.86,0.0013422294385219118
3.87,0.005228851024148698
3.88,-0.005361112738638509
3.89,-0.009825915580342693
3.9,0.006200435199744931
3.91,-0.005144744659188187
3.92,0.005762665125173988
3.93,-0.007928221260343819
3.94,-0.004898244441113868
3.95,-0.002262826621966545
3.96,0.00955854816831825
3.97,-0.008365932519686082
3.98,0.003954820263911807
3.99,-0.004396146419994527
4.0,-0.0033372288125246286
4.01,0.007494136194129449
4.0200000000000005,-0.008101699661869211
4.03,-0.000699151009156785
4.04,-0.004928097753128262
4.05,0.007946023857099244
4.0600000000000005,0.009841882522567217
4.07,0.009898326948260866
4.08,-0.006204424884787334
4.09,-0.005141265890456981
4.1,-0.0030231779551818288
4.11,0.006850656480311997
4.12,0.0069673367755627765
4.13,0.0016980111736112687
4.14,0.0008734047818521398
4.15,-0.0014811127576213924
4.16,0.003845345712041948
4.17,-0.0036674242661845066
4.18,-0.00499309582594194
4.19,-0.004607731686016183
4.2,-0.004365292257757829
4.21,-0.007914563264080327
4.22,-0.00710982374017319
4.23,-0.0054593222640123805
4.24,0.007153874899666414
4.25,-0.004896842340021912
4.26,-0.005973580510250776
4.2700000000000005,-3.9001266763262835e-05
4.28,0.009843682673932161
4.29,-0.006883667089471155
4.3,0.008871415199741188
4.3100000000000005,-0.005693744644058532
4.32,0.009197348809282338
4.33,-0.006402837408796842
4.34,0.0022306633055950917
4.3500000000000005,0.00581839601086879
4.36,0.0026344118771335773
4.37,-0.0038096706725301768
4.38,-0.009886976976703089
4.39,0.0005797885033242498
4.4,0.00846075078381736
4.41,-0.002297291127477563
4.42,0.00011821682048722068
4.43,0.0022281352796008694
4.44,-0.008144462550682754
4.45,-0.0017656166417547546
4.46,0.007218543928175622
4.47,-0.0060465686072774605
4.48,-0.00664529424690675
4.49,-0.00438605792508978
4.5,0.001121879329606848
4.51,0.00018113904703791726
4.5200000000000005,-0.0006258838619178728
4.53,0.0016517649345164347
4.54,0.008676114484773267
4.55,0.001163873068439061
4.5600000000000005,-0.0027021389400143717
4.57,0.0064044665472444955
4.58,0.008841095029308478
4.59,-0.007937368815333364
4.6000000000000005,-0.007584837057974374
4.61,0.002599387837413319
4.62,0.00912704951218817
4.63,-0.003834357681150564
4.64,0.002281901525194174
4.65,0.007175323172510606
4.66,0.0031253580614276077
4.67,-0.00852085835566921
4.68,0.005801948354717741
4.69,0.007091528793273917
4.7,-0.005247133988673227
4.71,-0.00341193831396263
4.72,0.004270533355079993
4.73,0.00532919014175747
4.74,-0.009980892546056806
4.75,0.008099527766499125
4.76,0.003532202388270886
4.7700000000000005,0.003272201004694098
4.78,-0.00027406049800457986
4.79,-0.008958718992274572
4.8,-0.009277473554147039
4.8100000000000005,-0.0056015324532821984
4.82,0.008646114579737569
4.83,0.0015511304404726353
4.84,0.005402442395088971
4.8500000000000005,0.009796805223166087
4.86,0.007855612063613291
4.87,0.0007683271535139456
4.88,0.006076985953733084
4.89,0.006398851597276626
4.9,0.00017717431633424915
4.91,-0.007139424128622935
4.92,-0.002782862566548126
4.93,0.00945578347620152
4.94,0.009306369148609167
4.95,0.007328932094693754
4.96,-0.0012855898743655784
4.97,0.0017768824312558856
4.98,0.0029387347536646447
4.99,-0.0025080245145278424
5.0,-4.5220545509308194e-05
5.01,-0.008468670444880158
5.0200000000000005,0.009501395171545373
5.03,-0.00013349432948175227
5.04,0.0034819213210267614
5.05,0.008265348555330782
5.0600000000000005,0.0006776987375680058
5.07,0.0065485188291047654
5.08,-0.009852508689849979
5.09,-0.0021168529386875502
5.1000000000000005,-0.007504867014928738
5.11,0.0021467972794950007
5.12,-0.002697676972467402
5.13,0.003304203746336238
5.14,-3.44702287673887e-05
5.15,0.0074386582695689565
5.16,-0.00963312733119273
5.17,-0.00316029852258489
5.18,-0.008522532445066398
5.19,0.009420756462909045
5.2,-0.0028204654910024864
5.21,0.006308412683079466
5.22,-0.0009222291342771277
5.23,-0.00916891810735221
5.24,-0.009074199841478107
5.25,-0.0040825757828684296
5.26,0.0007393135247862406
5.2700000000000005,0.0019328007468064293
5.28,-0.007756940854215086
5.29,-0.0006897699515512837
5.3,-0.005227582082629245
5.3100000000000005,-0.005380679810530848
5.32,0.006930195496937521
5.33,0.009769209525765236
5.34,-0.0031029866881784555
5.3500000000000005,0.0036040161233412346
5.36,-0.0004576722044425281
5.37,-0.008352036706216068
5.38,0.008010431389451412
5.39,0.008344585322938662
5.4,0.004129455225144416
5.41,0.00047366220976452315
5.42,-0.0027262099707734454
5.43,-0.0021487376164246764
5.44,0.001071106537300975
5.45,0.0003932892403217345
5.46,-0.008126439231510319
5.47,-0.0028247923953047894
5.48,-0.005143228287879549
5.49,-0.007664102833901194
5.5,0.0006533669565187035
5.51,-0.00966824742419945
5.5200000000000005,0.009402614998736613
5.53,-0.009036251600654379
5.54,0.003958651370431563
5.55,0.0010631479940476345
5.5600000000000005,0.00013696675354518163
5.57,-0.002218749435688501
5.58,0.003198946800206985
5.59,0.0009365663162748186
5.6000000000000005,-0.004046281070788998
5.61,-0.002567620206081289
5.62,0.005105797705121243
5.63,0.007622242219162386
5.64,-0.0018486210286484134
5.65,0.002135857375382794
5.66,-0.0007380535938750696
5.67,-0.004977793661579264
5.68,-0.008113249000103902
5.69,-0.0006458586168814548
5.7,0.006522713214158591
5.71,-0.008095939013758276
5.72,0.002639518124885736
5.73,-0.0025449046995886593
5.74,-0.00956632910361751
5.75,-0.005145199940435374
5.76,0.009168786398163402
5.7700000000000005,0.005012403041479126
5.78,0.005276958565088634
5.79,0.00726292345418463
5.8,-0.006752898417236086
5.8100000000000005,0.0005482720037273837
5.82,0.004246835675886549
5.83,-0.008774728870923667
5.84,0.00013039089685866478
5.8500000000000005,0.00044210740847294705
5.86,0.002420573281439414
5.87,-0.004279697487058325
5.88,0.004386330406712425
5.89,-0.0048036801168640795
5.9,-0.00446502169765658
5.91,0.008972025332287964
5.92,0.009449349146499931
5.93,-0.00041680021905159126
5.94,0.008284130371588727
5.95,0.009523917168191608
5.96,0.003699159980306352
5.97,-0.006461926336158452
5.98,0.008854931098475684
5.99,-0.003800912846185143
6.0,0.007991252155461976
6.01,-0.0031542478981329888
6.0200000000000005,0.00368987307042227
6.03,-0.0037686580084483248
6.04,0.004635458942296011
6.05,0.009849695681875511
6.0600000000000005,0.0074893440308139245
6.07,0.001272069842673619
6.08,-0.008058912169761255
6.09,0.0004957941977939105
6.1000000000000005,-0.008710912293586604
6.11,0.00843267314778892
6.12,0.005511365183953388
6.13,-0.0017256527701857167
6.140000000000001,-0.006813487001838623
6.15,0.003822720615215309
6.16,-0.003923620462556339
6.17,0.0033429073251348695
6.18,0.005620935308420694
6.19,-0.0022840438213160954
6.2,0.0005429040181359809
6.21,-0.0036287808295030243
6.22,-0.0077668123537874695
6.23,0.007433289783480972
6.24,-0.007912107131493129
6.25,0.003790877943404653
6.26,-0.005602531403600668
6.2700000000000005,-0.004438382420255367
6.28,-0.006942723838734129
6.29,-0.009609117882267197
6.3,0.009783301191824896
6.3100000000000005,-0.00704637542764659
6.32,0.0032505340775156374
6.33,-0.009362820436863612
6.34,-0.008108226370379348
6.3500000000000005,-0.003680232615198258
6.36,0.001985733278368646
6.37,0.006022943718433255
6.38,-0.003748257927460157
6.390000000000001,-0.005553846479173839
6.4,0.0040925288377106316
6.41,0.0069319067448164375
6.42,-0.005816434951359544
6.43,-0.004548880299116122
6.44,0.0016228576632533413
6.45,-0.006711658575638788
6.46,0.0014495386069158962
6.47,0.008180052309823828
6.48,-0.002606724733374901
6.49,0.0007380565572187008
6.5,0.001267092026013215
6.51,-0.0014767869372085633
6.5200000000000005,-0.007247783016234224
6.53,0.002108902855886415
6.54,0.0030977948610625833
6.55,0.00558652130603525
6.5600000000000005,0.00015989883172992832
6.57,-0.0056266214163
6.58,0.00843117672141617
6.59,-0.0001853707615561348
6.6000000000000005,-0.0014257358937461648
6.61,0.00573163964960363
6.62,-0.003096039858482613
6.63,-0.0004404825265218685
6.640000000000001,-0.00041772722333227076
6.65,0.0010304760301927084
6.66,-0.008925763047440732
6.67,-0.0031325388287480865
6.68,-0.0035281948336934807
6.69,-0.0007682058025638653
6.7,0.005678754675884535
6.71,0.0001042175799697894
6.72,-0.0019877521596915956
6.73,0.008407812487347814
6.74,0.002050123320108439
6.75,0.0021973532137996507
6.76,-0.008419272962472394
6.7700000000000005,0.00882862329199544
6.78,0.0005250173830515219
6.79,0.005344958018680715
6.8,0.00030115899279038044
6.8100000000000005,-0.005794067727086722
6.82,-0.005843609262393241
6.83,-0.0029510253961048142
6.84,0.009030622231316331
6.8500000000000005,-0.004902359703785208
6.86,-0.0021081424249883105
6.87,-0.009710978657929368
6.88,0.0024462531941550954
6.890000000000001,-0.003887256584261314
6.9,-0.0005965088235132705
6.91,-0.007954325146819041
6.92,-0.005749361577218226
6.93,-0.009953053316540766
6.94,-0.0019511317800021792
6.95,-0.002391586185877867
6.96,0.003129329183483692
6.97,0.003519874070831897
6.98,-0.006925186207914338
6.99,0.003458097810027984
7.0,-0.00015098562991564674
7.01,0.007507419027570685
7.0200000000000005,-0.0011339925521985268
7.03,-0.00012335476213315433
7.04,0.0024854318042282705
7.05,-0.006130960403457377
7.0600000000000005,-0.009190989292094892
7.07,-0.0010182857752954796
7.08,-0.00543008019832417
7.09,0.005773660327423635
7.1000000000000005,0.0059137905952639114
7.11,-0.00747193207357605
7.12,0.003553199053679552
7.13,0.00931728871575411
7.140000000000001,0.007132618184531184
7.15,-0.001232178005290338
7.16,0.007968948653022433
7.17,0.007866738070075855
7.18,0.0053950834788239616
7.19,-0.004182232215194386
7.2,0.009899408251274123
7.21,-0.008685901506452643
7.22,-0.009581945344995315
7.23,-0.007558662438607156
7.24,0.005630528239108009
7.25,0.005301833849557963
7.26,-0.009076723689387903
7.2700000000000005,-0.006713806899986472
7.28,-0.002883164971205057
7.29,0.004229604995693888
7.3,-0.009569352876576523
7.3100000000000005,-0.003448526171780073
7.32,-0.002301294375175
7.33,-0.008792818015343956
7.34,0.004330738363720565
7.3500000000000005,-0.00047969328819788375
7.36,-0.0006870865104487579
7.37,-0.0006288519686515181
7.38,0.001691063631290417
7.390000000000001,-0.008279705109233829
7.4,-0.004018636452270265
7.41,0.009668753704796031
7.42,-0.005707027681109829
7.43,-0.00409403780614366
7.44,1.0914892799524303e-05
7.45,-0.0033875583015888404
7.46,-0.009985504210562957
7.47,0.004729547991594019
7.48,-0.0013689880103856314
7.49,0.009907368388469303
7.5,-0.0022624227040346544
7.51,-0.0014335338127352132
7.5200000000000005,-0.0012172427397191769
7.53,0.009127462720895188
7.54,-0.0005244029162146495
7.55,0.004943754737693458
7.5600000000000005,0.004445388376169757
7.57,-0.0005808072522655652
7.58,0.006727998634725401
7.59,0.009394621710228155
7.6000000000000005,-0.004352287246012352
7.61,-0.0011757380752237846
7.62,-0.008213778106948242
7.63,-0.004303769977652836
7.640000000000001,-0.006392417977756028
7.65,-0.009407483085088039
7.66,0.0023711603084200245
7.67,0.0053966003963635024
7.68,-0.008257810505743866
7.69,-0.0035079135756367523
7.7,0.007637884148739898
7.71,-0.006542870953824815
7.72,-0.008782873692472576
7.73,-0.0077361586213822164
7.74,-0.009936432990460776
7.75,0.0014329361659415635
7.76,0.005387319024229906
7.7700000000000005,-0.0021894099381883757
7.78,-0.009374916451814439
7.79,0.004076732834178804
7.8,0.004784776607968966
7.8100000000000005,0.0006229300669626445
7.82,0.003804915834066608
7.83,0.0025806652427963987
7.84,0.009320856267894561
7.8500000000000005,-0.00527037010810353
7.86,0.007963070660787835
7.87,0.00769917712017164
7.88,-1.5205841146410243e-05
7.890000000000001,-0.0018271156297294013
7.9,-0.0037370517175652875
7.91,-0.004074495184588692
7.92,-0.008010388734569702
7.930000000000001,-0.007309962674074733
7.94,0.005852468294105172
7.95,0.0008746792602076798
7.96,-0.007874409500243013
7.97,0.0018003361442770222
7.98,0.007256665950425517
7.99,0.0027916871197355246
8.0,-0.0028960381179002235
8.01,-0.008063742558691963
8.02,-0.0061833550223776125
8.03,-0.007059432913374478
8.040000000000001,0.0012078875574598504
8.05,0.004079231777880809
8.06,0.0032194264195900234
8.07,-1.7802552663244084e-05
8.08,-0.004407780978886982
8.09,-0.0025882275775079844
8.1,0.004606536543904997
8.11,-0.008196913985609088
8.120000000000001,0.004567226595832658
8.13,0.005405894339186999
8.14,-0.006756026166498603
8.15,-0.009489664973748604
8.16,0.007660829633748164
8.17,-0.003761624619025492
8.18,0.003263830751323778
8.19,0.000958228100131582
8.2,-0.005461522459222073
8.21,-0.0018577908634906642
8.22,0.005075322954088142
8.23,0.0022436904369760296
8.24,0.0006193913780985216
8.25,-0.006332364513884787
8.26,0.001257073122660362
8.27,-0.0012863107904336254
8.28,-0.004115010297515964
8.290000000000001,-0.004943729894497639
8.3,0.0040666495861982725
8.31,0.00891996015284015
8.32,-0.0008834049016040995
8.33,0.007194909804168202
8.34,0.00174084248642312
8.35,-0.004068280966463074
8.36,-0.0073187329945868344
8.370000000000001,0.002157219496632966
8.38,0.007566014972529253
8.39,0.004521359752007435
8.4,0.008888757951371685
8.41,-0.0019120845628912402
8.42,-0.0051110123273680075
8.43,-0.0014370522108445027
8.44,0.0063955897687121305
8.45,-0.006151334094179435
8.46,0.005284854313266665
8.47,0.0002545052540558271
8.48,-0.008856017420678057
8.49,-0.00038497729530658116
8.5,0.00046255256523611114
8.51,-0.006000955987946148
8.52,0.008095613870438128
8.53,-0.0026796719721801157
8.540000000000001,-0.005766365566379887
8.55,-0.004213603040371279
8.56,-0.004781890104478206
8.57,-0.0032738414940712834
8.58,-0.008443726567903907
8.59,0.0017078980742121167
8.6,0.0026894901623414746
8.61,0.0032943579076522463
8.620000000000001,-0.009419432337451017
8.63,-0.002018264789874609
8.64,-1.8102041520020803e-05
8.65,-0.005698036563473526
8.66,-0.0040336236365644115
8.67,-0.008960398617604778
8.68,0.009624045651751777
8.69,-0.002225524557670844
8.700000000000001,-0.009225156902827172
8.71,-0.006132402465441789
8.72,0.0034048510802449482
8.73,0.002066483312165284
8.74,0.0010978674134998253
8.75,-0.001434540279212233
8.76,-0.009928688886407768
8.77,-0.0055742390978858955
8.78,0.00527513971934436
8.790000000000001,0.0006070740907603844
8.8,-0.00438859576754773
8.81,0.0031113391382268357
8.82,0.0062180875992315105
8.83,0.0037461968655147313
8.84,0.0071480152161715205
8.85,0.004615455391105581
8.86,0.0038683878744498815
8.870000000000001,0.00788236893023256
8.88,0.007031614151157476
8.89,-0.006288929241964891
8.9,-0.004748503157350585
8.91,-0.009459260341657878
8.92,-0.005772490687497556
8.93,-0.004049685641021381
8.94,0.002989781256679853
8.950000000000001,0.007647341955664322
8.96,-0.005732257461892301
8.97,0.0033823741059740547
8.98,-0.004533036359813685
8.99,-0.007373798985188713
9.0,0.002643748129416295
9.01,-0.00729812371930842
9.02,0.007593837393892645
9.03,-0.003400814396690051
9.040000000000001,-0.007794592228278239
9.05,-0.009085346658636882
9.06,-0.00046455233744048183
9.07,0.003477744670921575
9.08,-0.0010877006586086837
9.09,-0.00034178878266370727
9.1,0.0036009099778361534
9.11,-0.004806083657553915
9.120000000000001,0.006971070746853785
9.13,0.007473700843127399
9.14,-0.003304749008603494
9.15,-0.005261008341063227
9.16,0.0066506137248914885
9.17,0.009682626293166454
9.18,-0.007353551201548791
9.19,0.008990344180624657
9.200000000000001,-0.0034491833887665925
9.21,-0.002371273422720999
9.22,0.008846765239689034
9.23,0.0006306852269021331
9.24,-0.0024038376385092522
9.25,0.001409450413115772
9.26,-0.008644321319559103
9.27,0.003928513392085884
9.28,0.0018408686135016443
9.290000000000001,-0.006580923706660742
9.3,0.0007999576724145654
9.31,0.007949835358045202
9.32,-0.0075467292395197914
9.33,-0.005783012273262451
9.34,0.005623956470717681
9.35,0.0005130564345501524
9.36,-0.002893853753643938
9.370000000000001,-0.008741607216262747
9.38,0.008075824716294656
9.39,0.009743720607476086
9.4,0.006996388714541545
9.41,0.00830519408575328
9.42,-0.006707118705527402
9.43,0.0011143214971425734
9.44,-0.0014624115878720048
9.450000000000001,0.0021009540135628942
9.46,0.007851525355660293
9.47,-0.0006149244859186102
9.48,0.009997126721014134
9.49,0.006049407447852628
9.5,-0.0004271666175787222
9.51,0.004077156095267789
9.52,-0.0094906728879521
9.53,-0.007135056126379715
9.540000000000001,0.008476478368270894
9.55,-0.0018986484296509114
9.56,-0.0010867776293290374
9.57,-0.0007518093204401926
9.58,-0.008717813521021092
9.59,-0.0005816792430645562
9.6,-0.0066451222613541725
9.61,0.0008947110850516735
9.620000000000001,-0.008956596791747236
9.63,0.004051616868668227
9.64,-0.009793827560043947
9.65,-0.005847762303030075
9.66,-0.005788674557630535
9.67,-0.001200592047079587
9.68,0.006389024338187868
9.69,0.00443845997238803
9.700000000000001,-0.00822628884862338
9.71,0.0021822928152735697
9.72,-0.00798558547960795
9.73,-0.0012200143874880314
9.74,-0.0004273005441001506
9.75,0.008251323890004993
9.76,0.007433648898982308
9.77,0.004557327712465021
9.78,0.0019953253268549243
9.790000000000001,0.009248697829328445
9.8,0.00011239267716858098
9.81,-0.008916864809855572
9.82,-0.0065741117750787925
9.83,0.005540841461072827
9.84,-0.0008374356002260469
9.85,-0.002918242986745123
9.86,0.005607819815419409
9.870000000000001,-0.007938352402683112
9.88,3.646010109868009e-05
9.89,0.0032352796132226747
9.9,0.0077191645226742465
9.91,0.008905698604874323
9.92,0.00681475018101701
9.93,-0.005201809953062717
9.94,0.008180705109645763
9.950000000000001,0.008103599992450071
9.96,-0.008792458355907331
9.97,0.007992433014495324
9.98,0.009573421543489712
9.99,0.008853656981082198
10.0,-0.009264568111579054
10.01,0.009174282942066464
10.02,-0.009714513244453344
10.03,-0.007157069095389719
10.040000000000001,0.005949367413108015
10.05,-0.0073504246767849436
10.06,-0.0026096606708540656
10.07,0.008449974992332873
10.08,0.002336735576428382
10.09,-0.0039699318894687655
10.1,-0.004142739616355096
10.11,-0.002947151157218113
10.120000000000001,-0.0053893054300422575
10.13,-0.009194187177819866
10.14,-0.0012573422853830556
10.15,-0.009023092098815595
10.16,-0.00744658920126629
10.17,-0.00989067343493239
10.18,-0.008623811319205137
10.19,0.008339975775657994
10.200000000000001,-0.0066331992646633895
10.21,0.0023501940139510277
10.22,0.009153378603476326
10.23,0.002619137301496313
10.24,0.004960009721138256
10.25,0.0041364727213535155
10.26,0.007401138989498136
10.27,-0.0026535393687502377
10.28,-0.003336920764368316
10.290000000000001,-0.007943635294315288
10.3,0.009533813558817777
10.31,0.009943503408591991
10.32,0.0005409491230010752
10.33,0.00887177210547715
10.34,0.00861648608619914
10.35,-0.00943764454776879
10.36,-0.008544183079661143
10.370000000000001,-0.008329947106713944
10.38,0.005461510909409438
10.39,0.006077935587250413
10.4,-0.009718536759962851
10.41,-0.0032331113652937903
10.42,-0.003881747727665235
10.43,0.0014300284363364963
10.44,-0.0018481295868690625
10.450000000000001,0.0027180709786898943
10.46,0.006612966902662063
10.47,-0.006428369767719373
10.48,-0.005121931785112704
10.49,0.0008259258836012182
10.5,-0.005006593628327321
10.51,0.002613143692828815
10.52,-0.006569824372953477
10.53,0.0015162987885425274
10.540000000000001,-0.00458550287114378
10.55,-0.008722837596405606
10.56,0.0029206164869179842
10.57,0.003258475108155372
10.58,-0.0064283870485834374
10.59,0.005531760306675983
10.6,0.005180535601728764
10.61,0.008792241479119783
10.620000000000001,0.006734712386670777
10.63,-0.005362795875373809
10.64,-0.001116346875137406
10.65,-0.009876273602901836
10.66,-0.004154992488170975
10.67,-0.000963031930513716
10.68,0.0054357428474294985
10.69,-0.004705108072986315
10.700000000000001,-0.0043894494743172505
10.71,-0.009258327244029847
10.72,0.008356806612502777
10.73,-0.009676028819346434
10.74,-0.0013578307038818148
10.75,-0.005518314666913993
10.76,0.006062865058922029
10.77,0.001441425327958646
10.78,0.0008825789596802226
10.790000000000001,0.00986696530590631
10.8,0.005817988174957335
10.81,-0.004966007385107334
10.82,0.00020853827837392577
10.83,0.005234641575302554
10.84,-0.008310508555366355
10.85,0.00921412090179617
10.86,0.0008619942258624638
10.870000000000001,0.003699097781550897
10.88,0.009662301671526813
10.89,0.00906184121209048
10.9,0.0024782657145897696
10.91,0.0035095125843468515
10.92,-0.009730652747092736
10.93,-0.005327348355121339
10.94,-0.0021200059820308034
10.950000000000001,-0.007918688941067415
10.96,-0.007017895187212034
10.97,0.004561244608070669
10.98,-0.0008026308966317553
10.99,0.009226939392142341
11.0,-0.008104907940973688
11.01,0.0008092852986278133
11.02,-0.006473431698983971
11.03,-0.007871902076313348
11.040000000000001,0.008306201911262566
11.05,-0.006008287457259356
11.06,0.001458652190100728
11.07,-0.002724426932027597
11.08,0.004792400539769785
11.09,0.0005548524811984003
11.1,0.005128935303165128
11.11,-0.0034232440814354744
11.120000000000001,-0.004921680713982548
11.13,0.0006635563600692011
11.14,0.006503304510438164
11.15,0.006435087274475114
11.16,-0.002165417527440164
11.17,-0.00014882878441611729
11.18,0.002046895767766139
11.19,0.0011794548992865878
11.200000000000001,0.0017754437516908726
11.21,-0.006068503580497002
11.22,-0.006399588128529324
11.23,0.006796367045366706
11.24,-0.007424752635766823
11.25,0.004103097613405099
11.26,-0.004356569113052123
11.27,0.0007506295012648725
11.28,-0.007755007937190899
11.290000000000001,0.009169710734006695
11.3,-0.0038760479322284104
11.31,0.009044809707976031
11.32,-0.00614281255412721
11.33,-0.003767443437098639
11.34,0.009825107304900141
11.35,0.00812864114141774
11.36,0.006880239530254023
11.370000000000001,0.00018485007932873485
11.38,-0.0034485306653239192
11.39,-0.008288351303780637
11.4,-0.009294775393689518
11.41,0.007740268897470917
11.42,-0.00833922452875658
11.43,-0.0002486002468056244
11.44,-0.0070302087202617014
11.450000000000001,-0.0016135602704660766
11.46,-0.008440274191685955
11.47,0.001956828442955319
11.48,-0.004423719617008761
11.49,-0.00781166061534347
11.5,0.003647599377231983
11.51,0.007179681405600357
11.52,0.006812395159788166
11.53,-0.0010025548415706458
11.540000000000001,0.0015496205672406657
11.55,-0.006067590599544695
11.56,0.0023211563197007394
11.57,-0.009173912129958802
11.58,-0.007392623826950471
11.59,-0.002953278734547711
11.6,0.0029273336759398933
11.61,-0.008375235035949901
11.620000000000001,-0.007448908597755249
11.63,-0.005224084343952991
11.64,-0.0027142884501114416
11.65,0.003023569459811906
11.66,0.0024523639293611028
11.67,-0.00438627438133883
11.68,-0.009688443795875057
11.69,-0.004856847932098192
11.700000000000001,0.00032007789353375414
11.71,0.007630612340665954
11.72,0.0005520593959805753
11.73,-0.002445853520717827
11.74,0.006590007231703677
11.75,0.00038637646861253323
11.76,-0.00017307570519960354
11.77,0.009182369185114754
11.78,0.008903942874692988
11.790000000000001,-0.0036289776043462955
11.8,-0.006531620109962728
11.81,0.0031738856333393614
11.82,0.0011469535946581778
11.83,0.005230782513915263
11.84,-0.002270759391377313
11.85,-0.0073400542566489915
11.86,-0.00720502473435183
11.870000000000001,0.0049137841974396575
11.88,0.003375209183020915
11.89,0.006386279317922362
11.9,0.005122808696809641
11.91,0.007126785367321668
11.92,0.00033892936473231203
11.93,0.006478097436031191
11.94,-0.005224922781690938
11.950000000000001,-4.740708959267634e-05
11.96,-0.009640434571220442
11.97,0.003701615935262406
11.98,-0.009771325153585813
11.99,-0.0009346702162713518
12.0,0.0008655042786383463
12.01,-0.007385792083133757
12.02,0.008201957956050226
12.030000000000001,0.002028519545591405
12.040000000000001,-0.009181010927380263
12.05,0.007599500258285647
12.06,-0.0013774319878704939
12.07,-0.006728014974854348
12.08,0.006199479814038138
12.09,-0.00966428281968597
12.1,0.008347672554834885
12.11,0.0014630476233545141
12.120000000000001,0.004524499745179496
12.13,0.008831604922839959
12.14,-0.009890838062159197
12.15,-0.0029720568221500866
12.16,-0.0071962174676110414
12.17,-0.0062552282980675835
12.18,-0.005825685647701208
12.19,-0.001369117013640125
12.200000000000001,0.0012291370125067855
12.21,0.00471723072737279
12.22,0.009311582614285786
12.23,-0.0043434206758927105
12.24,-0.006201031139933264
12.25,0.004383547778340784
12.26,-0.009894503027738895
12.27,0.003929425246652301
12.280000000000001,-0.005705292018003742
12.290000000000001,0.007213985243199028
12.3,-0.005829479995689046
12.31,-0.009975221105533396
12.32,-0.0022057001155228375
12.33,-0.007104678038405135
12.34,0.003531932222671206
12.35,-0.0037252547658051796
12.36,0.0014168942300571245
12.370000000000001,0.0024849109839987123
12.38,-0.003891264459912158
12.39,-0.00901900508506039
12.4,-0.006871416939987201
12.41,0.009223781706997886
12.42,-0.004635279300429121
12.43,-7.072771275026986e-05
12.44,-0.0028148762758043767
12.450000000000001,-0.0022686726403021848
12.46,-0.006126607894202194
12.47,-0.0032116899980388757
12.48,-0.009943693642196945
12.49,0.009806278383232303
12.5,-0.0020106931329012118
12.51,-0.005318811248207305
12.52,-0.0057340260156388935
12.530000000000001,0.002518665169180645
12.540000000000001,0.007322633082323419
12.55,0.00117476008905594
12.56,0.00499566940411365
12.57,0.009824233974731726
12.58,0.00823317221218387
12.59,0.007950267900547507
12.6,-0.006129269434952336
12.61,0.005376043159147864
12.620000000000001,0.005976365417183655
12.63,-0.0019143714617387026
12.64,0.00022486356845211573
12.65,-0.006636395269312985
12.66,-0.003043516842649541
12.67,-0.007996828737301818
12.68,0.005336486376859689
12.69,0.0064109913113498725
12.700000000000001,0.009175772009325336
12.71,-0.002542631096828187
12.72,0.007241311102169952
12.73,0.005883964360551755
12.74,-0.007451954379823786
12.75,0.006145481946052805
12.76,-0.002786540559180841
12.77,-0.007225945262524078
12.780000000000001,-0.006628346214562493
12.790000000000001,0.0020901173547782457
12.8,0.003834143486192416
12.81,-0.00923417022540139
12.82,0.00971445891005753
12.83,0.00647058113279122
12.84,0.0031598033956301494
12.85,0.0020309426953194105
12.86,0.0033807541359383974
12.870000000000001,-0.00879875687655183
12.88,-0.005751734784568661
12.89,-0.006804151142407768
12.9,-0.008491613443555987
12.91,0.002481195772845562
12.92,0.008344788130393263
12.93,-0.00474305331381725
12.94,-0.008202454928924399
12.950000000000001,-0.0032381412254656825
12.96,0.004316197530218304
12.97,-0.007907766302322084
12.98,-0.0012453171266123622
12.99,-0.008669045302217616
13.0,0.00913012166456049
13.01,-0.009326892114757367
13.02,-0.006449944467012598
13.030000000000001,0.006349025740131848
13.040000000000001,0.009526868425040627
13.05,-0.0016815019167533158
13.06,-0.00022415563392803352
13.07,-0.003653513838244824
13.08,0.0034067183320945268
13.09,0.0018416762456374362
13.1,0.0036990616383671005
13.11,0.0016798100881201955
13.120000000000001,-0.008795645108489784
13.13,-0.0024861419157012786
13.14,-0.00955671524344137
13.15,0.0021440602295311525
13.16,0.008979851972769256
13.17,-0.006152411007613128
13.18,-0.00728428691417351
13.19,-0.0033368538556896718
13.200000000000001,0.0008665692347968497
13.21,0.0002753301954812361
13.22,0.0021664181062817887
13.23,-0.00019094666532669911
13.24,-0.0072243812806508535
13.25,0.0027293493384412774
13.26,0.00010845856081739304
13.27,0.003924010408764113
13.280000000000001,0.008371535882566875
13.290000000000001,0.0007039052890103099
13.3,0.0034474089116245162
13.31,0.0025167693282133734
13.32,0.00820369792268088
13.33,0.0058089144617388105
13.34,0.007489353530848291
13.35,0.003085213991115934
13.36,-0.004576203313842955
13.370000000000001,0.0008487425067880278
13.38,-0.003855991736828257
13.39,-0.005525434267368048
13.4,-0.006935189164977049
13.41,-0.005224580390743408
13.42,-0.007014859460199965
13.43,-0.0031474839857938445
13.44,-0.000538614056199949
13.450000000000001,0.003251630471291742
13.46,-0.009528802122140382
13.47,0.0017551674464767082
13.48,0.0022668050622977765
13.49,0.005371440909850939
13.5,-0.004968364049836329
13.51,0.007861323087631595
13.52,-0.0018355497622052734
13.530000000000001,0.0024274589129812014
13.540000000000001,-0.005629982469104693
13.55,-0.001996411486650791
13.56,-0.0035456774782738724
13.57,0.008800165264551902
13.58,0.0040493191333109135
13.59,-0.0019215284787856782
13.6,-0.004451516239384452
13.61,0.001231578095800689
13.620000000000001,0.006802501188446964
13.63,-0.004181596805945233
13.64,-0.009763962362648293
13.65,-0.00021656307522877928
13.66,0.003955215262853782
13.67,-0.006946909126003492
13.68,-0.0019676144698759033
13.69,-0.0018669058605699698
13.700000000000001,-0.005270074969749743
13.71,-0.0018329857280566346
13.72,-0.009971177225544454
13.73,-0.0004909532456233781
13.74,0.002523146235450113
13.75,-0.005018893788938978
13.76,-0.006554142694547132
13.77,-0.005004976995285226
13.780000000000001,0.0013705615087974184
13.790000000000001,0.0037824193378740018
13.8,0.00577571359215351
13.81,0.0029845573187675875
13.82,-0.005216249620296518
13.83,0.00621968006265994
13.84,-0.004388462691331929
13.85,0.005076419048559459
13.86,-0.005865337806395929
13.870000000000001,0.0055571330245990525
13.88,0.0048910684538615665
13.89,0.008820488381155048
13.9,-0.003072932886692914
13.91,0.00438487453047859
13.92,0.0087022114668485
13.93,-0.006788897019367226
13.94,-0.008612567984008257
13.950000000000001,0.003549687131162908
13.96,-0.0014031648890773796
13.97,0.00029793376042566537
13.98,-0.007487164979102325
13.99,-0.008715171905827289
14.0,-0.0080957623291525
14.01,0.008922924860406111
14.02,0.004704583319167699
14.030000000000001,-0.000777223597046392
14.040000000000001,-0.009063213589663001
14.05,-0.006809159685262221
14.06,-0.0016282506150904538
14.07,-0.0043801655588448195
14.08,0.003533856015173885
14.09,0.006978713939192771
14.1,-0.009213345339734598
14.11,-0.002250685425960133
14.120000000000001,-0.005370486709807172
14.13,0.009163957178451724
14.14,-0.00686221369176228
14.15,0.005393008456752842
14.16,0.007649972320598683
14.17,-0.003102721813981386
14.18,0.004250590213845044
14.19,-0.0025184119890917797
14.200000000000001,-0.007352827539455327
14.21,0.009566180660133013
14.22,0.003432827483634141
14.23,-0.009243505137500423
14.24,-0.009865139765772314
14.25,0.008206683645737378
14.26,0.004003309856915594
14.27,0.0052250177665293385
14.280000000000001,-0.008560161689191569
14.290000000000001,0.0035285075187751706
14.3,0.006471466030725232
14.31,-0.008789132689106135
14.32,-0.008754315931024065
14.33,0.0062890476080629445
14.34,0.004352580668173799
14.35,0.0029971678373937553
14.36,-0.0016041489682147789
14.370000000000001,-0.00794861532359125
14.38,-0.0051364934623692095
14.39,-0.009170363740098053
14.4,-0.001932998940199276
14.41,1.7153939171210206e-05
14.42,-0.003849329914470267
14.43,0.0023974451717011045
14.44,0.0009529855001152235
14.450000000000001,-0.007359440932772667
14.46,-0.00844424618572574
14.47,-0.005819419276195173
14.48,0.0007494767695626278
14.49,0.007152009556574248
14.5,-0.004548823374275626
14.51,-0.004898969038557803
14.52,-0.001080803357383078
14.530000000000001,-0.002370187159370025
14.540000000000001,-0.009648621313699835
14.55,0.0018383190353144958
14.56,-0.004579263975079551
14.57,0.0006599644615576557
14.58,0.008605373318412162
14.59,0.002537932391574172
14.6,0.009965866966698938
14.61,-0.009864641007171803
14.620000000000001,-0.00714584542024415
14.63,-0.006704270261578089
14.64,0.005315262812242424
14.65,0.00838192884597898
14.66,-0.0053321781309898335
14.67,0.004565067646347645
14.68,0.009892490693661172
14.69,-0.0018814684822046762
14.700000000000001,-0.008859082090202917
14.71,0.0025893931336348833
14.72,0.004918989291034712
14.73,-0.007308358528432373
14.74,0.009542940777735187
14.75,0.0031512543454201465
14.76,0.0092654944095209
14.77,-0.00722094147635121
14.780000000000001,0.00616249784666645
14.790000000000001,-0.009985324675789749
14.8,0.00022025003275339718
14.81,-0.009130989391543727
14.82,0.0032355345339284414
14.83,0.0028388779905317626
14.84,0.005759395299263637
14.85,-0.001472074044997898
14.86,0.0020214954420641335
14.870000000000001,0.004223730227189313
14.88,-0.0054913454911331835
14.89,0.0049284087426227745
14.9,0.0021515468142045465
14.91,-0.007160117405984658
14.92,-0.006998946534513355
14.93,0.0024159086236623002
14.94,0.004761535704549369
14.950000000000001,0.006385131126803783
14.96,-0.004152381413733624
14.97,-0.00399909142827765
14.98,0.004991279959365928
14.99,-0.0059361673848676725
15.0,0.007890573478394869
15.01,0.0075343221331907375
15.02,0.00299393079239642
15.030000000000001,-0.002049156693377385
15.040000000000001,0.006454906910686236
15.05,0.0033527516044641464
15.06,-0.002884295763679403
15.07,0.006074777310483561
15.08,0.006703080955652406
15.09,0.004688785379165403
15.1,-0.008996467745894797
15.11,-0.0001781727740911461
15.120000000000001,0.007741388679972242
15.13,-0.002772384493469977
15.14,0.008322947340883092
15.15,-0.0015227246363551574
15.16,0.0013053732306388486
15.17,0.007451456479457557
15.18,-0.0029020125294209323
15.19,0.004805693533291662
15.200000000000001,0.0022198563150324802
15.21,-0.0019587063336191455
15.22,-0.00819778805803629
15.23,-0.00598612122959358
15.24,-0.003029940894516623
15.25,0.009727829565621652
15.26,0.004999053434273893
15.27,0.006204572840933573
15.280000000000001,-0.009842227448712468
15.290000000000001,-0.005143086508974475
15.3,0.0009400209922273833
15.31,-0.005726472335747568
15.32,-0.0021327762149436977
15.33,-0.0039284063621413765
15.34,0.0058040817788812486
15.35,-0.00650873771627546
15.36,-0.0036847325179039884
15.370000000000001,-0.0083102383840711
15.38,-0.0011622167753730529
15.39,0.0066183257238664975
15.4,-0.004117466072647762
15.41,0.0001946523934314246
15.42,-0.0007265735703884373
15.43,-0.005812311311764475
15.44,0.001310988900217613
15.450000000000001,-0.0012866023231214371
15.46,0.008406543593815085
15.47,-0.004425224118766997
15.48,0.004745145808992183
15.49,0.0031706126985620083
15.5,-0.008048434552529116
15.51,0.007173404182976821
15.52,0.008044356635397968
15.530000000000001,-0.0047718513191613
15.540000000000001,0.0009735078187534593
15.55,0.007538369564327825
15.56,0.0014683885151831905
15.57,0.005213481050376676
15.58,-0.009799239100879618
15.59,-0.00329558227874077
15.6,-0.00518764427936323
15.610000000000001,0.0031884401283354923
15.620000000000001,0.005836299857707209
15.63,0.006514105113027144
15.64,0.008921262473793863
15.65,-0.007697404203661145
15.66,-0.0005425782945112072
15.67,-0.00369739334533119
15.68,-0.003971326950929006
15.69,-0.00702107732489353
15.700000000000001,-0.0038296456014913164
15.71,-0.006411995364614674
15.72,0.004939679583434284
15.73,0.008236973978529892
15.74,0.004238511979591431
15.75,-0.006795179566849236
15.76,-0.00856599117907666
15.77,0.00012671940016628462
15.780000000000001,0.007699317516855235
15.790000000000001,0.008057342134550024
15.8,-0.0025549321401956895
15.81,-0.004443228665355003
15.82,-0.005267452635219783
15.83,0.007553460209355977
15.84,-0.0003344059912410869
15.85,-0.006630341373083198
15.860000000000001,0.008684836629714107
15.870000000000001,-0.009289245780757347
15.88,-0.002194134759623565
15.89,-0.002953571481823578
15.9,-0.0010194207801472784
15.91,0.009538536599094432
15.92,-5.7082186432416346e-05
15.93,-0.003374072022695034
15.94,0.00773957287936561
15.950000000000001,-0.005269499754335094
15.96,-0.005083367321433035
15.97,0.00918237993750305
15.98,-0.006196573643330179
15.99,-0.009372303478988962
16.0,-0.0017730854383270333
16.01,0.008494574654104052
16.02,0.004046145314204335
16.03,0.00014156011452855395
16.04,-0.003606364952657699
16.05,0.003176190018883607
16.06,-0.005662205277134227
16.07,-0.0027383414090294033
16.080000000000002,0.00470931044354702
16.09,0.008049130504520623
16.1,0.006458143342728822
16.11,0.007151372599561371
16.12,0.001497615572154904
16.13,-0.0062439118951763085
16.14,0.005801795146043282
16.15,-0.009327827575161037
16.16,-0.004175526808012331
16.17,0.0007511994309395038
16.18,-0.007940665810503162
16.19,-0.0023457588084169556
16.2,0.004808096527286207
16.21,0.0035769539478728123
16.22,0.0060725276275239975
16.23,-0.0019645275883841892
16.240000000000002,-0.005540474398312913
16.25,0.002459089152092071
16.26,0.009677314475551825
16.27,-0.002118783059741603
16.28,-0.0012367189081372264
16.29,0.0015043779802190824
16.3,0.0004165297518155184
16.31,0.00797007521130919
16.32,-0.0042712470986340035
16.330000000000002,-0.008712227571993074
16.34,0.004871472219790335
16.35,0.004472699036854433
16.36,-0.006644223469162077
16.37,0.0035002868430009104
16.38,-0.006885486746745966
16.39,-0.0023397322140243414
16.4,-0.007440923988061518
16.41,0.005970180086911749
16.42,-0.0030935928009652594
16.43,0.0016849208569411234
16.44,0.0094764690115041
16.45,0.00587355504915899
16.46,0.004540560793687913
16.47,-0.0012690989198431354
16.48,-0.0086748909523172
16.490000000000002,0.00983253009646068
16.5,0.003615165126367347
16.51,-0.007955776194919993
16.52,0.0016775947309446253
16.53,0.0023586292119871528
16.54,0.0010593863798383056
16.55,0.0039598289101784485
16.56,0.005178515078407173
16.57,0.008471851764297341
16.580000000000002,-0.0005885411789825993
16.59,-0.0008475368948133565
16.6,0.001580498933699508
16.61,0.00704569735049569
16.62,-0.002848230698703696
16.63,0.008877155831844756
16.64,0.0017349214413812045
16.65,0.007230764094910783
16.66,0.006089353867607764
16.67,0.009584363656172738
16.68,-0.002784208324133548
16.69,-0.000652225690187868
16.7,0.0016742316652802475
16.71,-0.005802126788013458
16.72,0.0033850619817092746
16.73,-0.008616946148335667
16.740000000000002,-0.00991225113030892
16.75,-0.0021719515548380454
16.76,-0.004011257686346426
16.77,-0.004471372394901949
16.78,0.004674816367497933
16.79,-0.006214017051591565
16.8,0.006460076555214319
16.81,-0.0017701316404665716
16.82,0.003435681297294855
16.830000000000002,0.007934393853711702
16.84,-0.005713656991238927
16.85,0.009972154285188507
16.86,-0.002186216779951646
16.87,0.0020942903762126083
16.88,-0.004808165958475112
16.89,0.0035504073766092596
16.9,0.0011581538822779923
16.91,-0.005420979676335842
16.92,-0.007434820630060437
16.93,0.0066937466482335315
16.94,0.0017556952519365773
16.95,0.0014704497195565033
16.96,0.006260014415249858
16.97,-0.0023562758867987556
16.98,0.008674485330340145
16.990000000000002,-0.00802907943426324
17.0,-0.009198560781872395
17.01,0.003788785922400395
17.02,-0.00980799979895193
17.03,-0.009757986929657245
17.04,-0.008430503512352545
17.05,0.007383580921257743
17.06,-0.0013539942534342812
17.07,-0.0026918437104473973
17.080000000000002,-0.0053672945958400265
17.09,-0.0005045334336595715
17.1,-0.0019595056294391105
17.11,0.008613706595633529
17.12,-0.0045009946634625006
17.13,0.004796337720925699
17.14,-0.0018294428104797152
17.150000000000002,0.00440009651675584
17.16,-0.00045554802826969915
17.17,0.0034449500296707333
17.18,-0.0020338449658961946
17.19,-0.008370919466279266
17.2,-0.009540072795329462
17.21,0.00652892237481585
17.22,0.007368521888020061
17.23,0.008750219720835539
17.240000000000002,-0.00463344108171255
17.25,0.006497436406612241
17.26,0.007833098253156688
17.27,0.0027364979772384144
17.28,0.006467583328435616
17.29,0.0033431679199030836
17.3,-0.004431158549927712
17.31,0.004684551970395917
17.32,0.003952565052215891
17.330000000000002,0.004026808826426113
17.34,0.006383735355227285
17.35,-0.002007464240640045
17.36,-0.0075841250656273115
17.37,-0.0047628460111347045
17.38,-0.005816757859102964
17.39,0.0069605778838105845
17.400000000000002,-0.006762499430016333
17.41,0.00109763405769887
17.42,-0.00043556771387704384
17.43,-0.006194176493989277
17.44,0.005381708111056404
17.45,0.007871086067032988
17.46,-0.0010003251989537526
17.47,-0.005043845294927007
17.48,0.006411756625741659
17.490000000000002,-0.006716255914715823
17.5,0.0038407545275475144
17.51,0.007498487827859149
17.52,-0.0006422890913532382
17.53,0.0077776399718174506
17.54,-0.005248332624019763
17.55,-0.00125972129169428
17.56,-0.0006493990422340862
17.57,-0.005071789732695746
17.580000000000002,0.009432718202631722
17.59,0.007044043732320754
17.6,0.0037371448936971818
17.61,0.008422771748015428
17.62,-0.006932741790589212
17.63,0.006762884656868607
17.64,-0.002995215145894601
17.650000000000002,-0.004504550878958302
17.66,-0.005759088165893638
17.67,-0.005887469461476338
17.68,-0.008564367350843372
17.69,-0.003114699612400569
17.7,0.00044718682163007693
17.71,-0.009918613711318677
17.72,0.006412846548227312
17.73,0.0036851727526746175
17.740000000000002,-0.0013747432152353273
17.75,-0.0015448033267065498
17.76,-0.0015482564173228946
17.77,-0.0019898146318969336
17.78,-0.009867146937100047
17.79,-0.005298105953233441
17.8,0.005541947600846142
17.81,0.005495074648217788
17.82,-0.008546864382935162
17.830000000000002,0.003776948496091049
17.84,-0.0060379986939837925
17.85,-0.00572911474905142
17.86,0.007470403188614591
17.87,-0.004989591716895359
17.88,0.007784206065722865
17.89,0.0035993534089828697
17.900000000000002,-0.0026314989959250173
17.91,0.008614150560976691
17.92,-0.004879150659912341
17.93,-0.001813542990698875
17.94,-0.00157942720647785
17.95,-0.0017070303904693617
17.96,0.002005153903105095
17.97,-0.0007381894425383447
17.98,-0.007723242788822291
17.990000000000002,0.004678850827663766
18.0,0.002765057803823334
18.01,-0.0077144198655893555
18.02,-0.00912942420260045
18.03,0.005176095282012589
18.04,-0.007836804594372413
18.05,-0.006410548767050859
18.06,0.005405081202398692
18.07,0.0021638039248534097
18.080000000000002,-0.0005555903220510298
18.09,0.009590566704127132
18.1,-0.0077007155042288795
18.11,0.008066324229238942
18.12,-0.008155861126970709
18.13,0.008042214948906607
18.14,-0.00024422661189434786
18.150000000000002,-0.009900065496318822
18.16,-0.0027581324516078067
18.17,0.005876347085004478
18.18,-3.452122929511678e-05
18.19,-0.006460587234554291
18.2,0.00020506678825321818
18.21,0.008587745187877147
18.22,0.006069809589213408
18.23,0.008893045473144
18.240000000000002,0.00012621759397516558
18.25,0.00454456729217672
18.26,-0.008972054013126427
18.27,0.002474649921098809
18.28,0.0011568023227053192
18.29,0.0021098758740270163
18.3,-0.004571052755852638
18.31,0.003100989996651546
18.32,0.005656474672244909
18.330000000000002,2.5959989104840445e-05
18.34,0.004300212826124519
18.35,0.008898086579725266
18.36,-0.003893275900516453
18.37,-0.009309810826847145
18.38,0.003217316938994236
18.39,-0.005008151596977162
18.400000000000002,-0.0012638646059172903
18.41,0.008132190547168164
18.42,0.005048778652430639
18.43,0.002032219873499934
18.44,0.004443911228068311
18.45,-0.005103908500690289
18.46,-0.0009570530679095315
18.47,-0.009685972154457004
18.48,0.007148261571237961
18.490000000000002,-0.005274674613197388
18.5,0.003257657643382827
18.51,-0.009796279609049085
18.52,-0.00923920140199613
18.53,0.006888499805600067
18.54,-0.0009276008924948894
18.55,-0.0008431835644413764
18.56,0.0063836848080696795
18.57,0.006449024731155035
18.580000000000002,-0.0020471332092349744
18.59,-0.007901897391324804
18.6,0.004415600512333598
18.61,0.0028363856058555865
18.62,-0.0036538037810015635
18.63,-0.008164214423731369
18.64,-0.007194042258104743
18.650000000000002,-0.008758256533109745
18.66,-0.005638590280793925
18.67,0.001406628632598909
18.68,-0.005769978320586
18.69,0.0016634671733294897
18.7,0.0049238638667141385
18.71,0.006215689826667337
18.72,0.000596133187351822
18.73,0.006523153236760797
18.740000000000002,0.006080795756751503
18.75,-0.007717850301323451
18.76,-0.004379259307622634
18.77,0.008468346835285577
18.78,0.0023480146379488403
18.79,-0.0071956160699955495
18.8,0.005144579756369148
18.81,-0.008296244271681984
18.82,0.005213018351094199
18.830000000000002,0.00907907645298254
18.84,0.001643328579486722
18.85,-0.009809678231668086
18.86,-0.00770258964010198
18.87,0.009565364304227912
18.88,-0.005670825191743665
18.89,-0.002741406998869533
18.900000000000002,0.0013792437302767475
18.91,0.0004267967747764879
18.92,0.002150933138616284
18.93,-0.0004169726681409573
18.94,0.007840210607062961
18.95,0.006012443265974611
18.96,-0.005208692682080087
18.97,-0.0015381067184473667
18.98,0.00479608433768417
18.990000000000002,-0.007991857451791526
19.0,-0.001972296819551451
19.01,0.004430434050091379
19.02,0.0049642743332234465
19.03,0.004615539065133791
19.04,0.003781603645783893
19.05,-0.008568085629287119
19.06,-0.005815275264085826
19.07,0.009692981722551694
19.080000000000002,-0.0050034057797768506
19.09,-0.007101067243268748
19.1,0.008602494060588573
19.11,0.005886283939003855
19.12,0.003280036126962007
19.13,0.0008958955160307137
19.14,0.005084472372020216
19.150000000000002,0.0014961040321380924
19.16,0.00205025125178436
19.17,-0.008935956471024027
19.18,0.005167733746927701
19.19,8.825168186117095e-05
19.2,0.007617459969957307
19.21,0.005868162752337565
19.22,-0.005839946752490295
19.23,-0.00801372926994165
19.240000000000002,-0.0005438207051495295
19.25,-0.0008260212792408073
19.26,-0.003936824871160182
19.27,0.007503642623820627
19.28,0.008289205841891035
19.29,-0.007541143073030434
19.3,0.005823495109594278
19.31,-0.002646816973178057
19.32,-0.005024782770567431
19.330000000000002,-0.0015737288505808331
19.34,0.006568887766274506
19.35,0.00853531709232702
19.36,0.0012383403154064831
19.37,-0.00895686857125228
19.38,0.004972630954391211
19.39,0.00336977685620588
19.400000000000002,-0.007512396336140764
19.41,0.003893672252901839
19.42,0.002468441196280131
19.43,0.006297703363035619
19.44,-0.006858267138420633
19.45,-0.0027429949945790913
19.46,0.006388962979728437
19.47,-0.006757174097225589
19.48,-0.007500158582560601
19.490000000000002,-0.008868541029218033
19.5,0.007464511418352483
19.51,0.0067287439474794115
19.52,0.0032299433459671654
19.53,0.00014549046673933107
19.54,-0.0015610766349290796
19.55,0.009098515548944445
19.56,-0.005527206648020012
19.57,0.009705908305892281
19.580000000000002,-0.009981610501696374
19.59,-0.008653079620537813
19.6,-0.001140914368893596
19.61,-0.009494406864144204
19.62,-0.0001641383018276439
19.63,0.0026104093980773915
19.64,-0.005224147502615617
19.650000000000002,-0.006924641695055245
19.66,-0.0032118683645073398
19.67,-0.006512177262337822
19.68,0.005740378545392463
19.69,0.0017939798760680421
19.7,-0.0017670679137474152
19.71,-0.0023628182781449446
19.72,-0.003565485376313575
19.73,-0.005428050152307895
19.740000000000002,0.0014618269866038137
19.75,0.0032378392347947905
19.76,-0.009009045129396138
19.77,0.004023366122967539
19.78,0.009808517128965239
19.79,-0.008549973594551214
19.8,0.0031650050624975994
19.81,-0.0023348472122707766
19.82,-0.005239151376215332
19.830000000000002,-0.001965831722802503
19.84,0.007440125137436507
19.85,0.00634038102820164
19.86,0.0073546969478319405
19.87,-0.00840674829369975
19.88,0.007530789305604692
19.89,-0.004387353175450534
19.900000000000002,-0.005069049657567737
19.91,-0.0005688801512545565
19.92,-0.0068503413709934
19.93,0.008886161647310169
19.94,0.008675748207445723
19.95,-0.005568674913527647
19.96,0.0006198599149725287
19.97,0.006111744827108927
19.98,-0.0019045422938646812
19.990000000000002,0.00015886545127697868
20.0,0.007029337094761624
20.01,0.0024919224699477514
20.02,-0.00523073356816814
20.03,-0.008663063966281963
20.04,0.0074062424908568885
20.05,-0.008725791649657338
20.06,0.0010767786544568086
20.07,0.00847266089234775
20.080000000000002,-0.009848587150013756
20.09,-0.0014683732841520043
20.1,0.0019753166292710445
20.11,0.006181184863881721
20.12,-0.007482767531099556
20.13,-0.0002063570177296952
20.14,-0.004945207976078779
20.150000000000002,-0.0014334140482887576
20.16,-0.0022977758562980743
20.17,0.0027937837828768703
20.18,0.0020191021652054934
20.19,0.004642670953140535
20.2,-0.0035578269618545154
20.21,0.0013698233840439902
20.22,0.0031110452876012065
20.23,0.005122176501533175
20.240000000000002,-0.008236490915072135
20.25,0.001893136991228785
20.26,-0.006948539474393682
20.27,0.003191743967198563
20.28,-0.0011987888403485174
20.29,0.0031911149758027217
20.3,0.009665615522736934
20.31,0.005202875271452885
20.32,-0.009706167947916336
20.330000000000002,0.002145521203649218
20.34,0.0055225771272341875
20.35,0.001543252467965663
20.36,0.0028852248004661643
20.37,0.007542116260968823
20.38,0.006974827492522677
20.39,-0.005788547462192593
20.400000000000002,-0.00521132163058738
20.41,0.005249266198540197
20.42,0.0015928369469282704
20.43,-0.00977724252403921
20.44,-0.005863953204858378
20.45,0.004297232732429872
20.46,0.0032450082189674073
20.47,-0.008214572624482512
20.48,0.0014951046634577563
20.490000000000002,0.0060061767748404386
20.5,-0.004495238136323052
20.51,-0.002338519947527833
20.52,0.003150294632625783
20.53,0.008712547721800667
20.54,-0.008808067655949652
20.55,0.005212597560389576
20.56,0.0015224006972028251
20.57,0.002708313734223953
20.580000000000002,-0.006660259928005292
20.59,7.127546558229753e-05
20.6,-0.006484057811654082
20.61,0.008293839779448321
20.62,0.006768948387116667
20.63,-0.007116254230694821
20.64,0.0014394358833095602
20.650000000000002,0.004650936018085973
20.66,0.0006489006371783439
20.67,-0.008647947531948821
20.68,0.005523967414451377
20.69,-0.005746118456794774
20.7,-0.00650743549111788
20.71,-0.003606453670638308
20.72,0.0021390110330029785
20.73,-0.009109212934624187
20.740000000000002,0.001582713083799512
20.75,0.006097011435713588
20.76,-0.008054147340690095
20.77,0.009084065345372287
20.78,-0.0005857098217324011
20.79,-0.007342894755661179
20.8,-0.007888508887174817
20.81,-0.009011014488377343
20.82,-0.0040841653447513185
20.830000000000002,0.0016514612990978575
20.84,-7.318841719297295e-05
20.85,-0.0067930676875443945
20.86,0.005221773040929028
20.87,-0.009855667837082605
20.88,-0.009343161037619988
20.89,-0.002778218007194913
20.900000000000002,0.009054358477014272
20.91,0.008597525351972798
20.92,0.00496999239441767
20.93,0.007422091225244164
20.94,0.008764755175652133
20.95,-0.007472356974308892
20.96,-0.0018771815519437896
20.97,0.007924297036870162
20.98,0.001477981346771953
20.990000000000002,-0.009097031543031424
21.0,-0.006121461445078378
21.01,0.005517590756382631
21.02,-0.009229991646895738
21.03,0.00865595326328924
21.04,-0.005213080050361532
21.05,-0.008553523287168019
21.06,0.0050544914699315584
21.07,-0.0017966786167651731
21.080000000000002,0.008954668909416793
21.09,0.0035492986526370635
21.1,-0.009547958826913257
21.11,-0.007161080109004965
21.12,0.00714991939868242
21.13,0.004760214230051645
21.14,-0.0022922268708100617
21.150000000000002,-0.0003579855738842022
21.16,-0.0033926518465677447
21.17,-0.006926090475905957
21.18,-0.004332851072134365
21.19,-0.0004192854323293062
21.2,-0.005261584781988036
21.21,-0.0053560793669381315
21.22,-0.003566532358421382
21.23,0.001764429356346917
21.240000000000002,-0.0012097276361086977
21.25,-0.00020832629517945206
21.26,0.009981294925955812
21.27,0.005776764839554223
21.28,-0.0026223698616978774
21.29,-0.009425370518547208
21.3,-0.004489296858523362
21.31,0.0025718562181467394
21.32,0.003143599227857251
21.330000000000002,0.007847409212466955
21.34,-0.009766136384077284
21.35,-0.002373979839982141
21.36,-0.007307824992415244
21.37,-0.005583518319098113
21.38,-0.00858664905258042
21.39,0.009598807325779135
21.400000000000002,0.0013480668138488028
21.41,-4.6765996569338164e-05
21.42,-0.007465101632102235
21.43,0.007559154918244543
21.44,0.007564430459200884
21.45,-0.001652724103197058
21.46,0.0028685237614809317
21.47,0.007900742998538523
21.48,0.009731370481097656
21.490000000000002,-0.014822065806811897
21.5,-0.024145884355433047
21.51,-0.027203826824118288
21.52,-0.0315546790068814
21.53,-0.05025039210612392
21.54,-0.06516858466105857
21.55,-0.06243003138525557
21.56,-0.07916879802386687
21.57,-0.08891482463464914
21.580000000000002,-0.09799254545032043
21.59,-0.10032013247691424
21.6,-0.09769649541260583
21.61,-0.10222253924554936
21.62,-0.09630778961045841
21.63,-0.09528710163166934
21.64,-0.10466598093764609
21.650000000000002,-0.09091527098035607
21.66,-0.0972824714761402
21.67,-0.10306098908569601
21.68,-0.10761775020318409
21.69,-0.09648105241219306
21.7,-0.09215093904335155
21.71,-0.10779887024301398
21.72,-0.10431844336257687
21.73,-0.10740889666597069
21.740000000000002,-0.09992668090277174
21.75,-0.10007376077984496
21.76,-0.09924178463568255
21.77,-0.09114600573633212
21.78,-0.09476597963493327
21.79,-0.10618936152616729
21.8,-0.10570712202470536
21.81,-0.10942740739983067
21.82,-0.09786084073794121
21.830000000000002,-0.09279380594853034
21.84,-0.10836384952985241
21.85,-0.10971684331808532
21.86,-0.10158017831194738
21.87,-0.09141578230622194
21.88,-0.09915609027930637
21.89,-0.09724440204275701
21.900000000000002,-0.1073107507063052
21.91,-0.09456458172744235
21.92,-0.09056069277491885
21.93,-0.09019844636968677
21.94,-0.09611171820946389
21.95,-0.1000185601867597
21.96,-0.09225151371763785
21.97,-0.10949970436414332
21.98,-0.09457341055183857
21.990000000000002,-0.09976025503361936
22.0,-0.09617516280920968
22.01,-0.10580789105130184
22.02,-0.10149980988994266
22.03,-0.09775333345702902
22.04,-0.09731589355320024
22.05,-0.0976097141520109
22.06,-0.10302271427416387
22.07,-0.09078878248273299
22.080000000000002,-0.09978486099400222
22.09,-0.09158951156036876
22.1,-0.10618370563622355
22.11,-0.09178600929659003
22.12,-0.10914078373756808
22.13,-0.09719607005218067
22.14,-0.10890392301924956
22.150000000000002,-0.0969447113338866
22.16,-0.09010368078867026
22.17,-0.09070340536733362
22.18,-0.10428272430877183
22.19,-0.10570346112882623
22.2,-0.10658463534375133
22.21,-0.0970176241078052
22.22,-0.10110332256326654
22.23,-0.09990408555598776
22.240000000000002,-0.10387409852438212
22.25,-0.09397490948595622
22.26,-0.10459944585405043
22.27,-0.10736216590461156
22.28,-0.09763146051622194
22.29,-0.10296173352177834
22.3,-0.09782960060214249
22.31,-0.09908605392161975
22.32,-0.09910042913105324
22.330000000000002,-0.09127556736610136
22.34,-0.1017222856358961
22.35,-0.1004550472045885
22.36,-0.09982508538413204
22.37,-0.09440547709626118
22.38,-0.10218624894592312
22.39,-0.09993301621240962
22.400000000000002,-0.09038450910781365
22.41,-0.09147319353655717
22.42,-0.09560920277597666
22.43,-0.09341566766080697
22.44,-0.10377711236825439
22.45,-0.10021572824519545
22.46,-0.09018654096633434
22.47,-0.09968561829270023
22.48,-0.09740834156887875
22.490000000000002,-0.10270598478466483
22.5,-0.09172339860929615
22.51,-0.10644635529034975
22.52,-0.09919317524919832
22.53,-0.10323135457849576
22.54,-0.091365383153614
22.55,-0.10475411479265358
22.56,-0.10386034399819692
22.57,-0.10780776547250644
22.580000000000002,-0.10222299978406006
22.59,-0.0908819857245145
22.6,-0.10221736351617061
22.61,-0.09106061862285438
22.62,-0.09549713294975612
22.63,-0.10176754648963135
22.64,-0.09330733291311535
22.650000000000002,-0.10430518061276468
22.66,-0.10814304808980599
22.67,-0.09582612370201417
22.68,-0.1093712101222985
22.69,-0.09015370687758875
22.7,-0.10890037740372176
22.71,-0.10632591608441899
22.72,-0.09977039275698661
22.73,-0.10103223587652453
22.740000000000002,-0.10701537589972968
22.75,-0.10349248017511281
22.76,-0.09775920296036314
22.77,-0.09521302415905943
22.78,-0.1092723555645701
22.79,-0.09723235334762236
22.8,-0.10761099635202369
22.81,-0.10725366369102322
22.82,-0.1010409143131708
22.830000000000002,-0.103092719734638
22.84,-0.1007402849861214
22.85,-0.09057765518018407
22.86,-0.10552428383312937
22.87,-0.10763459927797848
22.88,-0.09790909926530428
22.89,-0.09456748108993518
22.900000000000002,-0.09114597857296214
22.91,-0.10020714613710553
22.92,-0.09620107958519783
22.93,-0.09285765824560271
22.94,-0.09743584601573704
22.95,-0.0942429702311514
22.96,-0.09186514103640119
22.97,-0.10165221528060768
22.98,-0.10720607424328789
22.990000000000002,-0.10404919633909945
23.0,-0.09068722349179117
23.01,-0.09315896626509808
23.02,-0.09637832251779738
23.03,-0.09489658510986368
23.04,-0.09103720465579054
23.05,-0.09008208981653335
23.06,-0.0994059925877329
23.07,-0.1054219257609859
23.080000000000002,-0.10217388251403073
23.09,-0.09557198053422963
23.1,-0.09425226634076475
23.11,-0.0998020473662911
23.12,-0.10379195840350565
23.13,-0.09781778246779264
23.14,-0.1010708613285971
23.150000000000002,-0.10584650705553825
23.16,-0.10377423673915889
23.17,-0.09054778704682456
23.18,-0.10109690952875759
23.19,-0.09857044849697136
23.2,-0.10703737036563661
23.21,-0.09495896381880375
23.22,-0.09494266287174741
23.23,-0.09201202466229375
23.240000000000002,-0.09996434216858308
23.25,-0.09489805836976148
23.26,-0.10370146177489796
23.27,-0.10304709693839262
23.28,-0.09784553819130135
23.29,-0.1008910611119427
23.3,-0.09045683517946038
23.31,-0.10752211445590151
23.32,-0.10038790176500717
23.330000000000002,-0.10513698012349676
23.34,-0.09863929272228467
23.35,-0.10064762557428682
23.36,-0.10327756452263939
23.37,-0.09687446185068974
23.38,-0.09985293685125403
23.39,-0.08442279921696468
23.400000000000002,-0.07870375262731222
23.41,-0.07408490820881271
23.42,-0.05584187301144779
23.43,-0.05030850392768562
23.44,-0.03831442620864095
23.45,-0.04081608995084508
23.46,-0.03039924085968531
23.47,-0.013306267408798755
23.48,-0.0013737617997085037
23.490000000000002,-0.007300118701607461
23.5,-0.009131092069348461
23.51,-0.0003653621039408153
23.52,-0.0025957541777905085
23.53,-0.00479862025430542
23.54,-0.004991633351195768
23.55,-0.004910618920957075
23.56,-0.003909715346009162
23.57,-0.0011129135768435262
23.580000000000002,0.008304312402565827
23.59,-0.007763894872143412
23.6,0.0042850401153353805
23.61,-0.0005125587765067441
23.62,0.003273873604566253
23.63,0.0010612379639031461
23.64,-0.006753459034817744
23.650000000000002,0.009310765114776113
23.66,0.0016697383473147642
23.67,-0.00962460463040395
23.68,0.0056793561526756065
23.69,0.00573805859676667
23.7,0.00013229512031431856
23.71,-0.00879452920038088
23.72,0.006464673964103091
23.73,-0.0006801173820484858
23.740000000000002,0.007049315071942947
23.75,-0.001469664312981754
23.76,-0.0007859905693194599
23.77,-0.008021050612118974
23.78,-0.005424610226681365
23.79,0.00807875258395901
23.8,-0.003135105040176265
23.81,-0.004938493999646902
23.82,-0.0020229189408137293
23.830000000000002,-0.008393453034117773
23.84,0.008763484256300304
23.85,-0.009380915539239316
23.86,-0.003026193472357848
23.87,0.0012624444439317782
23.88,-0.0034920695310006874
23.89,0.00913269615843062
23.900000000000002,0.0017445419684262529
23.91,0.008099647964608584
23.92,0.009595863717012364
23.93,0.006342036221490934
23.94,0.006141438265957698
23.95,0.000679521839658746
23.96,-0.009823942647866304
23.97,0.004357472474424506
23.98,0.006227160183447161
23.990000000000002,0.005772727997966383
24.0,0.0014914074275683298
24.01,0.007201479044472653
24.02,0.009233372771330224
24.03,0.0021377338003049414
24.04,-0.004905735218738827
24.05,8.075811383186082e-06
24.060000000000002,0.003274004803257362
24.07,0.006063971246186796
24.080000000000002,0.0015464265837226952
24.09,0.008103810477380699
24.1,-0.0019000587631506465
24.11,0.0024988251528090064
24.12,-0.003989026246633925
24.13,0.008043263685367978
24.14,-0.00047994552191863056
24.150000000000002,0.0020154981628327257
24.16,0.005565977781612148
24.17,-0.00018492538295928826
24.18,0.0018996439649445439
24.19,9.162768499692935e-05
24.2,0.0038824977361006964
24.21,-0.002725613248535521
24.22,0.0005615193679461075
24.23,-0.008437678891600629
24.240000000000002,0.005333850110717485
24.25,0.008072887612083772
24.26,0.004729400730360947
24.27,-0.0036257028256988337
24.28,0.003102027929708616
24.29,0.0020544783718199604
24.3,-0.004542517872213026
24.310000000000002,0.0009355942562447005
24.32,-0.0015986359730804853
24.330000000000002,-0.002577672113532492
24.34,0.00851650438154807
24.35,0.00010111835072125139
24.36,-0.005729064989064856
24.37,0.0057216537050325065
24.38,-0.0063931647436333856
24.39,0.005683308066340513
24.400000000000002,-0.002510940123400738
24.41,-0.005168520778907615
24.42,0.009241084745699563
24.43,-0.003349829982840569
24.44,0.008505120009344174
24.45,-0.004386295198861927
24.46,0.008640513949996821
24.47,-0.0053743607640922945
24.48,0.002122303603986216
24.490000000000002,-0.002488279445179333
24.5,0.0006751806912098143
24.51,-0.0056113674489772095
24.52,0.005738202317438089
24.53,0.0015728191011244834
24.54,-0.003804253333828185
24.55,0.008228903738737204
24.560000000000002,-0.005207762719923019
24.57,0.00983239256851551
24.580000000000002,-0.0008696760772391593
24.59,0.0029172075058793868
24.6,-0.008793976139420286
24.61,0.0055552415194891
24.62,-0.0031301400098358648
24.63,0.009356106431653443
24.64,0.000768141024397288
24.650000000000002,-0.008968518703725907
24.66,-0.0009506187753514778
24.67,-0.001264874718172316
24.68,0.0013891032164391175
24.69,-0.003535656213703513
24.7,-0.009449859775954972
24.71,-0.005134467462269994
24.72,-0.007337418661152522
24.73,-0.007384959364960962
24.740000000000002,0.007884833087404708
24.75,-0.0028265989844098293
24.76,0.006190787030960208
24.77,-0.007221405520151309
24.78,-0.005242766344502665
24.79,-0.00039461794441112384
24.8,0.004979963819138591
24.810000000000002,-0.0033478052024767304
24.82,0.0065561187253341275
24.830000000000002,-0.00912880619318547
24.84,-0.007874434746908932
24.85,0.007599723334063993
24.86,0.002545035183781977
24.87,-0.005630711841074343
24.88,0.009481868628087585
24.89,0.008831173906471633
24.900000000000002,-0.009731269814900186
24.91,0.002446190977316442
24.92,0.006114149833398369
24.93,-0.006094593703155258
24.94,-0.006081346997575246
24.95,-0.0040010217992552
24.96,-0.004130172874212785
24.97,-0.008447172047063236
24.98,0.007189365529220794
24.990000000000002,0.0004641712316850507
25.0,-0.0013823575707957551
25.01,-0.007789919368982394
25.02,0.008490969173643467
25.03,0.0069633845063180305
25.04,-0.005496022292131815
25.05,-0.006662941450992188
25.060000000000002,-0.0030759780268578
25.07,-0.009461236005788664
25.080000000000002,-0.0019989646152028633
25.09,-0.0022329797765813144
25.1,-0.003059016534244752
25.11,0.0036137016117455834
25.12,-0.0044986824638128175
25.13,0.006735765972684901
25.14,0.004916609411814946
25.150000000000002,-0.003324398464280785
25.16,0.005892841043660153
25.17,-0.006475669044523369
25.18,-0.004743402815817643
25.19,-0.00769074685178508
25.2,0.002904022249566169
25.21,-0.003270493910779995
25.22,0.006920232111393395
25.23,0.001486684325808594
25.240000000000002,-0.0057653980018880354
25.25,0.005454999907811753
25.26,0.005402357053114848
25.27,0.006071367543714118
25.28,-0.0026614208778807154
25.29,0.008236219466449904
25.3,0.009392465779115124
25.310000000000002,0.004637887290473467
25.32,0.001095816362585031
25.330000000000002,0.004693770465692084
25.34,-0.004511652414420731
25.35,0.0035882253240563326
25.36,0.00909052288811442
25.37,0.007777359248654388
25.38,-0.009576335017776086
25.39,-0.003583900374702793
25.400000000000002,-0.0040994386427483185
25.41,-0.008300576781788716
25.42,-0.00938151135014114
25.43,-0.00041650173068513707
25.44,-0.008550773514326284
25.45,-0.0044234896658062505
25.46,0.00541165828500432
25.47,0.007393353223531253
25.48,0.009090030097467174
25.490000000000002,-0.002202010459625095
25.5,0.0014567835559453693
25.51,-0.003928997858731393
25.52,0.005169921834736571
25.53,0.009788863760210249
25.54,0.001752250291382101
25.55,-0.002385661987705277
25.560000000000002,-0.001604642573476452
25.57,0.004256325477011739
25.580000000000002,-0.0028759838384425666
25.59,0.007455107864341505
25.6,0.0045186142651252245
25.61,0.00690780939484959
25.62,0.0006834301230221381
25.63,-0.004792531971058722
25.64,0.00011177035533779106
25.650000000000002,0.004085499581869838
25.66,-0.007669084178054453
25.67,-0.006076938125471934
25.68,-0.0020920013954664925
25.69,-0.0067241888953389495
25.7,-0.006419787383737656
25.71,0.0021433574354298227
25.72,0.009856221679388889
25.73,-0.009393960627700256
25.740000000000002,0.0017350986607666923
25.75,0.004396908040817039
25.76,0.0034919698508305147
25.77,0.006255034840098922
25.78,-0.003062183281902682
25.79,-0.006015413806978089
25.8,0.005907441912953516
25.810000000000002,0.008007367533994407
25.82,0.009920868812594767
25.830000000000002,-0.0023466613174302478
25.84,0.006496181520792515
25.85,-0.0012643715346603475
25.86,-0.003255955684799976
25.87,-0.009289803291356275
25.88,-0.004544605037920653
25.89,0.0028407639343706846
25.900000000000002,-0.0008807667690812065
25.91,0.0027002707332588888
25.92,0.00332715183828222
25.93,-0.004145308300652066
25.94,0.0011738715418844747
25.95,-0.0037820378203835435
25.96,0.007298857232141359
25.97,0.0038824725164136892
25.98,0.009567730675218133
25.990000000000002,-0.0053406272179855495
26.0,-0.006424005849262833
26.01,0.00450608161357148
26.02,0.00384227709914646
26.03,0.007242208061505015
26.04,0.0015997768347243875
26.05,0.008742680361310718
26.060000000000002,0.0033932137165637102
26.07,0.0029199013356343926
26.080000000000002,-0.009879524644034408
26.09,-0.00611565254699745
26.1,-0.009836752388806401
26.11,0.0009891108340280893
26.12,0.0008873988968696993
26.13,-0.003660982924098919
26.14,0.0070547182731290296
26.150000000000002,0.00433209325007709
26.16,-0.009315972843352567
26.17,0.006200526226720239
26.18,-0.0053026736318021505
26.19,-0.0024984519669241888
26.2,0.00477375658400655
26.21,0.0019181900063813626
26.22,-0.004366240109630917
26.23,-0.009115260431379302
26.240000000000002,0.002865522875249977
26.25,0.009323902680146398
26.26,0.009188459649091296
26.27,0.004720960104665963
26.28,3.854340416889826e-05
26.29,-0.008153516361872268
26.3,-0.0016384008051355623
26.310000000000002,-0.00258362821641847
26.32,-0.004401829150609275
26.330000000000002,0.003779133695587158
26.34,-0.006778595844990143
26.35,9.698738425163202e-05
26.36,-0.006922666762371996
26.37,0.006950807909905382
26.38,-0.002395358891780666
26.39,0.0002122112892430257
26.400000000000002,0.0014100057489816204
26.41,-0.005500787026718193
26.42,-0.007050689719073197
26.43,0.009670309267345889
26.44,0.0006758402208435245
26.45,0.006600531976428329
26.46,-0.00902715487808339
26.47,0.007236574639557071
26.48,0.007008218660226514
26.490000000000002,0.007614881626601211
26.5,-0.009863092016819657
26.51,0.006549389921000766
26.52,-0.0010412971779875883
26.53,-0.004637231855351746
26.54,0.00589251111966114
26.55,-0.004737866239459665
26.560000000000002,0.004769458688323654
26.57,-0.006606714269728841
26.580000000000002,-0.003466257940725792
26.59,0.004356807561155265
26.6,0.0038901083649235755
26.61,0.0020230803989547894
26.62,-0.009893497377233431
26.63,-0.009404717252469788
26.64,-0.00765068148681382
26.650000000000002,-0.008243637191386355
26.66,-0.00025701097915259256
26.67,0.005898495898533694
26.68,0.006802795190642414
26.69,-0.0042264180532241395
26.7,0.006908930530205934
26.71,-0.00676135586505044
26.72,-0.002026073590886685
26.73,-0.0020687841364373048
26.740000000000002,-0.002326807346195634
26.75,-0.005195595508935596
26.76,-0.0024443158592975436
26.77,0.009932790042107885
26.78,0.004915216796023383
26.79,-0.0023717105150797505
26.8,0.001307873999503559
26.810000000000002,-0.009908343406123721
26.82,0.00013741552430385218
26.830000000000002,-0.007277005581378713
26.84,0.007828254390620583
26.85,-0.0030944373821934004
26.86,0.004142611113510537
26.87,-0.002958880797758694
26.88,-0.008141009255629947
26.89,0.0018678394039520502
26.900000000000002,0.004420645682950863
26.91,-0.004919737116785228
26.92,-0.0014812763553943113
26.93,0.006209475998767528
26.94,-0.005844079745341639
26.95,-0.002941141711096003
26.96,2.7555222711800678e-05
26.97,-0.002755070971728772
26.98,0.007690961605683439
26.990000000000002,0.0003857483314591986
27.0,0.0007903819771506847
27.01,0.00566870001656637
27.02,0.00752902598794159
27.03,0.002826541543566395
27.04,-0.00296536140606001
27.05,0.0009518265545550124
27.060000000000002,-0.005100535533947002
27.07,0.005811779036472507
27.080000000000002,0.000163043018890318
27.09,0.00394637210826638
27.1,0.0009688531050445048
27.11,0.0033660811165773
27.12,0.0016934426287972676
27.13,0.008512804624344143
27.14,0.005614541255819734
27.150000000000002,-0.0014048023370385673
27.16,-0.007176240907479805
27.17,-0.005138918526017482
27.18,-0.0024783427722110153
27.19,0.007234716137759939
27.2,-0.0015863816790847134
27.21,0.008772833937023728
27.22,-0.003711749968664568
27.23,-0.005904273025953242
27.240000000000002,0.0018942906797985767
27.25,0.007763622354269506
27.26,-0.008533105718653513
27.27,0.008001723498405477
27.28,-0.0080634186724288
27.29,0.0014717924709388396
27.3,0.007050231940925531
27.310000000000002,0.0021970276824039778
27.32,0.009923698243079487
27.330000000000002,-0.0065230800581727415
27.34,0.009058225080298793
27.35,-0.005722150535610324
27.36,-0.0013175406617622152
27.37,0.005408287845531006
27.38,0.005538966211673223
27.39,-0.008642421114982559
27.400000000000002,0.004442973610646822
27.41,-0.006538465671967714
27.42,0.0007898564532437431
27.43,0.0022824200014148113
27.44,-0.006414251166921665
27.45,0.008531623782575147
27.46,-0.003380412985932513
27.47,0.005785532610208201
27.48,0.0002504771133250913
27.490000000000002,-0.004387689837533133
27.5,0.007972422238769752
27.51,0.00021127465642510612
27.52,0.009785324164018084
27.53,-0.003621419627474594
27.54,0.0014233851480346393
27.55,-0.007904770164090212
27.560000000000002,-0.0042597657755791786
27.57,0.009911718070805832
27.580000000000002,0.001401602987214954
27.59,-0.009134513722650598
27.6,0.0021916024080508856
27.61,0.005404286925948784
27.62,0.006178189659061703
27.63,0.0022211721857840015
27.64,-0.0025555142876767453
27.650000000000002,0.006174006587188615
27.66,-0.0016949722364884238
27.67,-0.008492754712970117
27.68,-0.006707570507715015
27.69,0.007704672269940571
27.7,-0.005799878624753434
27.71,0.001746094875456317
27.72,-0.008136994583956761
27.73,-0.005065375153751026
27.740000000000002,0.002993413007954084
27.75,0.0075561435501665195
27.76,-0.006982043148176753
27.77,-0.0006481209820293557
27.78,-0.0010723813431715787
27.79,-0.006374512345360541
27.8,-0.0014984791781988104
27.810000000000002,0.008917764317655051
27.82,-0.0011718443015052045
27.830000000000002,0.008628854088555795
27.84,0.0023803401966611213
27.85,0.008100274803221943
27.86,-0.008511255896683372
27.87,0.001216935065174802
27.88,0.005559973218693845
27.89,-0.00013568115825013556
27.900000000000002,0.005137193474710103
27.91,0.008257350726650329
27.92,0.003724195239972989
27.93,-0.00437329632834635
27.94,-0.0029482544749593557
27.95,0.006184112203278783
27.96,-0.004684421930359419
27.97,-0.004664257922119091
27.98,0.003397537309555991
27.990000000000002,-0.0041877427577327484
28.0,0.0065403272509730204
28.01,0.006431789060087708
28.02,0.0014292058761393375
28.03,0.009466513350068107
28.04,-0.00642531681405542
28.05,0.0004866960832563341
28.060000000000002,0.0012076588274580816
28.07,0.004655463771622953
28.080000000000002,0.005232840033625667
28.09,-0.0010982406339230828
28.1,0.0073621331799714525
28.11,0.0018590361754195622
28.12,0.0077410549847543465
28.13,-0.0055802178374878796
28.14,0.0021282853284492528
28.150000000000002,-0.005196835428540419
28.16,-0.0071257707454582195
28.17,0.00861971897339941
28.18,0.004105125002250404
28.19,-0.006223903686807095
28.2,-0.0029410751084046763
28.21,0.0021005642280453457
28.22,0.0002762091922263177
28.23,0.005944731576248639
28.240000000000002,0.0008458365761052945
28.25,-0.0014634107116439418
28.26,0.0029363266815976164
28.27,0.002640224438148587
28.28,-0.00532839977124743
28.29,-9.056822133782574e-05
28.3,-0.007691050807226079
28.310000000000002,0.008154694956582614
28.32,-0.007659008157724079
28.330000000000002,0.009538247611344518
28.34,0.008061473676365087
28.35,0.00770673551802869
28.36,0.0011380520154523604
28.37,-0.00823262497269107
28.38,-0.006031154441170714
28.39,0.00047572772379145777
28.400000000000002,0.007993877429061462
28.41,0.005743315658964595
28.42,0.0035917202482140913
28.43,-0.007057346538273524
28.44,0.005824309785809721
28.45,0.0062814792955469215
28.46,-0.0008686809814138392
28.47,-0.0015347789653492733
28.48,0.008062010817778515
28.490000000000002,-0.0015153976908352067
28.5,0.003234341539402521
28.51,0.005590646033133173
28.52,-0.00806392790444078
28.53,-0.007043328300619587
28.54,0.0015311014540931207
28.55,0.004377416494410003
28.560000000000002,-0.0010568197704322949
28.57,-0.008678097294254178
28.580000000000002,0.003354532678482111
28.59,-0.006997573060825926
28.6,-0.008506160883704365
28.61,0.008856897912641956
28.62,-0.004973479903575862
28.63,-0.008566488411916956
28.64,-0.007937090659043411
28.650000000000002,-0.002904050803649782
28.66,0.0020416895717842894
28.67,-0.0042992533820233915
28.68,-0.005820582166394384
28.69,-0.0031475835451965683
28.7,-0.0010957747888234361
28.71,-0.004260644028451415
28.72,0.004266992036269205
28.73,0.004467421452088264
28.740000000000002,0.00675033170354032
28.75,0.00842429653901995
28.76,0.00395429901315111
28.77,0.000444571608606956
28.78,0.006277529021628104
28.79,-0.007738967375957672
28.8,-0.004909635687207099
28.810000000000002,-0.009326774022667586
28.82,-0.002039019663365964
28.830000000000002,-0.0032119843535225387
28.84,0.008842190130840479
28.85,0.003430485216244783
28.86,-0.0015295994037098932
28.87,-0.001228783828590714
28.88,0.0013256091512917553
28.89,-0.003743934743613133
28.900000000000002,-0.0017878274467193391
28.91,-0.004005373852388734
28.92,0.00964829833896647
28.93,-0.007639749019255142
28.94,0.0016515938586286125
28.95,0.005646642591804267
28.96,-0.009347631089281081
28.97,0.006352227330550615
28.98,0.005608030875424427
28.990000000000002,0.0028096525948829634
29.0,-0.0054952469358022565
29.01,0.000909780761357934
29.02,-0.009087036675250987
29.03,-0.0013629337794741243
29.04,-0.00021514945861627298
29.05,-0.0004829319527964431
29.060000000000002,0.003039778655233097
29.07,-0.00275641861948615
29.080000000000002,-0.0042059932169397456
29.09,-0.006365008795887608
29.1,0.0020149698762420825
29.11,-0.0004194113982361764
29.12,0.0043890408480615345
29.13,-0.008084528321578993
29.14,-0.00882963093997375
29.150000000000002,0.004544720140042223
29.16,-0.006769653495232155
29.17,0.0013749167138471761
29.18,0.007321399877463787
29.19,0.006830002207877528
29.2,0.0031474763927165413
29.21,-0.0004614146342221924
29.22,0.008687877083112397
29.23,-0.001729987555832379
29.240000000000002,-0.00976117065143079
29.25,-0.00038224767247014256
29.26,0.00798771746214036
29.27,0.0008335558157027377
29.28,0.0016928615929539242
29.29,0.00937059062950501
29.3,-0.0028760004718023334
29.310000000000002,-0.0018668725447855711
29.32,0.0049116052292774715
29.330000000000002,-0.005450421576268203
29.34,-0.00870352387725246
29.35,-0.002159861275965194
29.36,-0.005608291869292428
29.37,-0.005895588590157621
29.38,-0.001862845131190758
29.39,0.0017109495057186612
29.400000000000002,0.0003318287447686488
29.41,0.0007118602433548848
29.42,0.001965125448194051
29.43,0.009039605220137805
29.44,-0.0029894759023735085
29.45,0.003629437301209227
29.46,0.002122743720399745
29.47,0.0040363989823400635
29.48,-0.0053728083517984235
29.490000000000002,0.0021003388746000436
29.5,0.005375529649637185
29.51,-0.008502430262296695
29.52,0.005112172848473819
29.53,-0.0006266843922893093
29.54,0.006199947605310058
29.55,-0.002431368587926177
29.560000000000002,0.004075557927031253
29.57,0.004959803014766754
29.580000000000002,0.007917436344996231
29.59,-0.0011138668105163813
29.6,0.006941062084289839
29.61,-0.007987782533109045
29.62,-0.004308700271301251
29.63,0.007397483371816097
29.64,0.008294349902762723
29.650000000000002,-0.00039251497727109223
29.66,-0.008388629831278215
29.67,0.005112332378265215
29.68,-0.001176741098169197
29.69,0.0014595719294402485
29.7,-0.008026929620715781
29.71,-0.006579904812076837
29.72,0.00036042292629918926
29.73,0.005801291771737058
29.740000000000002,-0.007283927147777938
29.75,0.009303972880374564
29.76,-0.0003683994991663369
29.77,-0.006692761983873343
29.78,0.00475644275158669
29.79,0.005426995067164309
29.8,0.006572156833905921
29.810000000000002,0.007777641090739749
29.82,0.005766696563656215
29.830000000000002,-0.002337618112389068
29.84,0.002713587406277458
29.85,-0.0007479086525742935
29.86,-0.008049160844098244
29.87,0.007532255254907456
29.88,0.005666552377089998
29.89,0.008435790963240037
29.900000000000002,-0.008836703448665436
29.91,0.003410254884178763
29.92,-0.001870783509094526
29.93,-0.007001994927657415
29.94,0.007099545520141226
29.95,0.0030924301665764143
29.96,0.006109358316405971
29.97,0.008221439189867117
29.98,0.005322899464454625
29.990000000000002,0.00870074279900211
30.0,-0.004028489223710794
30.01,0.008485104250141503
30.02,-0.0024268900698373357
30.03,-0.0063282626760826095
30.04,-0.0076723323715945455
30.05,0.0019930779389988103
30.060000000000002,-0.008066132306508607
30.07,-3.577340103723403e-05
30.080000000000002,0.007389932586456082
30.09,0.0032786728432631067
30.1,-0.005808706550942539
30.11,0.009239018005777354
30.12,0.0051425020050014595
30.13,0.005730225064154234
30.14,-0.00010271148172851484
30.150000000000002,0.00230843605108883
30.16,-0.0031023932032650994
30.17,-0.009609307270802833
30.18,0.001848792419718824
30.19,-0.00729609394091622
30.2,-0.002202409711803151
30.21,0.009091276020097001
30.22,-0.0008416752320171
30.23,-0.00789548455171207
30.240000000000002,0.0032387929249162364
30.25,-0.009876065084293435
30.26,-0.004156751461540731
30.27,0.009662594126506873
30.28,0.0037415073694476476
30.29,0.000327805656879206
30.3,-0.0034224768498892734
30.310000000000002,0.006375932346714004
30.32,0.0064495832007261545
30.330000000000002,0.00794729699001897
30.34,-0.005129348012433648
30.35,-0.008373272365904056
30.36,-0.008109738602272707
30.37,0.009312638309584136
30.38,0.009340272191690901
30.39,-0.00868410487925339
30.400000000000002,-0.0018409812483778376
30.41,0.004095939477768757
30.42,-0.006577133063320333
30.43,-0.008833364456980297
30.44,0.0005666096240610451
30.45,-0.004154524967880686
30.46,-0.007586875178209164
30.47,0.002951790250327404
30.48,-0.0097526314961601
30.490000000000002,0.007099933329046801
30.5,0.001371655809590375
30.51,0.004993781064244281
30.52,0.00264351188361819
30.53,0.003073275521446735
30.54,0.004152604423433112
30.55,-0.002068610281164694
30.560000000000002,-0.009288283757865815
30.57,-0.004888503652523774
30.580000000000002,-0.004972312485383923
30.59,0.006183683864003172
30.6,-0.00876261595661384
30.61,0.0009520515026024152
30.62,0.0027451201761516594
30.63,0.008486071276401117
30.64,-0.003669669967834752
30.650000000000002,0.007721088625586318
30.66,0.006087879695718107
30.67,0.007532561325088704
30.68,-0.008055589422345926
30.69,0.005475261436001449
30.7,-0.008419223307744885
30.71,-0.006126818889012491
30.72,0.004188503313380361
30.73,-0.0016641081725062377
30.740000000000002,0.0041883941809561336
30.75,0.008124591496479589
30.76,-0.008919375734860926
30.77,-0.009629287835816812
30.78,0.007519371622589177
30.79,-0.0062614992850730244
30.8,0.006003623368071169
30.810000000000002,-0.004337851728683449
30.82,0.007647519761330596
30.830000000000002,-0.008701637677023609
30.84,-0.009538008354663497
30.85,0.009860344238272688
30.86,0.00849828440318213
30.87,-0.00783980078976299
30.88,-0.0020947039223392413
30.89,0.0071384780758069945
30.900000000000002,0.0014852692441034761
30.91,-0.009370715731756034
30.92,0.004410528025216723
30.93,-0.005240814518920583
30.94,0.000457707470239448
30.95,-0.0039865470378485516
30.96,-0.00586707679096993
30.970000000000002,0.008841230016270471
30.98,-0.008658264624890144
30.990000000000002,-0.005211544017338758
31.0,0.00027571289798820203
31.01,0.006843971648796033
31.02,-0.008245548744498177
31.03,0.00932865986476212
31.04,-0.004668862644730154
31.05,-0.00300709029125622
31.060000000000002,0.009439058360435534
31.07,-0.002777369411302657
31.080000000000002,0.00881534391672163
31.09,0.006366000805342919
31.1,0.005999327401466864
31.11,-0.0052603203156681875
31.12,-0.0029232546237045656
31.13,0.006094515901664219
31.14,0.003760987132756839
31.150000000000002,-0.006636326727429269
31.16,0.007234999729629583
31.17,0.009789251737203878
31.18,-0.0037531566505222226
31.19,0.0005797048436248977
31.2,0.003600670782812924
31.21,-0.009684129080946655
31.220000000000002,0.009826924181932399
31.23,0.006992343925831675
31.240000000000002,0.007569585122620884
31.25,-0.00391590157400874
31.26,0.00296488882953049
31.27,-0.009006646647410022
31.28,0.006478132559171493
31.29,-0.006666503089699332
31.3,-0.0040411518281013685
31.310000000000002,-0.0009421175133165066
31.32,-0.005495996876883378
31.330000000000002,0.005178126384662817
31.34,0.005813046842806318
31.35,-0.00950487463471227
31.36,0.008614645138713658
31.37,0.0033682416911050422
31.38,3.590825834494035e-05
31.39,-0.009149770518146918
31.400000000000002,-0.0029590669036701133
31.41,0.0003924040550094404
31.42,-0.008313915875963253
31.43,-0.005086963655983316
31.44,-0.006636693898901836
31.45,0.0064203163305171385
31.46,0.009567384776493817
31.470000000000002,-0.008268598144551305
31.48,0.005991697058956974
31.490000000000002,0.004300444441782349
31.5,-0.00578040000765476
31.51,0.007973301478817795
31.52,0.000862217168321959
31.53,0.0011404855621208292
31.54,-0.002608079427993331
31.55,0.004212968321158327
31.560000000000002,0.007166277372540589
31.57,0.007266861532821802
31.580000000000002,-0.009494378470838892
31.59,0.005591870844425036
31.6,0.0035759315008721954
31.61,-0.0033706553810785205
31.62,0.0027441061040244
31.63,-0.0020660794654044166
31.64,-0.0011113086061171635
31.650000000000002,-0.005038223844153107
31.66,0.003075931327420744
31.67,-0.007336570047201672
31.68,0.00840691813198771
31.69,0.005164031326359356
31.7,0.0005662136769370735
31.71,-0.005544203007338211
31.720000000000002,-0.003094378746147157
31.73,-0.0023557832148847057
31.740000000000002,-7.178243278316288e-05
31.75,-0.007861387375611513
31.76,-0.009736004762711421
31.77,-0.004908131040450618
31.78,-0.009331792552483335
31.79,0.0018254626663985404
31.8,-0.0028631628889200502
31.810000000000002,-0.007215213403330048
31.82,-0.006250531280290874
31.830000000000002,-0.009166708740204461
31.84,-0.00047087186025955227
31.85,0.0030913663984325646
31.86,0.004603271906408588
31.87,-0.0018310416715671147
31.88,0.009381750655711152
31.89,0.009023598571592023
31.900000000000002,0.004156519598042984
31.91,0.0063015810896467055
31.92,-0.0009223105076024401
31.93,0.007583833829029716
31.94,-0.0040990702980517706
31.95,-0.009510448122295083
31.96,0.0036783612227812377
31.970000000000002,0.003567528806733616
31.98,-0.004910263601959612
31.990000000000002,0.0024312767540449025
32.0,-0.009633469448363378
32.01,-0.004696081972116859
32.02,0.00859153717239997
32.03,0.003575287945531181
32.04,-0.007257906840537933
32.05,0.0007808301748433982
32.06,-0.0021252241011942424
32.07,-0.001976122230271715
32.08,0.0058991859121632125
32.09,0.004586696070143377
32.1,-0.004495137404706416
32.11,0.006133954364967864
32.12,-0.006532448424011626
32.13,-0.005194711648064405
32.14,0.007802638152850249
32.15,0.0018005296704187053
32.160000000000004,-0.005806453342712376
32.17,0.004284268417756533
32.18,-0.007462363719137626
32.19,0.0030621524155336408
32.2,0.0027264096194546047
32.21,0.0034977606678375864
32.22,-0.0009069748165301747
32.230000000000004,-0.005950736692023953
32.24,0.003999908223976771
32.25,-0.003281724726873836
32.26,0.004569341606701997
32.27,0.006480121379311312
32.28,0.0016669853433083463
32.29,0.009388742994480727
32.3,0.002092475751990371
32.31,0.007210948556210855
32.32,0.008830549567804038
32.33,-0.009465988912783385
32.34,-0.0002499181704573132
32.35,0.006230142297410082
32.36,0.002911497623959725
32.37,-0.009869103806840966
32.38,-0.0002811133260532464
32.39,0.00048415647921002704
32.4,0.004781797609651268
32.410000000000004,0.00436893462675903
32.42,0.004229001488999422
32.43,-0.009586822904669038
32.44,-0.008099591932898529
32.45,0.006072907742656218
32.46,0.0015128343411214672
32.47,0.005686843785344646
32.480000000000004,-0.0011781797812797958
32.49,-0.0018499497266073334
32.5,0.008090900850742195
32.51,0.006101142692624894
32.52,-0.00368464052561225
32.53,-0.007476608316674738
32.54,-0.0004258065635775396
32.55,0.005997083492790647
32.56,-0.003189612211492501
32.57,0.0033360043673424586
32.58,-0.008779168709054236
32.59,-0.0026146132741063192
32.6,0.006038569592699201
32.61,0.00685545560653558
32.62,-0.006558100769616215
32.63,0.009489636186773133
32.64,-0.007884789972683517
32.65,-0.0025453690365399616
32.660000000000004,0.005345736449275013
32.67,0.0042354991255394055
32.68,0.0057001327600769685
32.69,-0.007931684095197239
32.7,-0.00958414007900448
32.71,0.0011901438695372454
32.72,-0.007604483540029481
32.730000000000004,0.0074135179767835496
32.74,0.008079504765347656
32.75,0.004581147352137844
32.76,-0.009444102995121583
32.77,-0.007371009025190134
32.78,-0.00011291341382529789
32.79,0.006761312119331479
32.8,-0.006762573798511544
32.81,-0.009057462740511286
32.82,-0.006967663468646461
32.83,0.0067961258824227756
32.84,0.008151086819065784
32.85,-0.005753064777436996
32.86,-0.007133725434399063
32.87,0.001960398234010839
32.88,0.006994058000727143
32.89,0.005668584061757112
32.9,0.0062089192213154645
32.910000000000004,-0.005352729359276445
32.92,0.004895209428278471
32.93,0.009886488199145992
32.94,-0.005281363765979272
32.95,-0.0015725422996015776
32.96,-0.0024510404707340496
32.97,-0.002833389551670489
32.980000000000004,-0.005961938395241136
32.99,-0.008707266121005015
33.0,0.009476946821439612
33.01,-0.006418468353076421
33.02,-0.007815465718530715
33.03,-0.004092010437838152
33.04,0.0008208822224156816
33.05,-0.007187616236026357
33.06,-0.009079930019944756
33.07,-0.006295170557160841
33.08,-0.00334755170055937
33.09,0.008174768561372165
33.1,0.0072876888512499755
33.11,0.006312042694394676
33.12,-8.868045382370328e-05
33.13,-0.004870011806257248
33.14,-0.005447735100382179
33.15,0.0020463967458857774
33.160000000000004,0.0024704922906019083
33.17,0.007524623738994018
33.18,0.0071680199025969445
33.19,0.002379598688185056
33.2,0.0025961472676028618
33.21,-0.008659744224897918
33.22,0.00429032988101616
33.230000000000004,-0.008474142068451556
33.24,0.0043072138443326895
33.25,0.006715371260102158
33.26,0.000778184895103411
33.27,-0.004134893252337175
33.28,-0.00892346913679318
33.29,0.004192170107300462
33.3,-0.007705285190839848
33.31,-0.0015881307729455358
33.32,0.0028716141237663546
33.33,-0.0029410580722405814
33.34,-0.002238950493089982
33.35,0.0022281878638781456
33.36,0.003783105018700073
33.37,-0.007995192648816683
33.38,0.0012614328736116238
33.39,0.0025087345032539267
33.4,0.002970566731314371
33.410000000000004,-0.0076032682325842
33.42,0.0064215993602781945
33.43,-0.00708009617844319
33.44,0.002758354953707987
33.45,-0.003818457406707316
33.46,0.0008338013442687423
33.47,-0.0036130226490238074
33.480000000000004,-0.004205738739431475
33.49,0.002317327800992459
33.5,0.006310449672527764
33.51,0.006338629853697807
33.52,0.0003704867492442983
33.53,0.0040483957926677975
33.54,-0.004529763480390838
33.55,-0.00887550085263757
33.56,0.0027569831208747054
33.57,-0.0037538829596448766
33.58,-0.00917437468911819
33.59,0.004829459936989916
33.6,-0.00017083460931586157
33.61,-0.008104062191523818
33.62,0.006983696436773238
33.63,0.0016328708492314072
33.64,-0.001973113352323688
33.65,0.00836231691328644
33.660000000000004,-0.008961469304300784
33.67,-0.0032658011620977966
33.68,0.009963323493457422
33.69,0.0047603734089367335
33.7,-0.00822750992562719
33.71,0.009934302783588872
33.72,0.0035332772003424193
33.730000000000004,0.005084991296775664
33.74,0.006728689807250233
33.75,-0.003506434194142485
33.76,-0.0047249508200649815
33.77,-0.0030868401861940667
33.78,-0.006997324260621898
33.79,-0.0064443039112761415
33.8,0.0025163595014849726
33.81,0.00936007981041913
33.82,-0.008356784509717665
33.83,0.00027820695233450946
33.84,0.008979776769487339
33.85,-0.005893190232925574
33.86,-0.00700642368520424
33.87,-6.478832469925151e-05
33.88,0.003320426819509092
33.89,0.004337796624235626
33.9,0.009391211792593659
33.910000000000004,-0.001964919360741389
33.92,0.004112209502125897
33.93,-0.00805689413028879
33.94,0.00906030752481927
33.95,0.0022616230141740343
33.96,-0.0016256113370692014
33.97,-0.009987457749369268
33.980000000000004,-0.004114019958451116
33.99,-0.007144585717693246
34.0,0.0026406083912496776
34.01,-0.003992132597896689
34.02,-0.0075066709208759415
34.03,-0.005814169279149066
34.04,0.003999510812267975
34.05,0.006516253909828703
34.06,-0.0032909334381193813
34.07,0.00031736145548702695
34.08,0.005752397497217345
34.09,0.006507539898760276
34.1,-0.007720117706825631
34.11,-0.007972448271203263
34.12,-0.0032583660892241805
34.13,-0.004797582624509951
34.14,0.0010373068742359475
34.15,-0.008291731753628271
34.160000000000004,0.005118306014610252
34.17,-0.008635788777458093
34.18,0.008288834719378161
34.19,-0.006152481377073747
34.2,-0.007850634452188508
34.21,-0.00843399611998782
34.22,-0.003974680960071537
34.230000000000004,-0.0049391510588338555
34.24,-0.006047344433878632
34.25,0.009013799767250604
34.26,0.007978104430645205
34.27,0.003378836367510579
34.28,-0.00153417475755528
34.29,0.009908664840286139
34.300000000000004,0.007735382534630015
34.31,-0.006384442256887037
34.32,0.007674506934136039
34.33,-0.00795033006539037
34.34,-0.005054140672721584
34.35,-0.0016424895660776765
34.36,0.008488573553347792
34.37,0.005794681550804872
34.38,-0.002814099739547842
34.39,0.0010520202294225893
34.4,0.0012455975638907806
34.410000000000004,-0.0001278868700232711
34.42,-0.008373344058221828
34.43,0.007589849563881807
34.44,-0.00922561110404416
34.45,0.004060504042461393
34.46,-0.0018247111223052576
34.47,-0.0018277340569447294
34.480000000000004,-0.0004422146634635079
34.49,-9.463762852481017e-05
34.5,-0.008329486458407065
34.51,0.009498089924347074
34.52,-0.0015940935007912813
34.53,0.0049510869946124084
34.54,0.00444886294383654
34.550000000000004,0.006047841377945661
34.56,-0.0055318270070568755
34.57,-0.001631211755968056
34.58,0.0022034588912950067
34.59,0.009318739436683059
34.6,0.005903295241076413
34.61,0.0060213412464937294
34.62,-0.00918252448932561
34.63,0.0012248877565153807
34.64,0.008591352617457972
34.65,-0.008198753597570243
34.660000000000004,0.0027177301987000406
34.67,0.008021461072571007
34.68,0.0055798717352402005
34.69,-0.003420374048023118
34.7,-0.003647199187396026
34.71,-0.0072391053752407265
34.72,0.008775085514352183
34.730000000000004,0.006633170175392946
34.74,-0.006058120289615208
34.75,0.007744730782845223
34.76,0.004294349783921953
34.77,-0.00617358835765234
34.78,0.005385916636262868
34.79,-0.007933531846165104
34.800000000000004,-0.00400817429364102
34.81,0.007553214180921202
34.82,0.009094284240131869
34.83,0.008937674256398681
34.84,-0.0095241333805909
34.85,-0.0009770628184040883
34.86,0.0035975777894409373
34.87,0.0020226587673537865
34.88,0.003421391001072466
34.89,0.008980895522047437
34.9,-0.008060053572078667
34.910000000000004,0.008431379311200355
34.92,0.00606545643876419
34.93,0.005677861085273477
34.94,-0.008437534838538392
34.95,0.008827408321041808
34.96,-0.0010570443477645238
34.97,-0.0010877485707694885
34.980000000000004,0.001412802879619847
34.99,0.0034634424316403786
35.0,-0.009158773638502296
35.01,-0.009279773348650305
35.02,0.0025443804644262567
35.03,-0.0022761327477175096
35.04,-0.009723147530874566
35.050000000000004,-0.007610473979731991
35.06,0.006556269480183776
35.07,-0.0046913520067215966
35.08,-0.008866783780107926
35.09,0.0003741768802527634
35.1,0.004793846265559138
35.11,-0.0003920269512537253
35.12,-0.0018229211585555453
35.13,-0.0011326360171802635
35.14,0.004850799598086476
35.15,0.005440239501230314
35.160000000000004,0.003743468764951359
35.17,0.0020678274585063834
35.18,0.002641445142802224
35.19,-0.00865712970760123
35.2,0.0028883790202629805
35.21,0.007661727770590593
35.22,-0.0008697655044853404
35.230000000000004,0.00672419044791314
35.24,-0.0036814606505379066
35.25,0.0015067875393749448
35.26,0.004275846052327281
35.27,-0.007019103303387948
35.28,0.0018327846457086468
35.29,0.004312931768364425
35.300000000000004,0.008435919326371147
35.31,-0.004109318381822434
35.32,0.002778008982290128
35.33,-0.00660895531854176
35.34,0.009443281326752795
35.35,-0.0026431394526971966
35.36,0.0058816447043965065
35.37,0.00829317103915832
35.38,0.001659328255823423
35.39,0.008702270490228156
35.4,-0.0033953895893328668
35.410000000000004,0.0011628147308212818
35.42,-0.009969332474808029
35.43,-0.007051998677164235
35.44,-0.002628391761190503
35.45,0.0005195432877296759
35.46,-0.009140297607872837
35.47,-0.0061739177453335944
35.480000000000004,-0.0038372482448580892
35.49,0.0046108303469349615
35.5,0.007241381904428195
35.51,0.007224252138523643
35.52,0.009141242698882007
35.53,-0.009881471188078582
35.54,0.004981159249192324
35.550000000000004,0.0012623325511618485
35.56,-0.0072475924463131555
35.57,0.00026615906907346415
35.58,-0.0014869301824733602
35.59,0.0029579201633219594
35.6,-0.0034114857734894553
35.61,-0.00850492028206858
35.62,0.008705318494021766
35.63,-0.00022663882589421362
35.64,-0.006116973237469188
35.65,0.009997304265792343
35.660000000000004,0.008227675387285084
35.67,0.0074089576202636
35.68,0.007619018637948409
35.69,-0.0032629057115120185
35.7,-0.0029713500643314197
35.71,0.007179973138018046
35.72,-0.004536314171637042
35.730000000000004,0.0009496526678156331
35.74,0.006632753061235447
35.75,-0.006727822534655752
35.76,-0.0032696987187411583
35.77,-0.006362049213582326
35.78,0.00013309472319072285
35.79,0.00873967709488655
35.800000000000004,-0.004112486107925171
35.81,-0.002690923231229485
35.82,0.003907007188900406
35.83,0.00442140456122031
35.84,-0.0028545380993279705
35.85,0.00024597722906204503
35.86,0.0032183016020341185
35.87,0.0009480141917867831
35.88,-0.0018397008446780026
35.89,-0.0017257472021184987
35.9,0.007349182473071954
35.910000000000004,-0.00034238194161852545
35.92,0.004621744647873129
35.93,0.003176267282513849
35.94,-0.007542985504120885
35.95,-0.006288718711548722
35.96,-0.004593013814512357
35.97,0.007409650655666395
35.980000000000004,0.008105601622817685
35.99,-0.00547719442501392
36.0,-0.008474790640617154
36.01,-0.0011231010669207082
36.02,-0.0010654842041823587
36.03,-0.007264503417225941
36.04,0.008273881780931155
36.050000000000004,0.009008363783048276
36.06,-0.007973606966547354
36.07,-0.0030219731114721916
36.08,0.009265301313612999
36.09,0.00554836885558631
36.1,0.007386731991568913
36.11,0.0002911326802363095
36.12,-0.002677688630408912
36.13,-0.006842583733342782
36.14,-0.0014969534831731999
36.15,0.0009176383401724685
36.160000000000004,-0.006134156517829301
36.17,-0.006809828766245845
36.18,-0.005434188020211237
36.19,0.0015569729561988148
36.2,-0.0033236822323803386
36.21,0.008872861085369723
36.22,-0.004973374340659229
36.230000000000004,-0.00011180420765410232
36.24,-0.004701475085242606
36.25,-0.008282225982158959
36.26,-0.006222114502124183
36.27,-0.004579281913035325
36.28,0.006887301076240896
36.29,-0.008167863475969806
36.300000000000004,-0.008017630822885296
36.31,0.0004965356276530261
36.32,0.0017534060756234145
36.33,-0.007394532654177661
36.34,0.0010855788930261845
36.35,-0.006886245663243449
36.36,-0.008867680223955829
36.37,0.004889482077756966
36.38,0.00432008176766031
36.39,0.001622263681070277
36.4,-0.002456052919518863
36.410000000000004,-0.0032920273049275453
36.42,-0.006563222637740216
36.43,0.00758710561136774
36.44,0.009829892347862986
36.45,0.004031897781541369
36.46,0.005249138129987174
36.47,-0.0037104838779452474
36.480000000000004,-0.00030657294922931816
36.49,0.003687721718684492
36.5,-0.00891527964439504
36.51,-0.004547640142662642
36.52,0.00129208912792593
36.53,-0.0028706074818189275
36.54,0.009675666115708392
36.550000000000004,0.0020099698248155027
36.56,-0.00687480620195438
36.57,0.0012249848433658079
36.58,0.007616886236689479
36.59,0.003122025038016181
36.6,-0.005281240765973971
36.61,-0.0083259369226376
36.62,-0.009326371373106117
36.63,-0.0014866844674999592
36.64,-0.0075203692549361415
36.65,0.008742435523386249
36.660000000000004,-0.00563160441890564
36.67,-0.007029769117650304
36.68,-0.004820663017850244
36.69,0.008373578674783224
36.7,0.006181715084805679
36.71,0.003924257596942133
36.72,0.0067434558311486505
36.730000000000004,0.003981650178251313
36.74,0.00187954880989381
36.75,0.0031282100068635767
36.76,-0.008810111457475686
36.77,0.005280773136176028
36.78,0.006841860110286339
36.79,0.009461748041343506
36.800000000000004,-4.172888107971395e-05
36.81,0.008357905981184533
36.82,-0.0015684960119681252
36.83,-0.007912758147050709
36.84,-0.0051512979122050415
36.85,-0.002465684142083968
36.86,-0.008104753827677438
36.87,0.00801365953255498
36.88,-0.001395335937286699
36.89,-0.0077259661310947305
36.9,-0.006689711289327991
36.910000000000004,0.006298897071107189
36.92,-0.001940658396020414
36.93,-0.005510812838578698
36.94,0.008755519479101586
36.95,-0.0085692440285512
36.96,-0.005615510793905638
36.97,0.004014982765568888
36.980000000000004,-0.0077081022366426825
36.99,-0.009375795791188777
37.0,-0.007631668495028679
37.01,0.009368342391632417
37.02,0.0006286503107799865
37.03,0.005448864679884561
37.04,0.005190649736296378
37.050000000000004,0.009269825862101672
37.06,-0.004433097109540438
37.07,0.004527380324485363
37.08,-0.007482257737692984
37.09,0.009580273086942913
37.1,-0.005501504771392752
37.11,-0.0026512781993591862
37.12,-0.005986463667687887
37.13,0.005713785927542346
37.14,0.005239883047342537
37.15,0.0048782752222351
37.160000000000004,0.002621896761229557
37.17,0.008367778366510618
37.18,0.004631531313459659
37.19,0.004223234129816851
37.2,0.008754743760757121
37.21,-0.0015009162350752177
37.22,0.0009722145685907967
37.230000000000004,0.006954030576726384
37.24,0.008420744225914859
37.25,-0.0008433551986704018
37.26,-0.0013633317830904976
37.27,-0.003125269665806305
37.28,0.00900496993565284
37.29,-0.0009066899641647034
37.300000000000004,-0.003999528971736943
37.31,0.007946168927253009
37.32,-0.00430912002080889
37.33,-0.009074089274865462
37.34,-0.0031902050003639612
37.35,-0.001934791178013033
37.36,-0.004587159261256875
37.37,-0.007211578323766113
37.38,0.007492685122227774
37.39,-0.009205611200644805
37.4,-0.009067423674199056
37.410000000000004,0.0021073107337414056
37.42,0.00698210976278873
37.43,0.001417074050567733
37.44,0.0056835221797686564
37.45,-0.005668064640208368
37.46,-0.0010395340903369705
37.47,0.0021772639769430287
37.480000000000004,-0.00036917231559603983
37.49,-0.0005278395510615336
37.5,0.005476861438542004
37.51,-0.006712660983304739
37.52,0.00474798113373889
37.53,-0.006049651081664649
37.54,-0.003323064123769299
37.550000000000004,0.0075902853523379925
37.56,-0.005556393737218477
37.57,-0.003483217588687872
37.58,-0.0089452307401696
37.59,-0.0017358370069962704
37.6,-0.008190992314651311
37.61,0.004723005875132807
37.62,0.003989900810990821
37.63,-0.008655412394107841
37.64,-0.00877820347501743
37.65,-0.007412626591954021
37.660000000000004,0.009741550508803458
37.67,-0.009609900176833776
37.68,0.0009084665296111953
37.69,0.005552395736939043
37.7,0.003971383795153827
37.71,0.00020585748357242542
37.72,0.004815688199187184
37.730000000000004,-0.007650022535208719
37.74,0.009910162076107969
37.75,0.002053879777097681
37.76,-0.00965271050828499
37.77,-0.00366004207074258
37.78,-0.00014286630307712433
37.79,0.0014865424849665795
37.800000000000004,0.0014753228625401776
37.81,0.009445542107542912
37.82,0.0021771650200325676
37.83,0.004420124136971879
37.84,-0.001801115857398389
37.85,0.00919804031943027
37.86,-0.002459762049265064
37.87,0.0005407776810444857
37.88,0.006915146322300015
37.89,-0.0036019181258212483
37.9,0.004466817857475941
37.910000000000004,0.007891070862629855
37.92,-0.008396728858311307
37.93,0.003462268987738843
37.94,-0.001715242540434106
37.95,0.008279838254790674
37.96,0.008029364006882455
37.97,0.00760586143368353
37.980000000000004,0.005804331794060596
37.99,0.0012479446266250773
38.0,0.00569412737311978
38.01,0.004528052324389862
38.02,-0.009935540671806846
38.03,-0.00782258744576731
38.04,0.002432307925310479
38.050000000000004,0.005712514277540758
38.06,-0.006270387998947403
38.07,0.009149412964025305
38.08,0.008820694869410882
38.09,-0.005959846329739338
38.1,0.0077610236569437534
38.11,0.0008617713835154216
38.12,-0.0002920972133397034
38.13,0.005291877427679352
38.14,-0.0019963733380327937
38.15,0.009137407026288383
38.160000000000004,0.008737422513117864
38.17,-0.005580325904845607
38.18,0.003917375307710701
38.19,0.007939695014271655
38.2,-0.004744391734083775
38.21,-0.004125529399482284
38.22,-0.0011753552568497354
38.230000000000004,0.001918103153065797
38.24,0.00984269509887564
38.25,-0.0020923690289211885
38.26,-0.009442620319026183
38.27,-0.005918248695983828
38.28,0.009945768342362387
38.29,-0.009209516816158555
38.300000000000004,0.0006452660450787344
38.31,0.00293642612537931
38.32,0.0008544624412207217
38.33,0.0038585578420117835
38.34,-0.008289062817372714
38.35,-0.008889420006124525
38.36,0.0020152539256538676
38.37,0.0008183138782885992
38.38,-0.003489080915923093
38.39,-0.00934205708534044
38.4,0.005314686806320199
38.410000000000004,-0.0009700447570318918
38.42,0.0024548914855040092
38.43,0.003019896342723802
38.44,0.006665774821922292
38.45,0.005366353200152427
38.46,0.001967644549853544
38.47,-0.008099791822552311
38.480000000000004,0.0007531049029042263
38.49,-0.009919192316374979
38.5,-0.007883183768160756
38.51,-0.00888237676136984
38.52,-0.003680613039293266
38.53,0.009089863412331043
38.54,0.00032588754595630487
38.550000000000004,-0.0010033403887058298
38.56,0.009353497510776678
38.57,0.007357626295983221
38.58,-0.00842940220257699
38.59,0.0032668684553938693
38.6,-0.004414760344527149
38.61,0.0011378684402121794
38.62,-0.007514675154408018
38.63,0.009069135390613657
38.64,-0.0015717671233814023
38.65,0.00842206168254321
38.660000000000004,0.009736314416822685
38.67,0.0011276718271196681
38.68,-0.00330419955808742
38.69,-0.001989320054638812
38.7,-0.00960029976373859
38.71,0.0010451802113024058
38.72,-0.00792151137804279
38.730000000000004,0.006417987688817671
38.74,-0.00594378177817108
38.75,-0.003394552044451005
38.76,-0.0021324503297386332
38.77,0.004469140168140564
38.78,0.009615169526341246
38.79,0.0014962613640273556
38.800000000000004,0.009968022504656142
38.81,-0.00813139021707352
38.82,-0.005683074596878264
38.83,-0.0032144534880014855
38.84,0.0042633587408840955
38.85,-0.007569991916890872
38.86,-0.007950654801696202
38.87,0.002250213874594129
38.88,-0.006623969062020722
38.89,0.0047254953570411845
38.9,0.0007925405516687606
38.910000000000004,-0.0013697451067330186
38.92,0.005126473450346154
38.93,0.0012540045500597334
38.94,-0.005440988312462176
38.95,0.0008385221953372615
38.96,-0.0038455614107057003
38.97,0.008699751021503424
38.980000000000004,-0.006931455542872287
38.99,-0.0019063083694855834
39.0,-0.000869027582474511
39.01,0.0024407586119528646
39.02,-0.006471655691499498
39.03,-0.004254348310954741
39.04,-0.007140344962014365
39.050000000000004,-0.005248862968255734
39.06,0.009801980923596404
39.07,-0.009669156480803963
39.08,0.00043883444686956125
39.09,0.0013502223797233048
39.1,0.007154748513694112
39.11,-0.003916587608806099
39.12,-0.004660158273359903
39.13,0.0038468757381555745
39.14,0.007087304838681424
39.15,-0.005971932051462874
39.160000000000004,0.0050076997637692
39.17,-0.0016489763923875859
39.18,-0.009943973631122188
39.19,-0.004179215109477004
39.2,-0.006761311761923226
39.21,-0.008909508428409967
39.22,0.004863632653022457
39.230000000000004,-0.002484638419778815
39.24,0.00916761783159011
39.25,0.0010799328791088487
39.26,0.004814691644869055
39.27,0.0015463631655995552
39.28,0.005603203480022528
39.29,-0.007752639608089045
39.300000000000004,-0.006595751918043688
39.31,0.0009509449687830577
39.32,-0.009197571756458195
39.33,-0.006448928322407661
39.34,-0.0021638538608378458
39.35,0.0059437169948378405
39.36,-0.008421719176521037
39.37,0.006716509413125045
39.38,-0.009482348450969319
39.39,0.0013834229344965743
39.4,0.006496226396652269
39.410000000000004,-0.0017438104350437373
39.42,0.0011000452438604189
39.43,0.006401958109558426
39.44,-0.009901104848650418
39.45,-0.009849840621783505
39.46,-3.166756876136351e-05
39.47,0.0051720359172421505
39.480000000000004,-0.00738373274418477
39.49,-0.0017801495655420559
39.5,0.006687929887264679
39.51,0.0007747642393351913
39.52,0.007319560270352054
39.53,-0.0040192677566240655
39.54,0.0026294412903675717
39.550000000000004,0.009116534813327531
39.56,0.0031533546372050636
39.57,0.007348043393414527
39.58,0.015115431993434054
39.59,0.02881078492978163
39.6,0.034251295809082156
39.61,0.03670488929267826
39.62,0.04924364283639077
39.63,0.044948406821290594
39.64,0.049601517387934474
39.65,0.06961682280767881
39.660000000000004,0.061611522875242464
39.67,0.07982796664403664
39.68,0.0703200301274534
39.69,0.07976078867409939
39.7,0.08355582487733682
39.71,0.07560558002768962
39.72,0.0913255494476675
39.730000000000004,0.08946343220962294
39.74,0.08951725769694303
39.75,0.08357756365240182
39.76,0.09799013976635595
39.77,0.09141103432357538
39.78,0.0874681476378793
39.79,0.10363106036149193
39.800000000000004,0.09892561204850317
39.81,0.10246952916401202
39.82,0.09760292298670335
39.83,0.1075493628862636
39.84,0.09572489032291175
39.85,0.10380201629869479
39.86,0.09952784116264925
39.87,0.10782696219705645
39.88,0.10290581179126752
39.89,0.10448154312719499
39.9,0.0945293938532791
39.910000000000004,0.10373120144995222
39.92,0.09995529799121171
39.93,0.10821448435590969
39.94,0.10805981538109227
39.95,0.10295982836444001
39.96,0.10184367672388484
39.97,0.10638245041822815
39.980000000000004,0.09739224613088987
39.99,0.09099536722456558
40.0,0.1015877185512157
40.01,0.09160762874380109
40.02,0.09580571247200799
40.03,0.09862856193913688
40.04,0.09920737837774063
40.050000000000004,0.09727341528455814
40.06,0.10284956926530787
40.07,0.10211645900064474
40.08,0.10792518452323467
40.09,0.09598630570938141
40.1,0.09018308043170677
40.11,0.09630739832237248
40.12,0.09331973096755156
40.13,0.08845850702579444
40.14,0.09668783576862446
40.15,0.10405394763785135
40.160000000000004,0.1010921066014115
40.17,0.08653617442010468
40.18,0.09480573053318218
40.19,0.08725359780102121
40.2,0.09082729819017289
40.21,0.07748582778770895
40.22,0.08336172924130572
40.230000000000004,0.08354330038471318
40.24,0.07832994879892483
40.25,0.06755908557066898
40.26,0.061301745665816594
40.27,0.06609526941740695
40.28,0.051517160147634536
40.29,0.06212964960537774
40.300000000000004,0.04217165497082763
40.31,0.03960733089963098
40.32,0.04099630410427713
40.33,0.028081864807840234
40.34,0.028853186075926365
40.35,0.015531967262360969
40.36,0.010942368700430163
40.37,-0.005164580078236148
40.38,0.004563125812353937
40.39,0.0014515153220748707
40.4,-0.0020156793189819843
40.410000000000004,-0.006377799061619371
40.42,-0.007030218653283378
40.43,0.002796264028063782
40.44,-0.009829438887564088
40.45,0.007154116621786383
40.46,-0.003709800998206352
40.47,0.0034381625189940316
40.480000000000004,-0.0027048731312933946
40.49,0.00646722482462894
40.5,-0.004449033989963907
40.51,-0.009601129428978157
40.52,-0.007639674595328954
40.53,0.008074672813062614
40.54,0.0031405296352139487
40.550000000000004,0.005659912532335462
40.56,0.002398208400088364
40.57,-0.004998804158155379
40.58,-0.004648427927815419
40.59,0.009231557118756907
40.6,0.00038092405821193477
40.61,-0.004859076671425704
40.62,-0.0020859799478228115
40.63,0.002528512874659626
40.64,0.002859217352590388
40.65,0.002402966235860962
40.660000000000004,-0.007949696472911143
40.67,-0.00864931969149206
40.68,0.0037265580207158037
40.69,-0.008659163231390545
40.7,-0.007209924397911891
40.71,-0.0017779582902843535
40.72,-0.006303191929623178
40.730000000000004,-0.006657010431540511
40.74,-0.009542810989925998
40.75,0.0005310292598921934
40.76,0.005319938460558959
40.77,-0.004435886691956206
40.78,0.005142128253756036
40.79,-0.0032645098662499915
40.800000000000004,0.008309183515798133
40.81,0.0025223823585998513
40.82,-0.009631891929233813
40.83,-0.002158275372563216
40.84,0.004847595289090593
40.85,0.00046664586181332547
40.86,0.005698461214843879
40.87,0.0021273091688652126
40.88,0.0021058689264370715
40.89,-0.004218904859589461
40.9,-0.0078823358130347
40.910000000000004,0.009048563790761558
40.92,-0.004031062769187703
40.93,-0.0008448190404299945
40.94,0.003620711210230271
40.95,-0.006023162192077145
40.96,0.001250533677027356
40.97,-0.005374497666232958
40.980000000000004,0.0002568465051508567
40.99,-0.0005050774282054273
41.0,0.008246574648537478
41.01,0.00015819845907804643
41.02,0.005392004631898754
41.03,-0.000948421212536894
41.04,-0.0025576499325796684
41.050000000000004,-0.009042422465039194
41.06,-0.006029909117830705
41.07,0.002010261853975329
41.08,0.0014641301332290729
41.09,-0.007682395503412467
41.1,0.0018730845532388511
41.11,0.002541788906585957
41.12,-0.0016405396077646059
41.13,-0.007758204530668134
41.14,-0.004546649223797497
41.15,0.00046230566023789527
41.160000000000004,-0.005903494345667095
41.17,-9.301404936058917e-05
41.18,-0.005833753319928665
41.19,0.0015271550983228521
41.2,-0.006824483032172099
41.21,-0.003099385142402644
41.22,-0.005360703115115681
41.230000000000004,0.006306232673564895
41.24,-0.00822212422591496
41.25,-0.0015225686719215065
41.26,0.001526102331246823
41.27,-0.0073905877190897605
41.28,0.00463380498581826
41.29,0.0031669315437608397
41.300000000000004,-0.0022079950282290354
41.31,0.00029949400130784877
41.32,0.0016450157186533795
41.33,0.0058239618165930925
41.34,0.0011794858281564333
41.35,0.005780812959678297
41.36,0.0040613834996158765
41.37,0.0018151696315932345
41.38,0.0012277012072390205
41.39,0.0012284966532603164
41.4,-0.0033790714845192294
41.410000000000004,-0.008042672277776938
41.42,0.004871393294757125
41.43,-0.0007893732839735993
41.44,-0.0005103798719706051
41.45,-9.836161728831415e-05
41.46,0.005637082412937049
41.47,0.004498611808613806
41.480000000000004,0.002342799657898194
41.49,0.0028355192363308523
41.5,-0.0036583855920676502
41.51,0.0030643548876071146
41.52,0.009876423357567153
41.53,0.007503480205044747
41.54,-0.008132616556176024
41.550000000000004,0.006331089327132508
41.56,-0.0047655180698712085
41.57,-0.0014620416323660838
41.58,-0.008607678297517272
41.59,-0.004777134731910699
41.6,0.002472182548756967
41.61,0.0031056318327920846
41.62,0.009079950856572877
41.63,0.0051617960148153934
41.64,0.006395308046666307
41.65,0.0006413435467697223
41.660000000000004,0.004297145386325736
41.67,-0.008119385587818955
41.68,-0.005027018444926477
41.69,0.008269852374614141
41.7,-0.00023833977981410105
41.71,-0.004949625852295247
41.72,-0.009611389102114395
41.730000000000004,0.0011288167077739882
41.74,0.005727124158080384
41.75,-0.008918997299798717
41.76,0.0017998184080777555
41.77,0.004191692467487747
41.78,0.00024131280319282522
41.79,0.0017282622122106288
41.800000000000004,0.0018531991740187888
41.81,-0.008184229311203703
41.82,0.0007602595366270563
41.83,-0.007677151370684929
41.84,0.005237645177903403
41.85,-0.000983955684184485
41.86,-0.003416984192010142
41.87,0.004994010191296612
41.88,-0.006610913418548785
41.89,0.0002399457504569484
41.9,-0.004739362838912915
41.910000000000004,0.005836294282126163
41.92,0.0018213875794838193
41.93,-0.00752167589598755
41.94,-0.0065356806192637465
41.95,0.005450380888201545
41.96,0.006624986260249327
41.97,0.009037022642850076
41.980000000000004,-0.009050201035782508
41.99,0.0026560958880800286
42.0,0.0002659575862683679
42.01,-0.007068019922067661
42.02,0.004579049133137489
42.03,-0.002975981245413737
42.04,-0.0022949894722760593
42.050000000000004,0.0069243431515117835
42.06,0.008352719686908672
42.07,0.0005076313505585333
42.08,-0.009907000743017735
42.09,0.007136731985602053
42.1,0.004657577684211149
42.11,-0.0049650891088257225
42.12,0.005433706646513962
42.13,-0.004266889664371314
42.14,-0.0010447203397611071
42.15,-0.004142227863711767
42.160000000000004,0.009173187175615894
42.17,-0.007886856468934233
42.18,0.005658448954861945
42.19,0.00040218935390634765
42.2,-0.009497502155329796
42.21,-0.0011628801159330737
42.22,0.008933305397713144
42.230000000000004,-0.005396691149774972
42.24,0.00018842480239731306
42.25,0.0048972705281796775
42.26,-0.003813217713699333
42.27,0.006737488621643728
42.28,0.008984571403899374
42.29,0.009111836216101484
42.300000000000004,-0.006797200514809037
42.31,0.00871957442706295
42.32,0.008566592345926298
42.33,0.007885168520880793
42.34,-0.008981097116886447
42.35,-0.0007510748947450446
42.36,0.0039489464855867774
42.37,-0.0056917918440575034
42.38,-0.009376537904288275
42.39,0.003236095384343324
42.4,-0.00915347497491694
42.410000000000004,0.00946925237947282
42.42,-0.00929154024456939
42.43,0.0018366205269507024
42.44,0.0028495240600112746
42.45,-0.0050495240757070835
42.46,-0.005587553487855006
42.47,0.009056075876178482
42.480000000000004,-0.00847777305743726
42.49,-0.002725140306296299
42.5,0.008400348496291012
42.51,-0.003901706610272138
42.52,-0.0010487366935313797
42.53,0.003894176629595014
42.54,-0.007370755814091643
42.550000000000004,0.006250965006618073
42.56,-0.0030972855244446084
42.57,0.008267970029911134
42.58,-0.004939777695430465
42.59,0.0011691931451674221
42.6,0.0010459344240082175
42.61,0.009349724490002145
42.62,0.0010827601199610865
42.63,0.008099635643479325
42.64,0.007704750793147018
42.65,0.0008098084831147517
42.660000000000004,0.007342927533581822
42.67,0.003563013144596597
42.68,-0.009953283346145607
42.69,0.0005782555191731972
42.7,-0.006181262548478696
42.71,-0.0006579918133877462
42.72,0.0012667617447372128
42.730000000000004,-0.008887491916059547
42.74,-0.003101498945939447
42.75,0.008682137223865597
42.76,-0.006015239760838993
42.77,0.0004292344446277397
42.78,0.0018896403070078564
42.79,0.00898325463371699
42.800000000000004,-0.008724371853297878
42.81,0.0037347302912110435
42.82,0.007315957123272007
42.83,0.0034405956173850782
42.84,0.006206809993999961
42.85,0.00027365833335566206
42.86,-0.006222662817082501
42.87,-0.00938047129394189
42.88,-0.00757460578417823
42.89,0.006193800687932351
42.9,0.002352098904680921
42.910000000000004,-0.008538055123936707
42.92,-0.003308698981295901
42.93,0.004144448035222568
42.94,0.00833138288411101
42.95,-0.0008565762719736619
42.96,-0.006154110742709975
42.97,0.008536386402388558
42.980000000000004,0.0053568866614205415
42.99,-0.007817033744550814
43.0,0.0055814223924374115
43.01,0.009603562702221872
43.02,-0.004454121288393987
43.03,-0.00799110442980896
43.04,-0.008133254049057674
43.050000000000004,-0.0038313947493333923
43.06,-0.004592572331943609
43.07,-0.0048857181090056654
43.08,0.003964711860610292
43.09,0.0042565434169293
43.1,-0.002156352531322259
43.11,0.002765728945541907
43.12,0.006947926098987601
43.13,-0.0009116243833976554
43.14,-0.0006184572206259561
43.15,-0.006865148490184519
43.160000000000004,-0.002286164498917038
43.17,0.0029661806098857865
43.18,-0.009924172284101666
43.19,-0.00039252298281906503
43.2,-0.005103541693905409
43.21,0.0004906708033647917
43.22,-0.00416091362026032
43.230000000000004,0.0033565586927492112
43.24,-0.006532185778327104
43.25,-0.008688076308488127
43.26,0.0007626793962005277
43.27,-0.0004941049885082652
43.28,0.00588277006414646
43.29,0.004754323175133522
43.300000000000004,0.00965425792434847
43.31,-0.00533597797425903
43.32,0.002689702986356988
43.33,0.0016722102564568093
43.34,0.004813581278496041
43.35,0.008456515708150364
43.36,-0.001686282370311017
43.37,-0.008126293041629467
43.38,0.007963939630137919
43.39,0.004290918729481896
43.4,-0.003574369585801509
43.410000000000004,-0.00035974325084224545
43.42,0.0047668656806082906
43.43,0.0014149187154133564
43.44,0.0055284527912035485
43.45,0.0062341738035588765
43.46,0.008939077836308712
43.47,0.004468901416259866
43.480000000000004,-0.008439516443786996
43.49,0.007193454677649822
43.5,0.009545452354717881
43.51,0.009184599101109503
43.52,0.008940291382159458
43.53,-0.0033961459716635913
43.54,0.0031047641192421278
43.550000000000004,-0.006882917860277171
43.56,0.00941853919237483
43.57,-0.009108726109688908
43.58,-0.0027181064248851736
43.59,-0.0036114030849351405
43.6,0.00012767891172934913
43.61,0.0021541486815210044
43.62,-0.009997044293432955
43.63,-0.003187689639810827
43.64,-0.004778334471159685
43.65,0.004781957278122299
43.660000000000004,-5.863029026514227e-05
43.67,-0.001927697034971903
43.68,0.002862173919931002
43.69,-0.003903567138590216
43.7,-0.00860300386396706
43.71,-0.005415487218023907
43.72,0.00982818678150013
43.730000000000004,-0.00687497926352967
43.74,-0.005932595716409548
43.75,-0.0038367272331025415
43.76,0.0008933330319300711
43.77,0.0017911443775858182
43.78,-0.0019988766516815734
43.79,-0.006001886034466373
43.800000000000004,-0.0024397755875997284
43.81,0.0046924319740175285
43.82,-0.008457869228713945
43.83,0.006457382166570177
43.84,0.0019523037093857505
43.85,0.0030413043984863723
43.86,0.008125035849087471
43.87,0.006095244214306522
43.88,0.0034382923296625983
43.89,-0.0021484361280913484
43.9,-0.0019143666171210355
43.910000000000004,0.0039637009297851175
43.92,0.0010830790349485465
43.93,-0.008206303689944303
43.94,-0.0014554398641512915
43.95,0.006225611893481654
43.96,-0.0032777341856145186
43.97,-0.00660890334179271
43.980000000000004,-0.008947433907155721
43.99,0.008912858205346244
44.0,-0.006161149683449294
44.01,0.00921273651430392
44.02,-0.00781695640757622
44.03,0.00418433731042152
44.04,0.008062167574164223
44.050000000000004,-0.004058676151000027
44.06,0.0017318895202317417
44.07,-0.002591514187233748
44.08,-0.004500974859007026
44.09,0.0036268161189466647
44.1,-0.0039368860740016266
44.11,0.007489798602963537
44.12,0.0023898096110751364
44.13,0.00871556288496155
44.14,-0.003998034271202784
44.15,-0.005820945382431941
44.160000000000004,-0.006207311369699122
44.17,-0.0013690813678517173
44.18,0.006489718450085032
44.19,-0.0014597862659146421
44.2,-0.0035275135548197348
44.21,-0.006293098596332997
44.22,-0.008086175499459215
44.230000000000004,-0.003610150655061559
44.24,-0.008794010712835839
44.25,-0.00933447044463343
44.26,0.007605232872306191
44.27,0.0023589865191811707
44.28,0.0023896863666157536
44.29,-0.006626563335925569
44.300000000000004,6.990721589229809e-05
44.31,0.007768024170008018
44.32,-0.0009752137144536464
44.33,-0.005608512290269612
44.34,0.007760725302797122
44.35,-0.00447104757982344
44.36,0.0022441487106815376
44.37,-0.0056147673609815586
44.38,0.009881061850574394
44.39,-0.004809300192668247
44.4,0.00985996418693647
44.410000000000004,-0.0029387031523531457
44.42,-0.0013565723042301431
44.43,-0.00604020545939431
44.44,-0.008459286698847313
44.45,0.008552929016872374
44.46,0.0008666629422380175
44.47,-0.0018248966884250803
44.480000000000004,-0.003540162313238269
44.49,-0.00397091112247981
44.5,0.004130975184304704
44.51,0.0018887979762632155
44.52,0.006955794275611488
44.53,-0.009548871777682379
44.54,0.0016617982559013495
44.550000000000004,-0.007436758866319915
44.56,0.006559154220223877
44.57,0.007147483492863463
44.58,0.006752266629794631
44.59,-0.009856108234631185
44.6,-0.0033281268972698294
44.61,0.0020046788773034722
44.62,-6.995138644297696e-05
44.63,0.0006796832191838034
44.64,0.0023926816462059054
44.65,-0.009175293401734926
44.660000000000004,0.009150590985538202
44.67,0.009123017938084574
44.68,-1.4215102571355637e-05
44.69,-0.007242931351098086
44.7,-0.004114172630160095
44.71,-0.007674546366806949
44.72,-0.003417732679311021
44.730000000000004,-0.0037798320091163573
44.74,0.005079483926316408
44.75,0.007433978381143841
44.76,-0.005890607519709497
44.77,-0.001286277907950717
44.78,-0.006260462386706383
44.79,-0.008289095299813604
44.800000000000004,-0.0054643236377314545
44.81,-0.006220194784509219
44.82,-0.0006647649700117619
44.83,0.0044291101325173304
44.84,-0.0051094268196683395
44.85,-0.0012372802912664245
44.86,-0.008857382800891387
44.87,-0.0010208862427183649
44.88,0.004343029161941323
44.89,-0.006763718287051093
44.9,-0.0067496258751872824
44.910000000000004,-0.0039527414187748985
44.92,0.0011943959477246774
44.93,-0.0031729878605999805
44.94,0.006593625477566313
44.95,-0.0003466896254547009
44.96,-0.007430652669104925
44.97,0.008527014225074096
44.980000000000004,0.005194820963064117
44.99,-0.005019605961284069
45.0,-0.0043751680002892535
45.01,-0.001651865885477501
45.02,0.007802303320029026
45.03,0.003954965390188811
45.04,-0.003724235405071828
45.050000000000004,3.220848762331904e-05
45.06,-0.004817949565733488
45.07,0.007058882340826725
45.08,0.0037786351702985277
45.09,-0.007859540994635594
45.1,0.0014815539706353135
45.11,0.007396955934375062
45.12,-0.0033800655849889494
45.13,0.007557224130920285
45.14,0.006068752903315674
45.15,0.004912254403165868
45.160000000000004,0.007073993813519549
45.17,0.0005549280784328987
45.18,-0.001355927441308474
45.19,0.0004897418635753815
45.2,0.0005165943269231053
45.21,-0.006713649447402392
45.22,-0.003715005005605767
45.230000000000004,0.00851244349709728
45.24,0.0035568667246908357
45.25,0.006517447591207178
45.26,-0.00042995350973835077
45.27,0.006239580710540765
45.28,0.00984039729334136
45.29,0.002174697543303978
45.300000000000004,0.006063312893380702
45.31,-0.008357591293400326
45.32,-0.003761365773815104
45.33,0.009729544350755482
45.34,-0.005291765983150993
45.35,0.0036276165331662145
45.36,0.003948990907511954
45.37,0.008049726545542731
45.38,-0.001018900893894498
45.39,0.0025155631309654175
45.4,-0.003651919517709437
45.410000000000004,0.004848676268400668
45.42,0.0018342630788329428
45.43,0.0004593623065938142
45.44,0.009952880002190091
45.45,0.005943992268653752
45.46,0.00045675332232591147
45.47,0.004045195176880593
45.480000000000004,-0.0012921043204357652
45.49,-0.005871056083910915
45.5,0.005806679025945413
45.51,0.005151761874714144
45.52,0.0006888025999038198
45.53,0.009745600626604437
45.54,-0.0035972162266378763
45.550000000000004,-0.004088175981290152
45.56,4.414650953352833e-05
45.57,-0.00979723250091177
45.58,-0.0017113415627290698
45.59,0.0069293856783379775
45.6,0.005364258039248081
45.61,0.0007577962462071899
45.62,0.0016212477795449851
45.63,0.007519137337341627
45.64,0.006281231075449466
45.65,0.004551887101854734
45.660000000000004,-0.003316202671138504
45.67,0.0036932372779910176
45.68,0.00909096529840424
45.69,0.0055497095408494415
45.7,0.0022988196031635353
45.71,0.0036062738445535713
45.72,-0.007339962138700614
45.730000000000004,0.002105265386755279
45.74,0.00021957555937447693
45.75,-0.009353240751072045
45.76,0.002716809783400489
45.77,-0.0032783592610042154
45.78,-0.006091570493375518
45.79,0.004864778618241807
45.800000000000004,-0.0032198864245649213
45.81,0.0037387804843946396
45.82,0.009343922690179344
45.83,0.004100779488514925
45.84,0.0006501122787754988
45.85,-0.0009689861668669801
45.86,0.005037356638757569
45.87,-0.0028540788265500796
45.88,-0.00022658454818647034
45.89,-0.00016338038716393402
45.9,-0.0029419661743968813
45.910000000000004,-0.008322446256930714
45.92,-0.0015255904758004514
45.93,0.00995716249372607
45.94,-0.007344245001661783
45.95,0.006065864877379262
45.96,0.008275427114229622
45.97,0.000892504011902379
45.980000000000004,0.0007945496477719232
45.99,-0.007174521423027363
46.0,0.00240511246676914
46.01,0.006007157137693212
46.02,-0.004387434451961863
46.03,-0.009234734462160464
46.04,0.007749503169160557
46.050000000000004,-0.008685829434630038
46.06,0.005743077511598528
46.07,-0.0034175867210128443
46.08,-0.008703724522610933
46.09,-0.009102904902999401
46.1,-0.002407210949427108
46.11,0.0066601116611549275
46.12,0.008091384931810096
46.13,-0.008589043805821584
46.14,-0.00673947156794193
46.15,0.007822273462765076
46.160000000000004,0.0025953943253757793
46.17,-0.0002084053665313626
46.18,-0.009105780505832226
46.19,-0.0030283480379901875
46.2,0.006152563680788205
46.21,0.009725287820564041
46.22,0.0018462668445887818
46.230000000000004,-0.005835002679663188
46.24,-0.0036262584078183124
46.25,0.0021568153068039306
46.26,-0.008182779270747158
46.27,-0.0008797990737987177
46.28,0.0042612225257307595
46.29,-0.009341776662888521
46.300000000000004,-0.006954294379761193
46.31,-0.0021073740606929597
46.32,-0.0021002470819634963
46.33,0.0018091207950127353
46.34,0.0011246066420390506
46.35,0.008956521422142582
46.36,0.0003027114309395746
46.37,0.00658351148540586
46.38,0.008712876526646674
46.39,-0.00454991930129333
46.4,-0.007245984659496985
46.410000000000004,0.00331056129457386
46.42,0.0007802937582666453
46.43,-0.009012669083325126
46.44,-0.0013994672853427596
46.45,-0.006274647627328829
46.46,-0.0058933613423803365
46.47,0.008227315705231346
46.480000000000004,0.008398922487445332
46.49,0.0021853953742600515
46.5,-0.00044139426044122534
46.51,0.009294672179178743
46.52,-0.0036570054754380913
46.53,0.00536920043738069
46.54,-0.006218833932330845
46.550000000000004,0.004975028060173192
46.56,-0.007309715231548286
46.57,-0.003234792197352199
46.58,-0.0074048379632708295
46.59,0.001118069116067098
46.6,-0.006277564977411734
46.61,-0.0030398640343540714
46.62,-0.003987652199671119
46.63,0.0030138144274424582
46.64,0.002650811490063569
46.65,-0.009906566104647296
46.660000000000004,-0.008831766432285636
46.67,-0.0018683899186213958
46.68,0.00485661326785812
46.69,-0.005821309419382399
46.7,-0.005911656512012502
46.71,-0.0059301306943242696
46.72,-0.005700948934030876
46.730000000000004,0.0051386656471620485
46.74,0.009276973585733978
46.75,0.009115956210151507
46.76,-0.0022430362980461974
46.77,0.004710102654472605
46.78,-0.0034780035706415083
46.79,-0.002604332559062077
46.800000000000004,-0.0015926540992649407
46.81,-0.004889514598587168
46.82,0.009640172154360674
46.83,-0.0026056862599920195
46.84,-0.005741936909067704
46.85,-0.005977164859294048
46.86,0.009712259093324295
46.87,0.003654877852887102
46.88,-0.007556419743959198
46.89,0.00023741384718950487
46.9,0.006880342581381501
46.910000000000004,-0.008801218871913312
46.92,0.004078729096525204
46.93,0.009504656819708438
46.94,0.00938917826742035
46.95,-0.00968998727478477
46.96,0.0034298652988917055
46.97,0.006890809616810838
46.980000000000004,-0.002150467394495481
46.99,-0.004104075794174149
47.0,-0.009359753590304606
47.01,0.00952905032633754
47.02,-0.0014235064376476834
47.03,-0.007776776775661374
47.04,0.006526545514624912
47.050000000000004,0.0022357357107211477
47.06,-0.006785433564117549
47.07,-0.005040701204883326
47.08,0.006051891440328512
47.09,0.003974295238793179
47.1,0.005449280523737832
47.11,0.009328221670660776
47.12,0.006971241677788993
47.13,0.006483265339188587
47.14,0.0006977549330743418
47.15,-0.004039422391692837
47.160000000000004,0.009184460413400227
47.17,0.0003117970131990295
47.18,0.002116575856950586
47.19,0.009799342240526162
47.2,-0.008865975288503327
47.21,-0.004608466596103209
47.22,0.007611058047501456
47.230000000000004,-0.006231495329665304
47.24,-0.005380361506905127
47.25,0.004506384244079313
47.26,0.004799788848100582
47.27,-0.0005324848623724301
47.28,0.009900573124381825
47.29,-0.00031733217374415625
47.300000000000004,0.002035356103553458
47.31,0.006714163574617708
47.32,-0.00790154125083883
47.33,-0.007158747366202414
47.34,-0.0026917113505982564
47.35,-0.0021827768231404126
47.36,-0.0009092906049036689
47.37,-0.009652237307808356
47.38,0.0022794879444935443
47.39,0.009683022631517163
47.4,0.002467221692771233
47.410000000000004,-0.002628158312622069
47.42,0.0013750929311435386
47.43,-0.00024601802796637637
47.44,-0.009961791685819866
47.45,-0.009908985196900665
47.46,0.0037609873082881124
47.47,-0.006562102671546883
47.480000000000004,0.009060664837702107
47.49,0.008526878778864476
47.5,5.6060212868079204e-05
47.51,-0.009164330443524604
47.52,0.007090607385963005
47.53,0.006296120122934236
47.54,-0.0020569987672988937
47.550000000000004,0.005198536271239422
47.56,-0.0016603585176039222
47.57,0.007458159501346496
47.58,-0.007322336266760439
47.59,0.00511540056742041
47.6,-0.009536130103635798
47.61,0.00463156588908612
47.62,-0.008334138724277365
47.63,0.009074820131006042
47.64,-0.00748695040340608
47.65,-0.0015471970066642422
47.660000000000004,0.0009934716896659122
47.67,0.008392175442095777
47.68,-0.0051418535863126434
47.69,0.009623915522353163
47.7,0.006007304538535421
47.71,0.0016578356616861866
47.72,0.009975145464170018
47.730000000000004,-0.0006361285100266543
47.74,-0.008645969061065557
47.75,-0.007867793931088513
47.76,-0.009761976699996096
47.77,-0.002196661489094842
47.78,0.006559794556006743
47.79,0.005984891398589895
47.800000000000004,0.006724166010657661
47.81,0.00877465894631096
47.82,0.0050567477568725355
47.83,-0.0008699358665838954
47.84,-0.003278633433112843
47.85,-0.0014449279464579176
47.86,0.007695359579835416
47.870000000000005,-0.005013741673864136
47.88,0.007407632057957999
47.89,-0.00725606603326282
47.9,0.007325250205343739
47.910000000000004,-0.0027108294908624007
47.92,-0.00017971274781959298
47.93,-0.009669983813497167
47.94,-0.00030127926072346344
47.95,-0.009613431796851268
47.96,0.007767239896390289
47.97,-0.005883172587578945
47.980000000000004,0.003776187347244742
47.99,9.070031031396635e-05
48.0,-0.0014311526208066958
48.01,0.009644069112330506
48.02,-0.005240530794920535
48.03,-0.009842946393617885
48.04,0.008326256831378461
48.050000000000004,-0.002553289532031635
48.06,-0.002267688020777989
48.07,-0.006702521319864052
48.08,0.0055938818631931005
48.09,0.009515816481617879
48.1,0.0012268497420445355
48.11,-0.002868068095740488
48.120000000000005,0.0009799744559187817
48.13,0.003557427479137308
48.14,0.0007792320261896628
48.15,-0.005518716001182653
48.160000000000004,-0.008994140469913512
48.17,0.0044834397845277835
48.18,-0.0008931294374086816
48.19,-0.001263397426179022
48.2,0.008646183954465517
48.21,0.004689436694417895
48.22,0.003452447394887436
48.230000000000004,0.007259276447216129
48.24,-0.000265086306753759
48.25,-0.009782994949601333
48.26,-0.004288476489010595
48.27,-0.00946149088208913
48.28,0.005400140017146315
48.29,0.002027336007133878
48.300000000000004,-0.009932143587488616
48.31,-0.002033152078569321
48.32,0.0005544388082375142
48.33,-0.005546986199211035
48.34,-0.0029317873081205863
48.35,0.00554233326110279
48.36,-0.003242095540067935
48.370000000000005,0.007910644421702114
48.38,-0.0058890314203910825
48.39,-0.005493008867366136
48.4,-0.009025198611020246
48.410000000000004,-0.0009624031791462123
48.42,0.003495072052075143
48.43,0.009482467965462834
48.44,-0.0014307295182831338
48.45,0.004824646493025931
48.46,-0.006756248037626509
48.47,-0.009159924811227675
48.480000000000004,-0.004885212711527392
48.49,-0.009868287309532868
48.5,-0.006575751218857962
48.51,-0.002658991708644214
48.52,-0.003961127828793178
48.53,0.002937834468600931
48.54,0.0036712534020686277
48.550000000000004,-0.009670165417572714
48.56,0.008889373079598516
48.57,-0.0002621267055360303
48.58,-0.008796696627375825
48.59,0.002183125223165586
48.6,0.003372163162770239
48.61,-0.00784925414307514
48.620000000000005,0.0032622987893521846
48.63,0.0059203416026395225
48.64,-0.009098433845685993
48.65,-0.002820606017917591
48.660000000000004,0.004898118054556231
48.67,-0.001645856347051439
48.68,0.009693216052278785
48.69,0.004690061799034379
48.7,0.005129865003648822
48.71,-3.0468730251460505e-05
48.72,-0.0069766392574483055
48.730000000000004,0.00807092028345219
48.74,0.0020150599598142502
48.75,0.001575875267621072
48.76,-0.00564798941123847
48.77,-0.0007859546760425017
48.78,0.007612950655452639
48.79,0.006355649368655099
48.800000000000004,-0.0043834910810124075
48.81,-0.002668361796323515
48.82,-0.007435269418672735
48.83,0.006820664109736923
48.84,0.005731673349166048
48.85,0.0015616987109291474
48.86,0.005498750758886258
48.870000000000005,0.001427223078064109
48.88,0.009902090058342824
48.89,-0.0062926377791392655
48.9,-0.0008682050257534258
48.910000000000004,-0.0003330631612707014
48.92,0.009700595027267356
48.93,-0.00630452355530473
48.94,0.005811077366764802
48.95,-6.631579139968445e-05
48.96,-0.006937660340443772
48.97,0.0033123180138526203
48.980000000000004,0.009075467143241535
48.99,-0.005232194277635305
49.0,0.0015250767550201456
49.01,-0.0016280190469957143
49.02,0.0004288908700923553
49.03,-0.0005977937242091971
49.04,0.003773549407769425
49.050000000000004,-0.0006552315809088809
49.06,-0.0017316226650851158
49.07,0.0006329522536361407
49.08,-0.004754950540275378
49.09,-0.006798435870545367
49.1,0.00039575630426657606
49.11,0.009469332624078576
49.120000000000005,-0.005657059194807912
49.13,-0.0052579350163272
49.14,-0.009599726304006665
49.15,0.009158225455703295
49.160000000000004,0.0019828213463996807
49.17,0.008147847688567073
49.18,0.0004368732728276276
49.19,-0.00473510074839125
49.2,0.005196614393725162
49.21,0.0063048957478909155
49.22,0.002443065388995823
49.230000000000004,-0.006743286313832865
49.24,0.009477123750693933
49.25,0.0027407400728102996
49.26,0.008582392915785898
49.27,-0.007679428316949038
49.28,0.004755732840886593
49.29,0.007644461880183048
49.300000000000004,0.004095203935686189
49.31,0.0028205185025411833
49.32,-0.007198249596279833
49.33,-0.0032297742892850303
49.34,0.007516018661952102
49.35,-0.007076089616275316
49.36,0.00782542606785683
49.370000000000005,0.008112999730780878
49.38,0.001983333192932781
49.39,-0.0067046142045741105
49.4,-0.000660229441405957
49.410000000000004,0.007859332695149783
49.42,-0.0035707429166658257
49.43,0.0036918175797669966
49.44,0.003332296013764495
49.45,-0.00579696299506375
49.46,-0.00434839211068536
49.47,-0.0010792838268916319
49.480000000000004,0.0019228234814555097
49.49,-0.0002753412082851011
49.5,-0.0022936776347268987
49.51,0.008205016845423215
49.52,-0.001932120378656723
49.53,0.0015759095993824034
49.54,-0.008008689417633694
49.550000000000004,0.0021886682329596875
49.56,-0.005424675139035531
49.57,0.0054297422806012605
49.58,-0.007407727704662333
49.59,-0.0027319542572063924
49.6,-0.007337259920930763
49.61,-0.00015707705302362568
49.620000000000005,-0.0038075519720596595
49.63,-0.008283732632996213
49.64,0.0036897831453234376
49.65,0.006601607616779666
49.660000000000004,-0.004238376020437551
49.67,-0.0071056147717169504
49.68,0.008200071472763174
49.69,-0.0024293777053574364
49.7,0.00011322290699971108
49.71,-0.008243808961070243
49.72,0.005024072599697796
49.730000000000004,-0.0011757461031401423
49.74,0.0067309203922308585
49.75,-0.00018015893320223915
49.76,-0.009316256052690966
49.77,3.0321331881764946e-05
49.78,-0.00024151649564450872
49.79,0.0034232137527245472
49.800000000000004,-0.008616180724755836
49.81,0.006320041301692067
49.82,0.0006398804063662208
49.83,-0.0031901313007370357
49.84,0.00485217447857229
49.85,0.004833660698635993
49.86,0.00034095923452021927
49.870000000000005,-0.003418489506941018
49.88,0.002842664380752029
49.89,0.008368986979267664
49.9,-0.009303620476588162
49.910000000000004,-0.009893358144107687
49.92,0.007864912462694744
49.93,0.003630225776563814
49.94,0.0017331067024264051
49.95,-0.007420687061034815
49.96,0.004939116286236165
49.97,-0.008950110277833063
49.980000000000004,-0.0033995159365720505
49.99,0.0054741091167852685
50.0,-0.0026134140460064197
50.01,0.004180625502595552
50.02,0.008696725888425913
50.03,-0.0074443911441886956
50.04,0.0015700652586242581
50.050000000000004,0.005513803678980815
50.06,0.0078046056212297005
50.07,-0.007633878223597299
50.08,0.007193642674577129
50.09,0.005139681855976422
50.1,0.002858030961191393
50.11,0.008759399040675854
50.120000000000005,0.0049595347202432485
50.13,0.005436985460529963
50.14,-0.007670924283191579
50.15,-0.005365906628708772
50.160000000000004,0.008207100775053376
50.17,-0.009947084529903474
50.18,0.005571907632772034
50.19,-0.0041720932129492615
50.2,0.0023629449967111273
50.21,-0.002837262397378879
50.22,-0.0035051656611783753
50.230000000000004,0.005095338497208255
50.24,-0.0005901891463316097
50.25,0.007316834987094118
50.26,0.0026335553537469927
50.27,-0.008367388648037783
50.28,-0.0008458195927580348
50.29,-0.0028206416326465545
50.300000000000004,-0.009239081707660872
50.31,0.007973463826611129
50.32,-0.009799120302761493
50.33,-0.006136771474051826
50.34,0.0011416508046170754
50.35,-0.007799424886376961
50.36,0.004184479998831281
50.370000000000005,-0.008799794482242976
50.38,-0.00314212850378029
50.39,0.009429331267657921
50.4,0.007961234213690173
50.410000000000004,0.005548511852175905
50.42,0.0071292307651233105
50.43,0.005455592786488765
50.44,-0.0013486876142286518
50.45,0.0006107621911073131
50.46,0.009713562299695484
50.47,-0.007684928993425238
50.480000000000004,-0.006775511037716295
50.49,0.009001174056593583
50.5,0.005447881660424982
50.51,-0.0021850000929913554
50.52,0.007986371631492161
50.53,-0.0063681413510741965
50.54,-0.008246368676862736
50.550000000000004,0.004104822222075803
50.56,0.009817418561675362
50.57,0.00014044421231859498
50.58,0.002054485347687181
50.59,-0.0031464027584271
50.6,0.007344781971085996
50.61,0.004708240768396932
50.620000000000005,-0.0031850235860492807
50.63,-0.0002905086332035695
50.64,0.004519991718141962
50.65,0.002467591089749461
50.660000000000004,-0.004224470796817701
50.67,0.00502201416997748
50.68,-0.009661353898931207
50.69,0.0031702613066635285
50.7,-0.001584912779265906
50.71,-0.002208179248114086
50.72,0.0028285868347435496
50.730000000000004,-0.009819501438808378
50.74,-0.0024656324680315646
50.75,-0.0009906620640691248
50.76,-0.0016242639970934364
50.77,0.00949813621711128
50.78,0.0024426133346194118
50.79,0.002073378976009961
50.800000000000004,0.008104722152349567
50.81,-0.0055404679939125324
50.82,0.009639750868595079
50.83,0.00869832018231141
50.84,0.006804137108795049
50.85,0.001790302305473326
50.86,-0.003986183344634253
50.870000000000005,-0.009246881543811486
50.88,0.007917002518300366
50.89,-0.00843301243938846
50.9,-0.007511313556740904
50.910000000000004,-0.008602421624107863
50.92,-0.002951918347328264
50.93,0.0030501705859725583
50.94,-0.005506958422062118
50.95,-0.0048712534516492335
50.96,-0.0008333524633775367
50.97,0.004023688704853732
50.980000000000004,0.00885755408779858
50.99,0.007784470629043675
51.0,-0.0017666018544876573
51.01,0.004735590888159422
51.02,-0.00831711703539869
51.03,-0.008669889777256426
51.04,-0.00498865678240513
51.050000000000004,0.001073907916107706
51.06,0.0024864768300145567
51.07,-0.004427348035202014
51.08,0.008836002950145529
51.09,0.00730513708278468
51.1,-0.0023092912653962143
51.11,0.00805476321528409
51.120000000000005,-0.0031164479649422793
51.13,0.0053313979690121464
51.14,-0.008442464755777071
51.15,0.009902076362415644
51.160000000000004,-0.005710866332320761
51.17,0.008719273060320937
51.18,0.00835054263490454
51.19,0.007368355794354438
51.2,-0.005157304700761596
51.21,-0.007633884265873145
51.22,0.004540834983616307
51.230000000000004,0.0020605637107205827
51.24,-0.004520192656411868
51.25,0.009188308841429854
51.26,-0.008618210143955692
51.27,0.007058186778982957
51.28,-0.006873585303503207
51.29,-0.008765413387079186
51.300000000000004,-0.007619164258070939
51.31,0.006201564557491683
51.32,0.008383307230204954
51.33,0.008267018259066122
51.34,-0.006448534871289609
51.35,-0.0025796604101376696
51.36,-0.007789816615176268
51.370000000000005,0.007889420696213666
51.38,-0.0036333718510236056
51.39,0.00305452694621906
51.4,0.009298848821752423
51.410000000000004,-0.0026075203416613315
51.42,0.005377507103501046
51.43,-0.008625989637006566
51.44,-0.0008262482338099279
51.45,-0.004360580180422218
51.46,-0.0031657689408639157
51.47,-0.003235343225690421
51.480000000000004,0.0013377109276570855
51.49,0.008783241222516903
51.5,-0.0088469241398169
51.51,-0.003698846999839951
51.52,0.002473791645550916
51.53,0.005091205681193501
51.54,-0.005511033800670582
51.550000000000004,0.009578321435629146
51.56,-0.00036216204458905214
51.57,-0.005054265453279456
51.58,0.00754019468044805
51.59,0.0036389714996594314
51.6,-0.006076603456959175
51.61,-0.004346516200817989
51.620000000000005,-0.008282274395849425
51.63,-0.0024209638742747905
51.64,0.009008085114741935
51.65,0.00877609619315312
51.660000000000004,-0.0032043328789372015
51.67,-0.004943175891628195
51.68,0.002347377142306201
51.69,0.008132757292361676
51.7,0.0016552295145748786
51.71,-0.005590539363557665
51.72,0.00654871505492838
51.730000000000004,0.009369364180716848
51.74,0.0032016273223691542
51.75,-0.006272503989088327
51.76,0.0021233296048641017
51.77,0.007231998452907394
51.78,0.0022981373910537003
51.79,-0.0092289128982895
51.800000000000004,-0.0031632988837995684
51.81,-0.002888971127780509
51.82,0.006936066190141614
51.83,-0.0019296825595649398
51.84,-0.0039855046286557385
51.85,-0.005708851965560145
51.86,-0.0009261110114756853
51.870000000000005,0.004322123182300576
51.88,-0.0028900263285261277
51.89,-0.009747245655030766
51.9,0.003097493747432305
51.910000000000004,0.0017648915574616213
51.92,0.004995942618470264
51.93,0.0050236210766316965
51.94,-0.008844363701578038
51.95,0.008124212631899991
51.96,-0.008208063996167659
51.97,0.009157619362882544
51.980000000000004,0.0059207492267963745
51.99,-0.004272586682772015
52.0,-0.0012789615660844904
52.01,0.006029781394494673
52.02,0.0015586746826666675
52.03,0.008187646114856917
52.04,-0.0043158164905691115
52.050000000000004,0.0011879353794287308
52.06,-0.003980832003701422
52.07,-0.007461257134862065
52.08,0.008973199534653425
52.09,-0.004692920549438475
52.1,-0.00778732975662845
52.11,0.00687252966602875
52.120000000000005,0.008174829475425206
52.13,0.0004771064288780994
52.14,-0.004197360809501196
52.15,-0.005761833200035422
52.160000000000004,0.00202173520605152
52.17,0.001073324316295518
52.18,-0.0019439518623330203
52.19,-0.0022093468975505678
52.2,0.009151831575277504
52.21,-0.005051770366601289
52.22,-0.00549511460908531
52.230000000000004,-0.005855383910034482
52.24,0.005079163466573005
52.25,0.006549028559098032
52.26,-0.009808257169333368
52.27,0.005257529241092181
52.28,0.008433787785730286
52.29,-0.001576092330091601
52.300000000000004,0.006452291564476664
52.31,0.00763433500969723
52.32,-0.006697697400329477
52.33,-0.004245501006071566
52.34,0.009542088109267636
52.35,-0.007211610200912848
52.36,0.006102290024132538
52.370000000000005,0.006033924005626126
52.38,0.003710784945124024
52.39,0.004243856861728639
52.4,0.005659699064240827
52.410000000000004,0.0020337866975106422
52.42,0.0005372571840576885
52.43,-0.00867490034103429
52.44,-0.0020149028282246025
52.45,-0.003982899762340477
52.46,-0.0023290180748016523
52.47,0.007560920941733466
52.480000000000004,-0.0028413888685180667
52.49,-0.00018885343262763782
52.5,-0.0038619623397823143
52.51,-0.006142880435951412
52.52,0.00752765884308494
52.53,-1.440376862844872e-06
52.54,-0.0045730342160845375
52.550000000000004,-0.0076351763803463295
52.56,-0.0016107881325374482
52.57,0.007550812105523904
52.58,0.00987665733559061
52.59,-0.008941099794407577
52.6,-0.0036960166449134402
52.61,-0.006314149316263324
52.620000000000005,0.009681203278503485
52.63,-0.0029451505427598333
52.64,-0.00487661448049443
52.65,0.00799990530446701
52.660000000000004,0.005788589223224875
52.67,-0.0001922857350048976
52.68,0.007426557957890273
52.69,-0.005042479822448125
52.7,-0.0021655708471090707
52.71,-0.008285855981853572
52.72,-0.002482107835866767
52.730000000000004,-0.008144993134766309
52.74,-0.008928250710099648
52.75,0.0051035661334287215
52.76,-0.005638030703603116
52.77,-0.004461987060154517
52.78,-0.006964374246968357
52.79,-0.005092416137312996
52.800000000000004,-0.008917354894915058
52.81,0.0013478092892420523
52.82,-0.0007201468512313333
52.83,0.0027072349228841382
52.84,0.006140921812749641
52.85,-0.005843113926764334
52.86,-0.0035614178116304207
52.870000000000005,-0.004367655460588886
52.88,0.009931858932897478
52.89,-0.004699455499278245
52.9,-0.005237977468550492
52.910000000000004,-0.006626969547887891
52.92,0.007603068856381604
52.93,0.009937676318094958
52.94,-0.005249404204541583
52.95,-0.0025497465064690684
52.96,0.008406711868778843
52.97,0.0027212009273871133
52.980000000000004,0.009675785518481571
52.99,0.006680743917827232
53.0,0.005831717971529192
53.01,-0.0002236635228480225
53.02,-0.006686004022937673
53.03,0.009710156296465952
53.04,-0.008027418505716056
53.050000000000004,0.00945259521140106
53.06,0.008972605737668898
53.07,0.008219661396533929
53.08,0.004906883108496088
53.09,-0.008823106698475414
53.1,-0.006967695303009138
53.11,0.009435920444032497
53.120000000000005,0.00991999651098323
53.13,0.0016435460878146714
53.14,-0.002762653431003388
53.15,-0.002715731433666953
53.160000000000004,-0.0013958520838620644
53.17,-0.0076927492383638656
53.18,0.0012606955060813947
53.19,-0.0018422334832285444
53.2,0.007264703635156711
53.21,0.0033382326763572584
53.22,-0.00938986646717342
53.230000000000004,-0.00026218396927298916
53.24,0.005872555528896798
53.25,0.0031109279699586094
53.26,0.008974801657603318
53.27,-0.0008922091293240269
53.28,-0.006840141305544738
53.29,-0.005262107138504002
53.300000000000004,-0.0015033845278746676
53.31,-0.0076856941033012416
53.32,-0.0022268150784446527
53.33,-0.0003825227072611747
53.34,-0.009102215697659526
53.35,-0.0016172878417541007
53.36,0.004165474225727574
53.370000000000005,0.0006277754291195911
53.38,0.006144863041661236
53.39,0.009001470925979074
53.4,0.0005921211858152791
53.410000000000004,0.0047646160904665485
53.42,0.009768618005617903
53.43,-0.002882132796259782
53.44,-0.007911806107361526
53.45,0.008377114413643022
53.46,-0.0090200056440869
53.47,0.0017254085017177918
53.480000000000004,0.0054223041180273875
53.49,-0.00623049923622792
53.5,0.0008274946409257619
53.51,-0.005105775845583749
53.52,0.0072623496014809445
53.53,0.007950407997634726
53.54,-0.004812890358338615
53.550000000000004,-0.0011760001106666529
53.56,-0.006556787202478474
53.57,-0.0011492431437758067
53.58,-0.0030191854593467514
53.59,-0.005799556073998073
53.6,0.007312743147304476
53.61,0.0033780193432516644
53.620000000000005,0.003460564202409795
53.63,0.005582384662588107
53.64,-0.0010957537848967861
53.65,-0.005912450484197318
53.660000000000004,-0.003491253523639686
53.67,-0.003987179942507497
53.68,-0.006748378478243094
53.69,2.078171889139356e-05
53.7,0.007851860800856014
53.71,-0.00519336316766027
53.72,-0.008997515870902204
53.730000000000004,0.005536087681360085
53.74,0.0008613083005164276
53.75,0.004139208504319852
53.76,0.005749713387214158
53.77,-0.0019801898992417126
53.78,-0.004055193583194097
53.79,-0.007402210509060918
53.800000000000004,-0.0035923764921779377
53.81,0.0025963687770060636
53.82,0.0017029512633604214
53.83,-0.008640892728999911
53.84,-0.006197193388656605
53.85,0.006731052292656086
53.86,0.0008401162198343019
53.870000000000005,-0.008078428400913107
53.88,0.0039060175263418723
53.89,-0.0008036927989017104
53.9,-0.0008496136760386633
53.910000000000004,0.0034715923021685097
53.92,0.007231820352336731
53.93,-0.00943438514093208
53.94,-0.007986230431838126
53.95,0.003365353309731662
53.96,-0.006182260987438146
53.97,-0.0004041740302939186
53.980000000000004,-0.006273543964655227
53.99,-0.0012241957209944802
54.0,0.00310383548636509
54.01,-0.005520560810861717
54.02,-0.005719725580019288
54.03,-0.003694781791236985
54.04,0.008815816595950524
54.050000000000004,0.00756513799099095
54.06,0.005970774669470177
54.07,-0.007206603813282215
54.08,0.004248907778083559
54.09,-0.00567019279694657
54.1,0.004325287468351115
54.11,-0.004393459481782198
54.120000000000005,0.002239417071031244
54.13,0.0024897460058968396
54.14,0.0059962292890239546
54.15,0.009511348730103232
54.160000000000004,-0.008529222546204978
54.17,-0.006373665291348354
54.18,0.0004545926689669792
54.19,-0.002249258714074296
54.2,-5.849489578754405e-05
54.21,-0.00992059481435641
54.22,-0.008616449122759284
54.230000000000004,0.0032052524310418606
54.24,-0.002069866069582472
54.25,-0.009705554005465
54.26,-0.0013369077997821052
54.27,-0.0011404100707647063
54.28,-0.0012434186439508957
54.29,0.008277731194406173
54.300000000000004,-0.0063097560475135015
54.31,-0.005639192969155416
54.32,-0.00028944691230943856
54.33,0.00736730140401567
54.34,-0.0002693751932255073
54.35,-0.003430231450151042
54.36,-0.00530179228011691
54.370000000000005,-0.004082669548616618
54.38,0.006970284295288972
54.39,0.0019061427929882233
54.4,0.0018844516875435174
54.410000000000004,-0.004820016066544422
54.42,-0.004570055080458293
54.43,-0.008949887528330654
54.44,-0.0046239728250166805
54.45,0.007728837510655661
54.46,0.0022868594391856987
54.47,-0.0030073241663522102
54.480000000000004,-0.0049796105775584175
54.49,0.0034769447024213355
54.5,0.0026503859750477247
54.51,-0.007117752745465474
54.52,0.00020036649885216314
54.53,-0.00028861461160937206
54.54,0.007890434865086763
54.550000000000004,0.0065441784529839345
54.56,0.007190061050115113
54.57,-0.0067169241733354415
54.58,-0.009324782673740768
54.59,-0.0030556858992803627
54.6,-0.0046541163977747236
54.61,-0.007913099262410865
54.620000000000005,-0.00612921105620267
54.63,-0.0025795523946888065
54.64,0.0011855100974187578
54.65,-0.007415218950789693
54.660000000000004,-0.0018070345403131387
54.67,0.006862592709063328
54.68,0.0012078245601423385
54.69,0.0005433333794980406
54.7,-0.008262102119755308
54.71,0.006147120954737838
54.72,0.005044274169801912
54.730000000000004,0.0013794933694488958
54.74,-0.003011765924581444
54.75,-0.007385248645203286
54.76,0.005212624895625214
54.77,-0.005341047996898765
54.78,-0.005301971968941943
54.79,0.005188558860239872
54.800000000000004,-0.00711088739007433
54.81,-0.008027292110252889
54.82,0.0050351212745342894
54.83,0.0015147743885829228
54.84,0.0040771158290881775
54.85,-0.005914291248450818
54.86,-0.009678071990251193
54.870000000000005,-0.0027328859067896148
54.88,-0.008499822265000227
54.89,-0.006219290845881274
54.9,-0.005491743104175615
54.910000000000004,0.00906352475835767
54.92,-0.0011354921961003982
54.93,0.005709596551396955
54.94,-0.004990176678466478
54.95,-0.0028422333828899806
54.96,0.006396441883412275
54.97,0.00026468928866801855
54.980000000000004,0.006812719750126045
54.99,-0.005617435143756011
55.0,-0.009683042247593485
55.01,-0.00450479399765235
55.02,-0.001684584358237368
55.03,0.008520502119895053
55.04,-0.004499367462019497
55.050000000000004,-0.0015146767822408827
55.06,0.0034626594159721576
55.07,-0.005374627114904174
55.08,-0.00708679292539355
55.09,-0.00597635345977694
55.1,-0.00810026538722343
55.11,0.004145924032667692
55.120000000000005,0.0025805642143466433
55.13,0.008873840295956678
55.14,0.0073361474036393644
55.15,-0.00893008642410563
55.160000000000004,-0.0019986717173654123
55.17,0.004199444200876597
55.18,0.007216158773802167
55.19,0.0012381997986726893
55.2,-0.008092341183818571
55.21,0.004045533035021668
55.22,-0.0013945208011315064
55.230000000000004,-0.002020909055766502
55.24,0.009811340323718094
55.25,0.004734122219590553
55.26,0.0049842633726905824
55.27,-0.005570393623295613
55.28,0.009469922136077726
55.29,-0.0004826399710896809
55.300000000000004,-0.0013930900857608026
55.31,-0.00138856709789148
55.32,-0.009157770426030427
55.33,-0.003787858794617023
55.34,-0.0009415947553027462
55.35,0.004636522787285893
55.36,0.006512055990861751
55.370000000000005,-0.0005434685238744734
55.38,0.00948026507056443
55.39,0.004586876847855706
55.4,0.008261987204801124
55.410000000000004,0.004374091831473708
55.42,0.0061993073091330345
55.43,-0.00772381165744614
55.44,0.004294657293476245
55.45,0.009899251919359408
55.46,0.008221003514708511
55.47,-0.0022959281919489906
55.480000000000004,0.0057619853298675906
55.49,-0.0012242158075430696
55.5,-0.006640019858962767
55.51,0.003017659503442776
55.52,0.006566386535347567
55.53,0.007779079852612338
55.54,-0.0059275196343333315
55.550000000000004,0.0033222707875003744
55.56,0.00688666084877552
55.57,-0.005469236478445909
55.58,-0.0008913398520029574
55.59,0.0075900296182380405
55.6,-0.004971924395911985
55.61,-0.008348106006039299
55.620000000000005,-0.005875203142682206
55.63,0.00046227414541381677
55.64,-0.0015549501171202799
55.65,0.004493620470665125
55.660000000000004,0.0072540501631195246
55.67,0.006150365125484761
55.68,-0.0026127941701936793
55.69,0.0071592271259786535
55.7,-0.00457495911917523
55.71,0.00921138600628651
55.72,-0.0016944221685096777
55.730000000000004,-0.008849811393091283
55.74,-0.004636764780672787
55.75,-0.0024337620834954917
55.76,-0.007268446853817698
55.77,-0.004722851570407747
55.78,-0.004652445681347163
55.79,-0.0023649103063561076
55.800000000000004,-0.004258105030521384
55.81,-0.008437647085031405
55.82,0.0011764941627718187
55.83,-0.006326388112009864
55.84,0.005435803412543943
55.85,0.00522552941353374
55.86,0.0024964958435033813
55.870000000000005,-0.0023387448340133447
55.88,-0.007719194888112968
55.89,-0.0066264850521402414
55.9,0.0021173385505217617
55.910000000000004,-0.00814436645376605
55.92,-0.0007897913192677249
55.93,-0.004735864820309501
55.94,0.001465617121683048
55.95,0.0094523380765696
55.96,-0.006335305560333689
55.97,-0.003948014605791763
55.980000000000004,-0.005634307829877112
55.99,0.009122702053176867
56.0,-0.007162449548836302
56.01,-0.005303267868127149
56.02,0.009123778034821511
56.03,0.0019222137894659742
56.04,0.003473923287284712
56.050000000000004,0.0009237476592606365
56.06,0.0021754344705702585
56.07,0.005095526168618065
56.08,0.006576897421628125
56.09,0.0026094738706264435
56.1,-0.0054984011966997025
56.11,-0.0010871400251034839
56.120000000000005,0.006863104179391609
56.13,0.006276725617994109
56.14,0.0032978666341671164
56.15,-0.005885041082943932
56.160000000000004,-0.008019754650157694
56.17,-0.004512197644864166
56.18,0.009402571342597999
56.19,-0.005204678557429228
56.2,0.008382293890135074
56.21,-0.000202494556014789
56.22,0.0015529265008647954
56.230000000000004,-0.00039895446918691325
56.24,-0.007170690048082582
56.25,-0.009387859932898635
56.26,0.00862235596304887
56.27,-0.009846977766700484
56.28,0.006631063326732788
56.29,-0.004757762716096037
56.300000000000004,0.008711802002565496
56.31,0.009389398163979561
56.32,-0.009640064222973725
56.33,0.0047320619618191825
56.34,0.006424379865603182
56.35,-0.00043627511711503454
56.36,-0.005954418073681253
56.370000000000005,-0.006440928939179708
56.38,0.006581208468784417
56.39,0.003149969506203207
56.4,0.0056082646320877744
56.410000000000004,0.0022368611046677915
56.42,-0.003201281489032777
56.43,0.009438377409898181
56.44,-0.006450969367955761
56.45,0.0024461419242334977
56.46,0.00922844857016143
56.47,0.007817144895000171
56.480000000000004,-0.004432900168019977
56.49,0.002148017402974916
56.5,-0.008509389976735435
56.51,-0.009766006834613036
56.52,0.005384575184876313
56.53,0.0006849156393571691
56.54,-0.0036745450913112767
56.550000000000004,0.008304788072353303
56.56,0.0019558570673107595
56.57,0.0010619002916804291
56.58,-0.00610593349989556
56.59,0.00787233447290638
56.6,-0.0016980840151277852
56.61,-0.007593094153153599
56.620000000000005,0.0030287705564190186
56.63,-0.008048317715898087
56.64,-0.0010824155750319836
56.65,0.006348234055764726
56.660000000000004,0.004582046434963849
56.67,-0.0008511690344204341
56.68,0.007825223974251777
56.69,-0.0032059371565816086
56.7,0.0012905616468758645
56.71,0.0006414208063087509
56.72,0.0013537695777323597
56.730000000000004,-0.007150033358339396
56.74,-0.007835068026874774
56.75,-0.005638137147775278
56.76,-0.005471868359568535
56.77,0.007185934694670491
56.78,-0.0072759593083102335
56.79,-0.0036793482444588176
56.800000000000004,0.0038346680908568492
56.81,0.0032444451967345786
56.82,0.002333161220978191
56.83,-0.003704646375517202
56.84,0.009587239483512712
56.85,0.006617350888750076
56.86,-0.004470376261200088
56.870000000000005,0.003992770617678769
56.88,-0.0035825518174399627
56.89,-0.0011984634540295816
56.9,-0.0034604919362034667
56.910000000000004,-0.02418194079157649
56.92,-0.022676873616185582
56.93,-0.045701755319947274
56.94,-0.047820185663511885
56.95,-0.06167441250719085
56.96,-0.07662529329645489
56.97,-0.07053113685489659
56.980000000000004,-0.08771518001966361
56.99,-0.09125072428403276
57.0,-0.09047718895809241
57.01,-0.10597313141173605
57.02,-0.09037822650506297
57.03,-0.10048943467299536
57.04,-0.10362941839485446
57.050000000000004,-0.10695859341347444
57.06,-0.09483615466942516
57.07,-0.1097388492972955
57.08,-0.1073342464101516
57.09,-0.10825204110281719
57.1,-0.09396739212858929
57.11,-0.09477914048705063
57.120000000000005,-0.10634188581033813
57.13,-0.09925677662081062
57.14,-0.09816524084352468
57.15,-0.10238592411903912
57.160000000000004,-0.10437727747119983
57.17,-0.09348825832279642
57.18,-0.09958794357713413
57.19,-0.09553044844129396
57.2,-0.09286811465724693
57.21,-0.09775952947576805
57.22,-0.0941892509842745
57.230000000000004,-0.10088618126211046
57.24,-0.10559097137790555
57.25,-0.1095624365876783
57.26,-0.09051159524192506
57.27,-0.09762054613990886
57.28,-0.10937710794617266
57.29,-0.09937677704934474
57.300000000000004,-0.09759559820930969
57.31,-0.10542578657918934
57.32,-0.0957864028970335
57.33,-0.095517112870411
57.34,-0.10219038685538355
57.35,-0.09900716474125702
57.36,-0.1056418426292414
57.370000000000005,-0.10846566257024516
57.38,-0.10447128585709446
57.39,-0.10055374827844496
57.4,-0.10012749630694831
57.410000000000004,-0.1001490301536086
57.42,-0.10887152181087646
57.43,-0.10029054478837812
57.44,-0.09759997684108374
57.45,-0.10774275656781529
57.46,-0.09859365654065612
57.47,-0.10846028303774014
57.480000000000004,-0.09895449035723375
57.49,-0.10286671748557953
57.5,-0.09323011156844058
57.51,-0.1059307815344254
57.52,-0.09790228652841128
57.53,-0.10016489947586793
57.54,-0.09583953069156141
57.550000000000004,-0.10500664900906424
57.56,-0.09003454950208918
57.57,-0.10850345753536837
57.58,-0.1087923956226674
57.59,-0.1062563792522221
57.6,-0.09531590485614697
57.61,-0.0921239798430335
57.620000000000005,-0.10499427315226835
57.63,-0.09829875804096104
57.64,-0.09989479755012996
57.65,-0.1003842155966122
57.660000000000004,-0.10949717206920857
57.67,-0.09590512856743054
57.68,-0.09995342559809044
57.69,-0.09239771132173297
57.7,-0.09142306154601787
57.71,-0.09759370881806707
57.72,-0.1043340178502325
57.730000000000004,-0.09624715060769438
57.74,-0.09101793681330066
57.75,-0.1033701659582423
57.76,-0.09725589156613337
57.77,-0.09574096671056403
57.78,-0.0944741003895681
57.79,-0.1032733835815903
57.800000000000004,-0.10913291821573219
57.81,-0.09627678012278366
57.82,-0.10029729627781533
57.83,-0.10978132769295139
57.84,-0.10973612074486927
57.85,-0.10482666136012722
57.86,-0.09605843333482474
57.870000000000005,-0.10223301585451837
57.88,-0.0926629952091506
57.89,-0.10589616430044331
57.9,-0.09461851903005244
57.910000000000004,-0.091660472774535
57.92,-0.09407381227614886
57.93,-0.1039391894320722
57.94,-0.0952903119456681
57.95,-0.09436371696994472
57.96,-0.09641662920243087
57.97,-0.09150681273798311
57.980000000000004,-0.1066365945580715
57.99,-0.09817482914086728
58.0,-0.09880990823852664
58.01,-0.09710864945597135
58.02,-0.09711164314048738
58.03,-0.0970164409487887
58.04,-0.10935638590510852
58.050000000000004,-0.10910717165320707
58.06,-0.10411429429128893
58.07,-0.09331760329892128
58.08,-0.097795793273639
58.09,-0.09796167686576011
58.1,-0.10234052343078949
58.11,-0.09877818829450336
58.120000000000005,-0.10361239141194166
58.13,-0.10406796629421129
58.14,-0.09654219361271096
58.15,-0.09996223624787776
58.160000000000004,-0.09265457205689087
58.17,-0.09378000210943985
58.18,-0.09842903319983695
58.19,-0.1060534060620894
58.2,-0.09462963929670545
58.21,-0.10083878429193521
58.22,-0.10262085469800208
58.230000000000004,-0.10325739659613749
58.24,-0.10533586512461951
58.25,-0.10388877265011666
58.26,-0.09946308231706046
58.27,-0.09428432698830377
58.28,-0.091348569075977
58.29,-0.09470477389185356
58.300000000000004,-0.10345802799662175
58.31,-0.09349982218837224
58.32,-0.09449754016900735
58.33,-0.0947223995038556
58.34,-0.0976453693325382
58.35,-0.10723913458962252
58.36,-0.10698782840413866
58.370000000000005,-0.09528453730051178
58.38,-0.09073174098858751
58.39,-0.09031237590335874
58.4,-0.10073627305792385
58.410000000000004,-0.10236637367544187
58.42,-0.10801417726127732
58.43,-0.10075205662964418
58.44,-0.10444306105943967
58.45,-0.0933112428539157
58.46,-0.10191328832626496
58.47,-0.09841801133876969
58.480000000000004,-0.10796750265894717
58.49,-0.0906313610206977
58.5,-0.10169637376305446
58.51,-0.09786389543074092
58.52,-0.09814049321783028
58.53,-0.10363183627218873
58.54,-0.10407326105647823
58.550000000000004,-0.1058236019344021
58.56,-0.0902309446960855
58.57,-0.09092478817009184
58.58,-0.10594383872297726
58.59,-0.10964077834362428
58.6,-0.10894615088511098
58.61,-0.105314568514665
58.620000000000005,-0.09873694126829573
58.63,-0.09222472617936882
58.64,-0.10491277464992348
58.65,-0.10857799020901705
58.660000000000004,-0.0982474197456084
58.67,-0.10454400876744191
58.68,-0.09430540347055141
58.69,-0.10216856501289998
58.7,-0.10349595138196613
58.71,-0.10942544353484585
58.72,-0.10439044340521463
58.730000000000004,-0.09247204991649244
58.74,-0.09226608838120516
58.75,-0.0994447730561781
58.76,-0.10454225335401776
58.77,-0.09839338330616337
58.78,-0.09898993914655722
58.79,-0.09029919476622644
58.800000000000004,-0.08656812689008488
58.81,-0.08467041098952055
58.82,-0.0647522424655207
58.83,-0.06295172479585977
58.84,-0.061921932279393306
58.85,-0.04045508382996017
58.86,-0.03532591749644182
58.870000000000005,-0.022416346493894
58.88,-0.01235500889236012
58.89,-0.011133691532061047
58.9,-0.00018189692231047536
58.910000000000004,0.004420726981700738
58.92,-0.00435502607502271
58.93,-0.003198783421200291
58.94,0.0057846727325503704
58.95,0.007509167836504569
58.96,-0.001355800865632053
58.97,-0.002106563004848046
58.980000000000004,0.0036294127725391683
58.99,-0.0038416481545575755
59.0,0.002722868425538205
59.01,-0.0053596967898984224
59.02,-0.009393398845751308
59.03,-0.0060412207791090975
59.04,0.002273992201224165
59.050000000000004,-0.006572435657812217
59.06,-0.00830199358053246
59.07,-0.0012032597535605299
59.08,0.004998906729775822
59.09,-0.00019017694057605304
59.1,0.0041207559945539915
59.11,-0.007758884609761731
59.120000000000005,0.006822995613085485
59.13,-0.00797548585914264
59.14,0.0037528103857895016
59.15,0.0013441414215902732
59.160000000000004,-0.006713903887475097
59.17,0.004096713467338807
59.18,-0.004990514265238042
59.19,-0.00632696035125003
59.2,0.008455889440246887
59.21,-0.0013628364724177396
59.22,-0.0005626335968576535
59.230000000000004,0.007642584861964901
59.24,-0.0007462256956391692
59.25,9.691583084661323e-06
59.26,-0.0071431667499150045
59.27,-0.0044370034225741485
59.28,0.008866612053271139
59.29,-0.005121522287653435
59.300000000000004,0.001993872130642638
59.31,-0.001865013558894216
59.32,0.007758446930033082
59.33,0.0009233647813939247
59.34,0.00935642818839809
59.35,-0.004075433618578417
59.36,-0.006763961745626998
59.370000000000005,0.009947348332946028
59.38,0.0056573146969389875
59.39,0.006773838626111054
59.4,-0.0016386329828049148
59.410000000000004,-0.008546510021995975
59.42,0.005317349400491172
59.43,-0.007045759842943264
59.44,-0.002816264100297377
59.45,-0.009193995648772678
59.46,-0.0007654956173839822
59.47,0.0040526820787654665
59.480000000000004,-0.007040601498424727
59.49,0.008031573511243882
59.5,-0.009749096727372859
59.51,-0.007588403993764328
59.52,-0.0006091129092153907
59.53,-0.006937173893579871
59.54,0.0011597745362400772
59.550000000000004,0.0004883345197205322
59.56,-0.0016898615364086458
59.57,-0.0062131618225182515
59.58,0.0007199571736132455
59.59,0.005951194390309991
59.6,-0.0023864133524034046
59.61,0.005918928252451746
59.620000000000005,0.008310580854999932
59.63,0.004242546572605312
59.64,-0.0029285402666699902
59.65,0.003704060465655393
59.660000000000004,0.004323491412381428
59.67,-0.0010989947059638697
59.68,-0.007308996775545025
59.69,0.007883800334110883
59.7,-0.00863547997800406
59.71,-0.0054795088567097605
59.72,0.007724788088594238
59.730000000000004,0.003198366075037991
59.74,-0.00938048199579921
59.75,0.004216810494550305
59.76,-0.007764696245770215
59.77,0.0007964700052267397
59.78,0.005874784205336646
59.79,-0.008993808584118737
59.800000000000004,0.0054313882769878395
59.81,-0.002126537093062701
59.82,-0.005531622334886126
59.83,-0.0034864274350268377
59.84,-0.003183789721304138
59.85,-0.006215081217661667
59.86,0.001255250008859626
59.870000000000005,-0.009244768103006768
59.88,-0.007343578092222405
59.89,0.005086456053222294
59.9,0.004027881892383383
59.910000000000004,-0.008432724908913163
59.92,-0.005411906062050513
59.93,-0.0011046469121112536
59.94,-0.008595831446735537
59.95,-0.008302119927240005
59.96,0.0009157674041697858
59.97,-0.002837266731616957
59.980000000000004,-0.009578918410383093
59.99,0.008934582865705086
60.0,0.002045471194069051
60.01,0.0009867145475307114
60.02,-0.00603433844377397
60.03,0.008768114739971395
60.04,0.009206363247097284
60.050000000000004,-0.002537263255164757
60.06,0.0014911913044737598
60.07,0.006925013181872686
60.08,0.0003204047614694689
60.09,0.004026357560034286
60.1,-0.006015506091542473
60.11,-0.001877854211977054
60.120000000000005,0.005023048332927644
60.13,-0.001809942859415263
60.14,0.00822464528871192
60.15,-0.002652106992397163
60.160000000000004,0.006367192916842278
60.17,0.005819012660360149
60.18,0.0014415344172270424
60.19,-0.004187880253155829
60.2,0.0036333832257571877
60.21,-0.00116701636172129
60.22,-0.0008565562852067537
60.230000000000004,0.005164447160605408
60.24,0.0036750645362716924
60.25,-0.009347432439854789
60.26,-0.004593060179718897
60.27,0.0013466875311117059
60.28,-0.007474865662680397
60.29,-0.004492296925584993
60.300000000000004,0.003937560534937672
60.31,0.007947277780880094
60.32,0.002912172498393822
60.33,0.0037752413727214548
60.34,-0.00764934212940585
60.35,-0.006397134975654582
60.36,-0.009989293700735414
60.370000000000005,-0.007904183042050907
60.38,0.0059231053430113135
60.39,-0.0096575305999568
60.4,0.0020783291426232017
60.410000000000004,-0.006591532802493074
60.42,0.006093089366696473
60.43,0.009448365551874808
60.44,0.004240713740415401
60.45,-0.002403590579253003
60.46,-0.0023773757586681675
60.47,-0.007294629888994535
60.480000000000004,0.007814686425517242
60.49,0.0073863282048046725
60.5,0.0041085389242653675
60.51,0.0022367845373480293
60.52,-0.00166701762283261
60.53,-0.009587558902348617
60.54,0.006977789015680169
60.550000000000004,-0.009768969416672588
60.56,0.00032346184979382096
60.57,-0.0008167296017510157
60.58,-0.006114011786313713
60.59,0.0077636615940594265
60.6,0.008218342830554387
60.61,-0.006215100727874345
60.620000000000005,0.003188446441022426
60.63,-0.007124505288278571
60.64,0.008978971853430015
60.65,0.0008969272274158488
60.660000000000004,-9.525348685927512e-05
60.67,-0.005737025799360563
60.68,0.0037507759926527356
60.69,0.007939369190544858
60.7,0.002730000787177521
60.71,-0.0035609967974829697
60.72,0.008504906985580306
60.730000000000004,0.0012648343781176078
60.74,0.004939007371484727
60.75,-0.0006658453435178565
60.76,-0.002801967713104125
60.77,-0.008365373145738306
60.78,0.005248003017808818
60.79,-0.006565677139214856
60.800000000000004,-0.007081823625055366
60.81,-0.0026873463287537544
60.82,0.0032071300672082276
60.83,0.006305297935594695
60.84,-0.004751574395157077
60.85,0.008705641124441782
60.86,-0.0022777192340938026
60.870000000000005,-0.002513527315865958
60.88,-0.00385413871364281
60.89,0.009493905344489276
60.9,-0.008793656438910178
60.910000000000004,-0.0015311506913411928
60.92,5.822434997470455e-05
60.93,-0.0019798188715789665
60.94,0.0004864267906147645
60.95,0.003440257866841899
60.96,-0.004827859011055258
60.97,-0.001062045400788518
60.980000000000004,-0.007864488801898899
60.99,-0.005819239856253229
61.0,-0.00893054288752979
61.01,0.005069024366224108
61.02,-0.0011348565309822305
61.03,-0.0035021419656691213
61.04,0.006314420727592517
61.050000000000004,0.006715408677040369
61.06,0.002827522625018359
61.07,0.00386383980539658
61.08,0.0003964539383724871
61.09,0.008646063681034403
61.1,0.005093810999714992
61.11,0.009052706310144135
61.120000000000005,0.007345581607479371
61.13,0.003314811755406084
61.14,0.0014384672098291737
61.15,-0.006088507883332586
61.160000000000004,0.008860742438490788
61.17,-0.006471890215932181
61.18,0.0030418352605625
61.19,0.006421268012407657
61.2,0.004461987455911349
61.21,0.00404993464074615
61.22,0.007942954530287082
61.230000000000004,0.005141924869296394
61.24,-0.007852322853949352
61.25,-0.004873544622770101
61.26,-0.0028996125345933698
61.27,-0.001025878774812028
61.28,0.007323080257205813
61.29,-0.005210120075513603
61.300000000000004,0.004196270270873867
61.31,-0.001744793136535125
61.32,-0.007446110434753357
61.33,-0.008882422292203873
61.34,-0.005372114855333525
61.35,-0.006972843544779577
61.36,-0.004205857345670459
61.370000000000005,0.008644220339981098
61.38,-0.005106867527442789
61.39,-0.005588055515630701
61.4,-0.0005411307661758805
61.410000000000004,0.009657218363714607
61.42,0.002405062036649761
61.43,-0.009594220689140088
61.44,-0.003090605050548676
61.45,0.00650747052617248
61.46,0.006438381184612473
61.47,0.0009521451243517821
61.480000000000004,-0.006235661864649545
61.49,-0.0022740064680279535
61.5,0.000618234374572077
61.51,0.008306635030716299
61.52,-0.007598595964722601
61.53,-0.00827848064081337
61.54,-0.001921849569582518
61.550000000000004,0.004711510716545242
61.56,-0.0007799724828190489
61.57,-0.006527627082656629
61.58,0.007959508136292962
61.59,-0.00043093669623638607
61.6,-0.004353617758273974
61.61,0.00463885677366427
61.620000000000005,0.003362193271580636
61.63,-0.0013513975997387021
61.64,-0.0012788388623337348
61.65,0.0021684539578000032
61.660000000000004,-0.007850384940073734
61.67,-0.000991313162830229
61.68,-0.009025990485188316
61.690000000000005,-0.003905440502684197
61.7,-0.0037618957150069776
61.71,0.009442789770349994
61.72,-0.0034688211779701824
61.730000000000004,0.007767965785902936
61.74,0.0059468900208741685
61.75,0.006290135692003257
61.76,-0.006125874932432322
61.77,-0.0062644019954986255
61.78,-0.0023485975294538644
61.79,-0.0010239915141837582
61.800000000000004,-0.00841717025225729
61.81,-0.008234102671694672
61.82,-0.005337736031061655
61.83,-0.006904126019537307
61.84,-0.0026550004282632593
61.85,0.0018702661780418024
61.86,0.0010494035781254876
61.870000000000005,-0.00926017415484423
61.88,0.007600881744523119
61.89,0.0018729538054255875
61.9,0.002440219651973014
61.910000000000004,0.004199185418986876
61.92,0.006451717493691238
61.93,-0.006056681132190871
61.940000000000005,0.00558190783109223
61.95,-0.0012266468824117579
61.96,-0.006922841786139616
61.97,-0.004689688898128877
61.980000000000004,-0.004620300644243225
61.99,0.009936121720399897
62.0,-0.0040268597106120916
62.01,-0.004850032554850093
62.02,-0.002389248337686822
62.03,0.004359140251972839
62.04,0.00963788699838839
62.050000000000004,0.0022156374651676972
62.06,0.002380837581758048
62.07,0.0010517131275187656
62.08,-0.005538021050624426
62.09,-0.0074659472951092345
62.1,-0.005730393046733764
62.11,-0.0014609658913213013
62.120000000000005,0.006987620295012655
62.13,0.004443483678129237
62.14,0.002211800841282228
62.15,-0.009749717807802545
62.160000000000004,-0.0014701035646499938
62.17,0.0074660408252680156
62.18,0.008933263751008903
62.190000000000005,0.004727596771566834
62.2,0.009276718133100713
62.21,-0.008485715945705885
62.22,-0.0038712301901898246
62.230000000000004,0.005357595048646089
62.24,0.007271496239087629
62.25,0.0030759616891413728
62.26,-0.004208292594941261
62.27,0.006625014306558154
62.28,-0.008766602077400067
62.29,-0.008434984655513964
62.300000000000004,0.0006843618993313313
62.31,-0.0026125999297273977
62.32,-0.0024467173627722525
62.33,-0.009319741193860398
62.34,-0.0010430940981147139
62.35,0.0006151321486147967
62.36,0.008453280050035558
62.370000000000005,-0.0005644503489039554
62.38,-0.009784585230109206
62.39,0.009448593426673318
62.4,-0.004763906922859273
62.410000000000004,0.009106246576168509
62.42,-0.0002950933395240822
62.43,0.0035587384206474913
62.440000000000005,0.007210151933776913
62.45,0.00030806740007788096
62.46,-0.0030096198128735764
62.47,0.009657975645247523
62.480000000000004,-0.0094702614891264
62.49,-0.008217141874877786
62.5,-0.004721164114840117
62.51,0.009048035099814987
62.52,-0.003154242441180375
62.53,0.008491870786708157
62.54,-0.008344883993339864
62.550000000000004,0.007800646237279196
62.56,-0.00544229081717124
62.57,-0.008144091201084863
62.58,-0.008119097894815732
62.59,-0.0010163498704375603
62.6,0.005895841978234765
62.61,-0.007650619637927602
62.620000000000005,0.005222505076027107
62.63,0.0029033605233175323
62.64,-0.0002248615710062577
62.65,0.007968904604592554
62.660000000000004,0.0054556065257439605
62.67,0.005397278622732381
62.68,0.007035451678732161
62.690000000000005,0.00027096159462671257
62.7,0.0017167621124239973
62.71,-0.0011602581034140108
62.72,-0.005745202182992182
62.730000000000004,-0.006677747050193288
62.74,0.0002663862948560809
62.75,-0.006523479180984972
62.76,0.0032661039165213044
62.77,-0.002646280033989177
62.78,0.0035253857649554226
62.79,-0.005106227850962306
62.800000000000004,0.00549137315298052
62.81,0.004003244787464007
62.82,-0.007163535260772022
62.83,0.0034581073069671394
62.84,0.001302935046015672
62.85,-0.009907621790744992
62.86,-0.00300635615306891
62.870000000000005,-0.00944565135879623
62.88,-0.006323549702013196
62.89,0.0038298439054830595
62.9,-0.0019642556900456437
62.910000000000004,0.009316005776169275
62.92,0.007814017935879007
62.93,0.009476349759090048
62.940000000000005,-0.006626102131519086
62.95,-0.007826032556483963
62.96,-0.0007794386592329828
62.97,0.008999604757287843
62.980000000000004,-0.009081670248210732
62.99,-0.004335334603831307
63.0,0.008990152451770114
63.01,0.0031677804748119036
63.02,-0.0027334465466596547
63.03,-0.007127343046011415
63.04,-0.0043617055026189885
63.050000000000004,0.009898525470667089
63.06,0.0014567717232156722
63.07,0.008659335177321216
63.08,0.007504457357613263
63.09,0.0013637649534469012
63.1,0.005855415755100167
63.11,-0.0014100957854157187
63.120000000000005,0.006399859414321458
63.13,-0.009950258564482187
63.14,0.0013074171074580598
63.15,-0.0005095236109568038
63.160000000000004,0.004465653126298855
63.17,-0.002256164966525245
63.18,-0.0007924526337662208
63.190000000000005,0.007680722148440658
63.2,-0.007146858936589329
63.21,0.0021369580449313516
63.22,0.0031390311977586433
63.230000000000004,-0.003929802477088562
63.24,-0.00948244594438763
63.25,0.008613864210841446
63.26,-0.00448712215676931
63.27,-0.004433325961916936
63.28,-0.005044401686230826
63.29,-0.009206316920626225
63.300000000000004,-0.008394609559116748
63.31,0.006787743184622606
63.32,0.0018523244762716305
63.33,-0.008743693270914421
63.34,-0.004492692118866259
63.35,-0.006622156686232774
63.36,-0.006213973957086396
63.370000000000005,0.0012890325535938867
63.38,-0.005691184117198145
63.39,-0.004572751910150774
63.4,0.004670578894369363
63.410000000000004,-0.0017215007944411716
63.42,0.003277276153412228
63.43,0.0030880170349359953
63.440000000000005,0.008164789166582689
63.45,-0.005538635853146583
63.46,0.0024375743790883368
63.47,0.005017080691316232
63.480000000000004,0.0017544516724850075
63.49,0.006785748603712968
63.5,-0.0006763895600258099
63.51,-0.002562177351006163
63.52,-0.001433714429085211
63.53,0.0007252595232797414
63.54,0.005868977251902404
63.550000000000004,0.003970907445606546
63.56,0.0011490624685651478
63.57,0.0034151998344513212
63.58,0.007614838852343814
63.59,0.00428194966920727
63.6,0.007035852826301444
63.61,-0.008190329390797921
63.620000000000005,-0.005324875107512035
63.63,-0.0048295807704161
63.64,0.005029317995221416
63.65,-0.007603786172676321
63.660000000000004,0.0004389368149997127
63.67,0.007097443855071347
63.68,0.0013420865603670507
63.690000000000005,-0.0085769556549191
63.7,0.005417561518529668
63.71,-0.0018835256328200295
63.72,-0.003812542167638866
63.730000000000004,0.007611579903622606
63.74,0.008308559447680995
63.75,0.006731097077370808
63.76,-0.005368681143769309
63.77,-0.009932038639019073
63.78,-0.0004178482403565751
63.79,-0.009532918701093658
63.800000000000004,-0.0069776420546307
63.81,-0.0008978471686650422
63.82,0.007447330105737926
63.83,-0.0027808857171112726
63.84,0.004003797778498611
63.85,-0.004382349455433983
63.86,0.006770621278130362
63.870000000000005,0.001816132305001144
63.88,0.006930556065981976
63.89,-0.002005418898608795
63.9,-0.003392273134121702
63.910000000000004,-0.008055896063858996
63.92,-0.0010725651788433595
63.93,0.0014774625167368518
63.940000000000005,-0.004093063369996244
63.95,0.008309266352622637
63.96,-0.00807918480219124
63.97,0.003953972850452934
63.980000000000004,-0.0009331868181260763
63.99,-0.009326511784587984
64.0,-0.005250662702206237
64.01,-0.0029528818145836766
64.02,-0.004741415386576513
64.03,0.0063742207776069214
64.04,0.00018514308762652108
64.05,0.004677065527416136
64.06,-0.0012266607703336537
64.07000000000001,0.00521722630659621
64.08,0.008422074847254048
64.09,0.009722167130435238
64.1,-0.009709634819796238
64.11,-0.0014447386254802241
64.12,-0.006050173790068891
64.13,0.005015081176756942
64.14,0.007211007493388504
64.15,0.004491026052650504
64.16,0.006917292014091693
64.17,-0.005873239412689562
64.18,-0.00046417284222200796
64.19,-0.00315943714341991
64.2,-0.006798115712241024
64.21000000000001,-0.006061487397796927
64.22,0.008162098044751672
64.23,-0.005061031332835065
64.24,0.006496886331381057
64.25,0.0018842760218204992
64.26,-0.003871264285082305
64.27,0.009191011778016062
64.28,0.002390816246181062
64.29,0.008986298566450777
64.3,-0.004635462783984779
64.31,-0.00896511049877069
64.32000000000001,-0.0029622395728735864
64.33,0.008971222745781915
64.34,0.00330801188026106
64.35,0.002135193026201519
64.36,-0.0008584327995800577
64.37,0.009072263500569428
64.38,-0.002547035350176221
64.39,0.0013884337233076825
64.4,-0.003895269941408504
64.41,0.007514828999767626
64.42,0.00502303103791627
64.43,-0.00012255042773793266
64.44,-0.009276347764842999
64.45,0.009974208651250678
64.46000000000001,0.0003669647193208572
64.47,-0.007066410801141943
64.48,0.008406038501961812
64.49,0.0022246273734415154
64.5,-0.0006486874130082892
64.51,-0.006028131019471954
64.52,-0.00042840193906815496
64.53,-0.009032212338089256
64.54,0.0020784528555312567
64.55,-0.008216610769389912
64.56,-0.008260938194142801
64.57000000000001,0.006558746834999974
64.58,-0.00016687960385289996
64.59,-0.0018327138442084424
64.6,0.0003275507949708212
64.61,0.009010349169785664
64.62,-0.0014579396254388935
64.63,-0.0011450937946779292
64.64,0.009657405581142286
64.65,-0.0025590996656134667
64.66,-0.0015618217224460558
64.67,0.0025236314951955375
64.68,-0.0009542057601401848
64.69,0.0060492244986557735
64.7,0.0013242274594247334
64.71000000000001,-0.0034783115248644613
64.72,-0.007718259252192539
64.73,0.006609331207667974
64.74,0.0036686651160356305
64.75,-0.008219575515202311
64.76,-0.009856476945672342
64.77,0.0026417350357281367
64.78,0.0014260407679077096
64.79,-0.00032876920693113675
64.8,-0.009680721633725893
64.81,-0.005349902544267294
64.82000000000001,0.004325549083927937
64.83,-0.008660540302172415
64.84,-0.0018851833896285624
64.85,-0.0017685854728164523
64.86,-0.006013867005814278
64.87,-0.009113631921005345
64.88,0.00010917634785904094
64.89,0.008865963986933385
64.9,-0.0032869699507052964
64.91,0.0013614144570949227
64.92,0.0016787722532737442
64.93,0.005357031967162687
64.94,0.00835195058001417
64.95,0.007876053155155672
64.96000000000001,-0.0028267145618025256
64.97,0.0012894097380950539
64.98,0.008799280162463308
64.99,0.007643291991877988
65.0,-0.002897573434398397
65.01,0.004423240507006787
65.02,0.0051835788033686055
65.03,-0.007578003309335204
65.04,-0.00472454932779893
65.05,0.004266758421467979
65.06,-0.002628480042661181
65.07000000000001,0.005756837253910149
65.08,0.006192126584967454
65.09,0.004278950969186197
65.1,-0.007034748096335053
65.11,-0.003592241752318117
65.12,-0.0011795517292557626
65.13,-0.008880410280783726
65.14,0.00939352409932327
65.15,-0.007966769387050415
65.16,-0.007105087299930546
65.17,-0.004373993842917621
65.18,0.007882227187529357
65.19,-0.0016888177066825757
65.2,-0.003050955508880622
65.21000000000001,-0.0026960083378712698
65.22,0.0006176696552313479
65.23,-0.0016664157595985742
65.24,-0.0018840472033822692
65.25,-0.0069380723422454
65.26,-0.0013788715956915155
65.27,0.0016879128521315404
65.28,0.0071480497403649205
65.29,0.00835308872703362
65.3,-0.009504895259460135
65.31,0.00857938990366655
65.32000000000001,0.003497492201514782
65.33,-0.007356171857736625
65.34,0.004597780388933579
65.35,0.006226644882046861
65.36,-0.002977737756840411
65.37,-0.004983683565785966
65.38,-0.005652621651141574
65.39,0.009294585068619908
65.4,-0.00604645160073999
65.41,-0.0032272098278722195
65.42,0.0017637446753987242
65.43,0.008869631307138947
65.44,0.006752263385816625
65.45,-0.007503661325129101
65.46000000000001,-0.003261707069935587
65.47,-0.004267476435508059
65.48,-0.006239648983549291
65.49,-0.008502035331488403
65.5,0.0063704822666784
65.51,-0.009628607175167666
65.52,-0.002106639889193745
65.53,0.0016080052650690076
65.54,-0.004701836365437686
65.55,-0.005097974188793803
65.56,0.004809490317719439
65.57000000000001,-0.007534557541352507
65.58,-0.0019518959302456396
65.59,0.0005664994471111743
65.6,0.0012933656481295512
65.61,0.00874506225245589
65.62,0.007245957794169958
65.63,0.007756228989443422
65.64,-0.0030928965018102586
65.65,-0.007601005399051914
65.66,-0.0051865979656791515
65.67,-0.009217056112184888
65.68,-0.009762672699802348
65.69,0.0027508588000531523
65.7,-0.0056762337172741465
65.71000000000001,0.0002838545053728478
65.72,0.008873271929459308
65.73,-0.005587747737084059
65.74,0.00329268691722784
65.75,0.007924627845269172
65.76,-0.006817429804130677
65.77,-0.0005929335606799906
65.78,0.002989117860323758
65.79,-0.006320828036264479
65.8,0.00744933704361766
65.81,0.00325962496771926
65.82000000000001,-0.0005252571921865283
65.83,-0.009273577622695464
65.84,0.005051099322518111
65.85,0.003977683200660437
65.86,0.005094130189408004
65.87,0.002957150648866534
65.88,-0.002270457384410305
65.89,0.0034186924369750075
65.9,-0.0014621727695689982
65.91,-0.008635090610198135
65.92,-0.008395917045077639
65.93,-0.008305302853933745
65.94,0.0067832393536110275
65.95,-0.0016297920474200311
65.96000000000001,0.0045883756704864324
65.97,0.0013764369643523705
65.98,-0.005437488426556592
65.99,0.005945675784657425
66.0,-0.004366626755934502
66.01,0.008995804158437785
66.02,0.0059349010970254305
66.03,0.0017748706823225695
66.04,0.0016120843127240877
66.05,-0.00160281085012174
66.06,0.006637531451258819
66.07000000000001,-0.0016720600293923735
66.08,0.0013767242605720372
66.09,0.0005275603041535442
66.1,0.0074906194035733505
66.11,-0.007011341182523967
66.12,-0.002290512048956757
66.13,-0.0060676016320369165
66.14,0.0016561092856373066
66.15,0.006774471275058371
66.16,0.00671273162823917
66.17,0.003276234082397052
66.18,0.007444152359131916
66.19,-0.004193154614497068
66.2,0.006741161034214021
66.21000000000001,0.00367142949973916
66.22,-0.006382433677181198
66.23,-0.002065545733479947
66.24,-0.00859601755307176
66.25,0.004758597263030389
66.26,0.0033709063220126127
66.27,0.0074773655166165635
66.28,0.007438344528033386
66.29,-0.0037459300296606157
66.3,0.009806482469802159
66.31,-0.008263256458058784
66.32000000000001,0.008093240627308812
66.33,0.008497199244342007
66.34,0.008823983908643288
66.35,0.005212346976490992
66.36,0.0021138316684126152
66.37,-0.006410727510531407
66.38,-0.004759883827958396
66.39,-0.007144605812557056
66.4,-0.0004955616934099495
66.41,0.005620858645015287
66.42,0.0050198126759262406
66.43,0.007020765092170032
66.44,0.0028127399991613976
66.45,0.0076389365539234495
66.46000000000001,0.0026855871308980057
66.47,0.00977915792499546
66.48,0.001683536263303016
66.49,-0.008541358128615449
66.5,0.007320211556346658
66.51,0.001278726400017827
66.52,-0.0037530850561251676
66.53,0.005201161487792674
66.54,0.0052883748209323934
66.55,0.009169570242954525
66.56,-0.00767500792791267
66.57000000000001,0.009569562081261135
66.58,-0.0014515514071972713
66.59,0.0010996688892282985
66.6,0.005457487874319156
66.61,-0.00856135387697385
66.62,-0.00942048811707829
66.63,-9.770101444685209e-05
66.64,-0.00632187110476079
66.65,0.003815785858061343
66.66,-0.0028185369434848727
66.67,-0.009106102567325993
66.68,0.006593756073559937
66.69,0.008549272089503705
66.7,-0.009278562984876736
66.71000000000001,0.007501523390613158
66.72,0.0001318510778844477
66.73,0.005344242416219787
66.74,0.0013700057200179624
66.75,-0.009515538824796181
66.76,0.008231567738515277
66.77,0.005610414142141267
66.78,-0.00782027785472617
66.79,-0.004096964151485964
66.8,-0.001968303780788794
66.81,0.00041529219845523255
66.82000000000001,0.003936109804303083
66.83,-0.0069576597332491755
66.84,0.003267737489070827
66.85,0.009246895043453886
66.86,-0.0036025156605660946
66.87,0.0036488563364991
66.88,-0.008071629922205939
66.89,-0.002939154319904884
66.9,0.00492181222477661
66.91,0.006590070540695598
66.92,-0.008487573779906965
66.93,-0.005790326909447359
66.94,-0.007963250100829017
66.95,-0.007790332117261858
66.96000000000001,-0.006987133812648994
66.97,0.009764978536456975
66.98,-0.006904112091979522
66.99,0.0028753008159921167
67.0,-0.00801733949536163
67.01,0.004530124593698092
67.02,-0.0018354159182660552
67.03,0.006350244530511159
67.04,-0.005273118305648102
67.05,-0.007604909733563514
67.06,-0.006511413532436356
67.07000000000001,-0.0016174362258072564
67.08,-0.003877068932677634
67.09,-0.0036423913280924803
67.1,0.001644793736501924
67.11,0.009374236312020714
67.12,0.0022182441926391315
67.13,0.000972905565324398
67.14,0.00761512110437392
67.15,0.00028323771741802124
67.16,-0.0007690533982779926
67.17,0.009578706818899085
67.18,0.00506679128644651
67.19,-0.0038565966039308085
67.2,-0.004112045236719009
67.21000000000001,-0.0015015512088746037
67.22,0.00209813373986268
67.23,-0.005287352658347657
67.24,0.007940104669005204
67.25,0.009029450824298355
67.26,-0.007693182563203309
67.27,-0.006295173118343022
67.28,0.0010705922219900882
67.29,0.004587631809321308
67.3,0.002368348570649534
67.31,-0.0010147615332301782
67.32000000000001,0.002804581763220024
67.33,-0.0042299776513633055
67.34,-0.001538826387075816
67.35,0.007405348404336659
67.36,0.0012557142126459267
67.37,0.006057517774669346
67.38,-0.0020808509299343643
67.39,0.00968193332333924
67.4,-0.0039448224104847475
67.41,-0.0011268565944089516
67.42,0.002433943605614034
67.43,-0.003556654080045991
67.44,-0.005710080063864196
67.45,0.008183884267329222
67.46000000000001,-0.0036729280040883987
67.47,-0.008462414170993575
67.48,0.00793100423632184
67.49,-0.008097236498834972
67.5,0.004338535942711967
67.51,-0.009627281262270675
67.52,-0.0023124557782135003
67.53,-0.00891535704525096
67.54,0.00489999552368019
67.55,-0.003157669958948701
67.56,-0.009987659431128473
67.57000000000001,-0.0052001514439378345
67.58,-0.028196417677896678
67.59,-0.023597496916473885
67.6,-0.049375094011825306
67.61,-0.050273942461843996
67.62,-0.052556751157422296
67.63,-0.07066410950452441
67.64,-0.07448919673002
67.65,-0.09752085339317439
67.66,-0.09170508739891581
67.67,-0.10152333299877639
67.68,-0.10633325887473044
67.69,-0.1075362988503299
67.7,-0.109401767073277
67.71000000000001,-0.09897134122959159
67.72,-0.09427379970923368
67.73,-0.09584545943456169
67.74,-0.09946077810028248
67.75,-0.09587854025382868
67.76,-0.10739941406238868
67.77,-0.09001585043021823
67.78,-0.10985380255945625
67.79,-0.10720912359190765
67.8,-0.10555091886793894
67.81,-0.09655463105417313
67.82000000000001,-0.10317739426838116
67.83,-0.09078403024211423
67.84,-0.09419423507703188
67.85,-0.1001331969798042
67.86,-0.1070900706353689
67.87,-0.09897364089595936
67.88,-0.09030830933174733
67.89,-0.09591416728403428
67.9,-0.10912068951032647
67.91,-0.09639215238949472
67.92,-0.09917030329094008
67.93,-0.10523503840532017
67.94,-0.09632088485592638
67.95,-0.10084499066061105
67.96000000000001,-0.09734327969614343
67.97,-0.09863651743933224
67.98,-0.10859331038584362
67.99,-0.0968821544630309
68.0,-0.09813590233575258
68.01,-0.10170368568536024
68.02,-0.10994577100220534
68.03,-0.10970290638880242
68.04,-0.09355555984995173
68.05,-0.10874244534987446
68.06,-0.09913994374023802
68.07000000000001,-0.10376966801985418
68.08,-0.0948113450820976
68.09,-0.10837917013596877
68.1,-0.10098684592281135
68.11,-0.0977725833856732
68.12,-0.10319278215372311
68.13,-0.1009223826347224
68.14,-0.10256998562617142
68.15,-0.09130586951404265
68.16,-0.09952656154962669
68.17,-0.10279086221885876
68.18,-0.09867177052747028
68.19,-0.10266323369464525
68.2,-0.1075546209953204
68.21000000000001,-0.09788723078602049
68.22,-0.10824209968182309
68.23,-0.0982184335791133
68.24,-0.09036052862561537
68.25,-0.10167324862963693
68.26,-0.10058526256784608
68.27,-0.10934350509570182
68.28,-0.10545096862324171
68.29,-0.097542918766053
68.3,-0.09701555789724407
68.31,-0.10104727133039236
68.32000000000001,-0.09164949787317306
68.33,-0.09558961129638245
68.34,-0.10408858101123375
68.35000000000001,-0.10955179855451076
68.36,-0.09592066565257044
68.37,-0.10954342869116418
68.38,-0.10919121168494667
68.39,-0.10748418015567344
68.4,-0.10896993828878378
68.41,-0.10677217408664537
68.42,-0.1029515251713594
68.43,-0.10528301836289951
68.44,-0.10383464039433468
68.45,-0.10479600216842891
68.46000000000001,-0.09398841726729679
68.47,-0.09193276337493674
68.48,-0.09687078434825223
68.49,-0.1016980417778699
68.5,-0.10783227210917479
68.51,-0.09678670977322068
68.52,-0.09599640706593193
68.53,-0.1050643061961696
68.54,-0.10544136275388294
68.55,-0.10619166990213373
68.56,-0.10216343017259803
68.57000000000001,-0.09231001816659498
68.58,-0.10035674677507427
68.59,-0.09389652337102283
68.60000000000001,-0.10019731305999523
68.61,-0.09466925023033025
68.62,-0.10088793000750455
68.63,-0.09444515131301756
68.64,-0.10501685868238551
68.65,-0.1014297372422295
68.66,-0.09867487141120929
68.67,-0.10339183578866143
68.68,-0.09898965402111887
68.69,-0.0929312900589851
68.7,-0.10074286597958951
68.71000000000001,-0.0904904455448598
68.72,-0.1028717256525716
68.73,-0.10951791103261309
68.74,-0.09531604659190264
68.75,-0.09887783793683354
68.76,-0.10176361614073631
68.77,-0.09835592263024683
68.78,-0.105092603069875
68.79,-0.10632588932853201
68.8,-0.09077156970159247
68.81,-0.10562801955720183
68.82000000000001,-0.10183836710624988
68.83,-0.09752702893267455
68.84,-0.09400396770778782
68.85000000000001,-0.10189871994355298
68.86,-0.09431308901041342
68.87,-0.10316264302205165
68.88,-0.09783937979955479
68.89,-0.10573139281021934
68.9,-0.10799820362178213
68.91,-0.10066947712737452
68.92,-0.09641123757373841
68.93,-0.10591164183080726
68.94,-0.10536024012167843
68.95,-0.1070326138276971
68.96000000000001,-0.10188012148630336
68.97,-0.09602216574577914
68.98,-0.09631368652356417
68.99,-0.10965362728574826
69.0,-0.10133086568637374
69.01,-0.1096316751749139
69.02,-0.10565312049863278
69.03,-0.10662535514298087
69.04,-0.09285278240121975
69.05,-0.1063087667639905
69.06,-0.10737228958321827
69.07000000000001,-0.0977473017461606
69.08,-0.09662925809073512
69.09,-0.09476493927050032
69.10000000000001,-0.10094745036500617
69.11,-0.09910886881209013
69.12,-0.09820182688587592
69.13,-0.0942740422601053
69.14,-0.1070121427868518
69.15,-0.09364914805487423
69.16,-0.09313269652360867
69.17,-0.09012338417751943
69.18,-0.10386480486208835
69.19,-0.09676050392411914
69.2,-0.10663721898999051
69.21000000000001,-0.09493729588032411
69.22,-0.10848640300402669
69.23,-0.09034252663381684
69.24,-0.10409108313565132
69.25,-0.10681037138155361
69.26,-0.10887530243596925
69.27,-0.09292622171040545
69.28,-0.09744338793688272
69.29,-0.10103932657828167
69.3,-0.09861457324856052
69.31,-0.09247816458288947
69.32000000000001,-0.09156138875576694
69.33,-0.10243259359008873
69.34,-0.10058992991804702
69.35000000000001,-0.09142725031712062
69.36,-0.09379362926135226
69.37,-0.0987895412077185
69.38,-0.09619975283785717
69.39,-0.1005278470283407
69.4,-0.09147318438482074
69.41,-0.09707910302284602
69.42,-0.09331105910156891
69.43,-0.10544908634639975
69.44,-0.09212829319261967
69.45,-0.10005912258283421
69.46000000000001,-0.09262753838771931
69.47,-0.0962378717964469
69.48,-0.08427698232414323
69.49,-0.07937573889135752
69.5,-0.057107436172138995
69.51,-0.047151369580887115
69.52,-0.04564092394049747
69.53,-0.03639324187408104
69.54,-0.010001470419471113
69.55,-0.018491463015862443
69.56,-0.004347210264495283
69.57000000000001,0.0037457474180563957
69.58,-0.005172595909203021
69.59,-0.003516951096746661
69.60000000000001,0.0053841211830354604
69.61,0.001238313970022619
69.62,-0.0014834765165923879
69.63,0.007251003837467839
69.64,-0.002755553921269871
69.65,-0.0003161413862864705
69.66,0.006690178960648168
69.67,-0.005082384475425967
69.68,-0.0005985631661384258
69.69,0.0028600368419063413
69.7,-0.006346905173352164
69.71000000000001,-0.004511173218995963
69.72,-0.004779991888363921
69.73,0.0004597720939792209
69.74,0.0005783638622749773
69.75,-0.0061038437860502
69.76,0.00988042035974413
69.77,0.0052157081777960725
69.78,0.005591693321344054
69.79,-0.00285346616911947
69.8,-0.008020776197382933
69.81,0.0012219435164155402
69.82000000000001,-0.0019510807126437869
69.83,0.0015422582845234095
69.84,-0.003976729915098361
69.85000000000001,0.008798902686065419
69.86,9.425870685589137e-05
69.87,0.006188865562054781
69.88,0.00013612381256895845
69.89,0.0037228936293382444
69.9,0.009497903701359377
69.91,0.007428138756680974
69.92,0.008764554041998518
69.93,0.002191200250634698
69.94,-0.0011606463743206001
69.95,-0.007386965493620139
69.96000000000001,-0.009921222369554623
69.97,-0.0007037769335618629
69.98,0.0013336090527408268
69.99,0.008750762581561709
70.0,-0.0020565639011052017
70.01,-0.007422883758344852
70.02,0.0062484243943964676
70.03,-0.0007229877031182854
70.04,-0.0077273216167362425
70.05,-0.0063182006360697155
70.06,0.002179686386618855
70.07000000000001,-0.0020847257890882313
70.08,-0.007479610451196833
70.09,0.0010783705247571565
70.10000000000001,-0.005901327068173794
70.11,0.0035142694312711373
70.12,-0.006738451779548349
70.13,-0.006984546386562363
70.14,0.009620196294007398
70.15,0.003736157575060012
70.16,-0.005837915867678276
70.17,-0.0008921223530137853
70.18,-0.0025728863401499073
70.19,-0.009290647546650209
70.2,-0.005260452290721691
70.21000000000001,0.00022343305402624386
70.22,0.005166921791880066
70.23,-0.0018990747545843487
70.24,0.0042376625532402935
70.25,-0.003028139570798876
70.26,-0.009820557051640337
70.27,0.0008716467606012072
70.28,-0.0015722195831899127
70.29,0.003288971311165567
70.3,0.0021637790161061297
70.31,-0.007245400640255828
70.32000000000001,-0.003966476630821339
70.33,-0.0007652870424352566
70.34,0.001268698061729457
70.35000000000001,0.00019114302032384456
70.36,0.0034896255517482527
70.37,0.00738537596488127
70.38,-0.004578935125820436
70.39,-0.008329738987368789
70.4,0.004595068548133394
70.41,-0.004858000367848279
70.42,-0.005627415152121198
70.43,0.008980934290664823
70.44,-0.007192581019561173
70.45,-0.006327553770283673
70.46000000000001,0.00048064727416374103
70.47,-0.0002240804403552902
70.48,-0.0040999181161871425
70.49,-0.002202794800306407
70.5,-0.004581301163949883
70.51,-0.0015397827863656236
70.52,0.0027801294162313472
70.53,7.596811761108324e-05
70.54,0.005281302225398153
70.55,-0.003258410570165797
70.56,-0.005802076752314169
70.57000000000001,-0.008611011758941061
70.58,0.0045350755452922605
70.59,0.007196709094574644
70.60000000000001,-0.00979577717864605
70.61,-0.0024520296770934747
70.62,0.007859544234049403
70.63,0.005311525020215823
70.64,0.0021836419554614635
70.65,0.008619485166254841
70.66,0.009927870169270886
70.67,-0.006502426996225608
70.68,0.008913515204806202
70.69,0.009459636523303594
70.7,0.006050823811878036
70.71000000000001,-0.004686274447241246
70.72,0.0019145856791700933
70.73,0.007798563175891482
70.74,0.0010496917872069647
70.75,-0.0040724262067929826
70.76,0.0003199626470727964
70.77,3.18887503354872e-05
70.78,-0.005849737865299143
70.79,0.009619316086125566
70.8,0.008873246086620904
70.81,-0.00014443167868420648
70.82000000000001,-0.0036409490171252813
70.83,-0.008867612215734491
70.84,0.003418508007439057
70.85000000000001,0.0006900242436545072
70.86,-0.0036335514802953587
70.87,0.004118374099406533
70.88,0.005814602098505936
70.89,0.008468339673322544
70.9,0.002125701850615119
70.91,0.00655531607290828
70.92,0.0010057713705041316
70.93,0.0002123038994517705
70.94,0.008815319036106046
70.95,-0.00014550696467570748
70.96000000000001,7.008027343775348e-05
70.97,-0.008611442359295656
70.98,0.0004997689512156681
70.99,-0.0027272327175323083
71.0,-0.003980277230503459
71.01,0.008994698898598353
71.02,0.008364150070933744
71.03,0.009532187663005934
71.04,0.0031143987857527294
71.05,-0.008576615409738989
71.06,0.0041363273235083126
71.07000000000001,0.0021162435274441945
71.08,0.009970201056852793
71.09,-0.006667280887871574
71.10000000000001,0.008665223837062445
71.11,0.0017724341006275929
71.12,-0.006958408080238827
71.13,0.006726183220712003
71.14,-0.005819733091901342
71.15,-0.0021607138413229903
71.16,-0.008648719009212932
71.17,-0.0051334251589076965
71.18,0.0025097509627205646
71.19,0.0011442387245029061
71.2,0.003393034031270774
71.21000000000001,0.0020095506362380975
71.22,0.0035152046061773107
71.23,-0.0011200310620258884
71.24,0.005044726451900515
71.25,0.005221696489622452
71.26,0.0049000779187039645
71.27,0.002951740406960359
71.28,-0.0070298093124579976
71.29,0.0035235714746202976
71.3,-0.0028557281315125605
71.31,0.0018811162666977303
71.32000000000001,-0.0052619196428590346
71.33,0.009140591265985093
71.34,-0.009616782545814733
71.35000000000001,-0.0021169435715213108
71.36,-0.002522456806709936
71.37,0.0041148018455106645
71.38,0.0038553219270841075
71.39,0.0019153772089107405
71.4,0.0021521122995916183
71.41,0.006998336645214138
71.42,-0.0028593910794372105
71.43,-0.009966114776657332
71.44,0.004828727805878346
71.45,-0.0059899915762929145
71.46000000000001,0.004954884984000343
71.47,-0.00967636281507788
71.48,0.0027693823703901724
71.49,-0.00030589468950448055
71.5,0.008751283222290357
71.51,0.007296376666334583
71.52,-0.006136979437393336
71.53,-0.004845755282313937
71.54,-0.0005508911170305757
71.55,0.0044524093400805705
71.56,-0.0027546417565347146
71.57000000000001,0.006321750464253385
71.58,-0.004753680807411702
71.59,0.009855430313070934
71.60000000000001,-0.0030054077223753244
71.61,-0.0039149527862321395
71.62,-0.009808391143424132
71.63,0.0046303526225205255
71.64,-0.0032884939597494544
71.65,0.0075407223095748915
71.66,0.001204727286002875
71.67,-0.006756018036340633
71.68,0.0035115653107199597
71.69,0.00322617581168525
71.7,0.00421626820406933
71.71000000000001,0.008175851500286163
71.72,-0.0020693322068065685
71.73,-0.004109425998252347
71.74,-0.00018846550673404412
71.75,0.0023464255374197936
71.76,-0.003297840461356001
71.77,0.007450607796234429
71.78,0.002114831331044977
71.79,-0.007291846388986896
71.8,0.008557359420871965
71.81,0.008247777170223356
71.82000000000001,-0.005479122002027794
71.83,-0.002903879597260537
71.84,-0.004444313502628974
71.85000000000001,0.004954739286118519
71.86,-0.002477237851710639
71.87,0.005424032144141269
71.88,-0.0037473878703629506
71.89,0.006604688780804705
71.9,0.0008875983697496873
71.91,-0.0014287133467588402
71.92,0.005036218999239974
71.93,-0.006241444138216712
71.94,-0.00019826280879365298
71.95,0.005102755836185394
71.96000000000001,-0.006263219877284718
71.97,-0.0040726700311925
71.98,0.002041216117763329
71.99,-0.005107926301709853
72.0,0.006963755999648916
72.01,0.006068514655639916
72.02,0.009539541317672212
72.03,0.0028075563105789472
72.04,-0.00021027783239745135
72.05,-0.0028149356395906436
72.06,-0.007137580784593207
72.07000000000001,0.006417447978100737
72.08,0.009919616648748774
72.09,-0.0033271133849434613
72.10000000000001,0.00811861329683995
72.11,-0.004797637807015436
72.12,-0.0025973312493392277
72.13,-0.004986621162447349
72.14,0.005472033569163766
72.15,-0.0020419312364940174
72.16,-0.007246986302456788
72.17,0.0010206333490145065
72.18,-0.000513326655258016
72.19,-0.004970927660740559
72.2,0.00037836842422845837
72.21000000000001,0.002822092813440537
72.22,0.00907828184889716
72.23,0.009252107535136616
72.24,-0.006759091186602076
72.25,0.003439483089297684
72.26,0.00038180952865493785
72.27,-0.004988686275395069
72.28,0.0024784614901004025
72.29,-0.004035780469201407
72.3,0.0055769053518532116
72.31,-0.006332602579509534
72.32000000000001,0.002269091372638492
72.33,0.009640025666165031
72.34,-0.003728784998762209
72.35000000000001,-0.0015795687830732815
72.36,5.29938052797347e-05
72.37,-0.004397292350509839
72.38,-0.0093921422530602
72.39,-0.009634171897354866
72.4,-0.002833490916753352
72.41,0.0013270156790720373
72.42,-0.004452756922450536
72.43,-0.0039962768505167464
72.44,0.0068600135358486605
72.45,0.005978421989188415
72.46000000000001,-0.0032065527675044963
72.47,-0.008431416652617586
72.48,-0.0044896036272183285
72.49,-0.002558468361928785
72.5,-0.004464362685382315
72.51,-0.003215118831787345
72.52,0.0017383783385293786
72.53,-0.0016760188788667602
72.54,0.00706522263562955
72.55,-0.0017800805545694527
72.56,-0.008055169153027422
72.57000000000001,-0.002671928010520792
72.58,0.0003449535086099149
72.59,-0.007097847112435831
72.60000000000001,-0.009105520359703603
72.61,-0.00013539515104204168
72.62,0.0075034722374808325
72.63,0.0037895439687979787
72.64,-0.0038346073958602216
72.65,0.003152743885365898
72.66,0.007639042311162943
72.67,0.00478849683012395
72.68,-0.004569296928800299
72.69,-0.005539851542244368
72.7,-0.005508944578531842
72.71000000000001,-0.0025627375266453825
72.72,0.0014807416781502814
72.73,-0.0033085156368596706
72.74,0.0022674829902512624
72.75,-0.0033238035724312102
72.76,-0.0059661866131641905
72.77,-0.005377025583839552
72.78,0.003623041102046422
72.79,-0.003383662357197923
72.8,0.007157137445934646
72.81,0.003337926568424186
72.82000000000001,0.009585094147975063
72.83,0.0029752146372774776
72.84,-0.0006315088282158321
72.85000000000001,0.008061974928832911
72.86,0.005573222826516202
72.87,-0.008514191627435327
72.88,-0.003144062605774809
72.89,0.007083349991738297
72.9,0.007406030753435372
72.91,-0.007255667357799915
72.92,-0.0077227215052760026
72.93,-0.00834936737113312
72.94,0.002736364420600974
72.95,-0.008148217810352345
72.96000000000001,-0.002822831839056279
72.97,0.003018147324496791
72.98,0.006237146340886237
72.99,-0.0027460413064395927
73.0,0.0038256378314442414
73.01,0.007426620084257483
73.02,0.006592059730619061
73.03,-0.0007109732647481246
73.04,-0.0012061594109074505
73.05,0.008221091100909567
73.06,-0.001811174696372788
73.07000000000001,-0.009721805775645518
73.08,-0.001780781733758124
73.09,-0.008739299186585545
73.10000000000001,-0.0032041526117793893
73.11,-0.008935445750850611
73.12,0.005539362435761903
73.13,0.0044700100235629085
73.14,0.0006008945983241049
73.15,-0.0014932683445572793
73.16,0.006238785413671776
73.17,0.008368647250075948
73.18,0.005150253799036927
73.19,0.003616796465076894
73.2,-0.007109299228320518
73.21000000000001,0.00662170267311111
73.22,-0.00453878356041965
73.23,0.00011223692508866012
73.24,-0.0005530935726081876
73.25,0.005380743463956981
73.26,-0.009133171143319225
73.27,0.00460892831409827
73.28,-0.008483984618475007
73.29,-0.007836201685170472
73.3,0.0009349453646751386
73.31,0.004649854097638602
73.32000000000001,0.003126645773188297
73.33,-0.004806934241056187
73.34,-0.0036460488625460743
73.35000000000001,-0.006351742047336568
73.36,0.006743796726298374
73.37,-0.008290232234613662
73.38,-0.002448178791830025
73.39,0.002002460714611831
73.4,-0.007885020937333148
73.41,0.006981175769676428
73.42,-0.00128870136058566
73.43,-0.006272479964319573
73.44,-0.00033455351822142716
73.45,-0.000861706386343886
73.46000000000001,-0.00885191785974123
73.47,5.144410078968334e-05
73.48,-0.006639573510043624
73.49,-0.0014200997410333451
73.5,-0.007347375192164123
73.51,-0.0027887760766330573
73.52,0.0020068529383327864
73.53,-0.0060241629458966965
73.54,0.009560977236804652
73.55,-0.002702520230987278
73.56,0.0029730383916789366
73.57000000000001,0.007354143641923704
73.58,0.009969312344955511
73.59,-0.004565407616166408
73.60000000000001,0.007673608691713187
73.61,-0.009864142723917843
73.62,-0.0003687092777687022
73.63,-0.005956535986550362
73.64,0.00586296438832515
73.65,-0.0022681407074063697
73.66,-0.0070542713153270206
73.67,0.0016993146890777223
73.68,-0.008185883259766366
73.69,0.006414273828368551
73.7,0.000600567616407666
73.71000000000001,-0.003524577277473913
73.72,-0.006444232301179383
73.73,0.008181716304700439
73.74,0.007223394171560345
73.75,-0.009939141243425433
73.76,-0.003152699361912898
73.77,0.006297652782498513
73.78,0.005771998093962326
73.79,0.0034378162978523363
73.8,0.00012664837894708902
73.81,0.003629912901430105
73.82000000000001,0.001574556338795021
73.83,-0.004849477210822308
73.84,-0.002758666627766153
73.85000000000001,0.0018794382385271691
73.86,0.007543464494945888
73.87,0.0035962370159283337
73.88,0.0014105044209656217
73.89,-0.0013212027019097808
73.9,0.008106756033015387
73.91,-0.006600170441304529
73.92,0.0037175669388720637
73.93,0.0002235199643787801
73.94,-0.005766492001322978
73.95,-0.006246286029633291
73.96000000000001,0.009183245366681926
73.97,-0.005135800655182863
73.98,-0.0022730802717851797
73.99,-0.006733625904470511
74.0,-0.006721891336823209
74.01,-0.005690918128608693
74.02,0.007885065288192434
74.03,0.004306301411628171
74.04,-0.00044610111223820914
74.05,-0.004106117272022598
74.06,-0.002694402100665472
74.07000000000001,0.0016456685172486565
74.08,0.003954890123381526
74.09,-0.0024230724815531212
74.10000000000001,-0.003908902568833677
74.11,0.0042608814238730836
74.12,0.005528785745702751
74.13,0.008515220382567764
74.14,-0.0011159393800520556
74.15,-0.007010833411198594
74.16,0.006383687320908245
74.17,0.007461949688863432
74.18,-0.0076455281649625275
74.19,-0.004507614423768179
74.2,0.006347381159877269
74.21000000000001,-0.00809598649560022
74.22,0.0023327745264281295
74.23,0.00932123991545644
74.24,0.005774317442433745
74.25,-0.008777629670219651
74.26,-0.0076179790383059266
74.27,0.0036654947871691546
74.28,0.009178539386285102
74.29,-0.002389744596951209
74.3,0.002882919152293148
74.31,-0.003033378216236467
74.32000000000001,0.0017129961905623086
74.33,0.007789130414770888
74.34,0.007541157048743341
74.35000000000001,-0.00022513304320517964
74.36,-0.0075446757287635
74.37,0.005294779084308332
74.38,0.0009659929750536807
74.39,0.00877928045155543
74.4,-0.008602395087162935
74.41,-0.005030143249291843
74.42,-0.007973730646159496
74.43,0.004749276080184184
74.44,-0.008580672542810946
74.45,0.005752652538410541
74.46000000000001,-0.0008145381239588884
74.47,0.004733396863606562
74.48,-0.0016218431309966246
74.49,0.00205039815333196
74.5,-0.005002547446464507
74.51,-0.0009804938486241178
74.52,-0.0034492261391130177
74.53,-0.004406513827287675
74.54,-0.006045756850645876
74.55,-0.0065608317561511136
74.56,-0.00031183466010257024
74.57000000000001,-0.005459308114470412
74.58,-0.003308973519160135
74.59,-0.0078850930378841
74.60000000000001,0.0018135816897547445
74.61,-0.0069877599326070294
74.62,-0.00017650178589226524
74.63,-0.00606243772655035
74.64,0.0049496217795529235
74.65,0.005923736129739102
74.66,-0.006294239044751229
74.67,0.007193339827245926
74.68,0.009805929512476932
74.69,-0.0023826416786367965
74.7,-0.007749349258191379
74.71000000000001,-0.0032229842729320345
74.72,-0.004311194501445446
74.73,0.0006394033769119359
74.74,-0.003710114766870729
74.75,-0.0023873792348872522
74.76,0.001545216574620048
74.77,-0.007647763627654316
74.78,-0.00045173787069489706
74.79,0.008224996634031706
74.8,-0.005580243337830615
74.81,0.003296084729461102
74.82000000000001,0.0049893391069702215
74.83,-0.0049288128537952796
74.84,-0.005458899138129758
74.85000000000001,-0.007260685687507847
74.86,0.0073125200713710595
74.87,0.0068253567663551905
74.88,-0.003563077393630672
74.89,-0.00459606499280959
74.9,0.008773185695503642
74.91,0.006489434519173857
74.92,0.005856103869234653
74.93,0.008127972844502987
74.94,0.005098267853039566
74.95,-0.008346594636065817
74.96000000000001,-0.006771029962998765
74.97,0.004058369258268232
74.98,0.0034428559711495305
74.99,0.0010635823645803524
75.0,0.009919514850611285
75.01,0.006033163280002725
75.02,-0.008918274395812716
75.03,0.009648859683044736
75.04,-0.004849909792065157
75.05,-0.008114159046976304
75.06,-0.009580469018461909
75.07000000000001,-0.009997778451208193
75.08,-0.0006243714641903653
75.09,0.0007104626917882311
75.10000000000001,0.002220385280296744
75.11,-0.0021551422181626794
75.12,-0.008193338901728233
75.13,-0.00031807017798787633
75.14,0.008094513800867753
75.15,-0.009533005616708065
75.16,-0.008267152949571937
75.17,0.001023936702935985
75.18,-0.0032539911571057003
75.19,0.005167625728523979
75.2,-0.003467034710582833
75.21000000000001,0.0014241085668944761
75.22,0.0026322825841952266
75.23,-0.00579529787031863
75.24,0.00033338306691135626
75.25,0.005999403037341691
75.26,-0.0056757925041237755
75.27,-0.0064248160017691645
75.28,0.007981266631854346
75.29,-0.0019630044147673376
75.3,-0.0012278003300655056
75.31,0.00552531268705801
75.32000000000001,-0.0071277075973403695
75.33,0.0017658586182954412
75.34,-0.0015749980037690018
75.35000000000001,0.007807322134489347
75.36,0.0017134183048303272
75.37,0.006700712991060337
75.38,0.009788936634910988
75.39,0.004910740479705602
75.4,-0.00013251378939473438
75.41,-0.0001241225713415981
75.42,-0.004338899295362864
75.43,0.009467578134660743
75.44,-0.0019315109693902113
75.45,0.005294479406705277
75.46000000000001,0.007291183259555538
75.47,-0.004400417568131423
75.48,0.0016064808859367983
75.49,-0.00011204154854973017
75.5,-0.007649773837878804
75.51,0.00920288089970575
75.52,0.007610562162123283
75.53,-0.00923116086101009
75.54,0.0017562765895240261
75.55,0.0009503719950096148
75.56,-0.00034088372709380893
75.57000000000001,0.005543763018342609
75.58,0.00712742292977178
75.59,-0.007780375414731344
75.60000000000001,0.0035165769564890186
75.61,0.0044389755300612045
75.62,0.006590088234157921
75.63,-0.0044519726015358006
75.64,0.0005918574321691801
75.65,0.0031303926688470516
75.66,0.00969283893444983
75.67,-0.0038468841375702036
75.68,-0.004483844970633171
75.69,-0.0076129756010393825
75.7,-0.009041236995448438
75.71000000000001,0.0035800998848593644
75.72,-0.0006642647306981005
75.73,0.0037109085386878553
75.74,-0.006050446564277563
75.75,0.0072650564954152615
75.76,0.009068093381155521
75.77,0.0051872808863291375
75.78,0.001823302499564668
75.79,-0.003059803701561536
75.8,0.006451542114482159
75.81,0.0030568573847699985
75.82000000000001,-0.003497440691672393
75.83,0.0008089115296664225
75.84,-0.00045417620019561587
75.85000000000001,-0.004816987743990162
75.86,0.0011566882899011754
75.87,-0.0074836764795282165
75.88,0.005482570210730635
75.89,0.0006244284759591226
75.9,0.0006298501807317416
75.91,-0.0030699836099160587
75.92,0.008326051844706256
75.93,-0.006330551064095363
75.94,-0.0027677763730990226
75.95,0.005155005581240067
75.96000000000001,-0.005222070370984071
75.97,-0.00534300954420537
75.98,0.004691439685479285
75.99,-0.009163729173747946
76.0,0.006516638734139863
76.01,-0.006479084981510444
76.02,-0.0013815039214788334
76.03,0.009672982929417288
76.04,-0.0057365222307697965
76.05,-0.003848217339970792
76.06,0.0005636541784732989
76.07000000000001,0.00662606653530339
76.08,0.0034226195144043334
76.09,-0.002075484729952287
76.10000000000001,-0.00843473325507253
76.11,0.009399969510209478
76.12,-0.009695523137765045
76.13,-0.008438493343281677
76.14,-0.003195595137708387
76.15,0.004312086924008682
76.16,-0.009878015217583294
76.17,-0.0024167070196256454
76.18,0.0006803604562685556
76.19,-0.002368900594369854
76.2,0.004722683990757736
76.21000000000001,0.004555010314973731
76.22,-0.008674332523815892
76.23,0.0022272393158280918
76.24,-0.002166372636746709
76.25,-0.007748190832075852
76.26,-0.0010830940446927024
76.27,-0.00888788396539436
76.28,0.007354645056519062
76.29,-0.00277621903411726
76.3,-0.0008159925671695906
76.31,-0.006752513843103789
76.32000000000001,0.0047142037511184644
76.33,0.009540686557525527
76.34,-0.001759545028080194
76.35000000000001,-0.00017600925697670855
76.36,-0.004852430290803478
76.37,0.005611465451106006
76.38,-0.009216994560615444
76.39,0.006916579567480744
76.4,-0.005036483423169538
76.41,-0.001395846747174103
76.42,-0.004598024500292202
76.43,-0.004705640540105127
76.44,-0.0030530029579800937
76.45,-0.0017841786067844326
76.46000000000001,-0.0022404593794347867
76.47,-0.00011104777735834043
76.48,-0.0040538763710827345
76.49,-0.003329127791117788
76.5,-0.002244601759135356
76.51,0.005887612304727714
76.52,-0.0025212165628150634
76.53,0.005964976302375082
76.54,-0.006758982097046886
76.55,-9.722938838810542e-05
76.56,-0.0011955763502487487
76.57000000000001,0.00606130871027275
76.58,0.007422291080996771
76.59,0.0008807389745197399
76.60000000000001,0.0069466301722081614
76.61,-0.0011221178620525948
76.62,-0.002066407469467506
76.63,0.004210559779082966
76.64,-0.0007878634201452048
76.65,0.0027112711862594344
76.66,-0.0017508274764634606
76.67,0.003283165905948515
76.68,-0.005968014452265247
76.69,0.006639005059572262
76.7,-0.0046554017629625655
76.71000000000001,-0.009251934791357712
76.72,0.001732307182331994
76.73,0.0011270023824113372
76.74,0.0034976819873095196
76.75,0.006174857962105899
76.76,-0.0055310843237280595
76.77,0.0012356221755739413
76.78,0.008548849009059662
76.79,-0.007708910852566888
76.8,0.005505912221998508
76.81,-0.006633716039957665
76.82000000000001,0.001963812456645963
76.83,-0.0015993818329815938
76.84,0.0011338068736924181
76.85000000000001,-0.006756924226699208
76.86,0.0014484249586748012
76.87,0.0054061815405294575
76.88,-0.009166314870269403
76.89,0.008095689887510077
76.9,-0.009305758523033203
76.91,0.004376235210259443
76.92,0.0009384575799988547
76.93,-0.008795210163940923
76.94,0.002785622046921352
76.95,0.0064606165772879785
76.96000000000001,0.009425322162215555
76.97,-0.0005351994645978932
76.98,-0.001985021802170509
76.99,0.002410708535303204
77.0,-0.002180167143164184
77.01,-0.004994650803701666
77.02,-0.0007514222690434471
77.03,-0.001017661284989228
77.04,-0.008352693645498978
77.05,-0.004162832971160224
77.06,0.0012049417116591302
77.07000000000001,-0.008536375371845255
77.08,-0.003945922997820872
77.09,0.008639806574991514
77.10000000000001,-0.00767340429220419
77.11,-0.003743559068409546
77.12,-0.009684624925940537
77.13,-0.0010702494837778118
77.14,-0.005882583564334318
77.15,-0.003427150986761423
77.16,0.009888175348361743
77.17,-0.009205909094532878
77.18,0.0007705907942381698
77.19,5.011565014156026e-05
77.2,0.008083010856305388
77.21000000000001,0.0032598514067829713
77.22,0.0003849795747388734
77.23,-0.004949530458237177
77.24,-0.004223481653753334
77.25,-0.009000521428165454
77.26,-0.008156336609451234
77.27,0.005007947478022325
77.28,-0.0003125713969042779
77.29,0.008536108106319785
77.3,1.9001198938949776e-05
77.31,-0.005591325794410744
77.32000000000001,-0.003789220236871702
77.33,0.008278521874655461
77.34,-0.0032603568333060664
77.35000000000001,-0.00509204035437397
77.36,0.006797566871280225
77.37,0.009868457415600594
77.38,-0.006183487416176663
77.39,-0.002319880300703134
77.4,-0.004421598139077478
77.41,-0.009586309050186577
77.42,-0.002090103932359264
77.43,0.003185814183021647
77.44,-0.0018931156896310024
77.45,-0.0007392339726304108
77.46000000000001,0.004750350962352847
77.47,0.009159973725937654
77.48,0.0012056305509042103
77.49,-0.0003260895458738998
77.5,0.004917788321337688
77.51,0.006744036325970858
77.52,-0.006428621904672343
77.53,0.0045433469662316366
77.54,0.0025178851791908905
77.55,0.0003863389485612382
77.56,0.006979668011742027
77.57000000000001,-0.0067686090007288355
77.58,-0.0069008887766462525
77.59,0.002648337355071669
77.60000000000001,-0.00030620186781655373
77.61,0.006088236372257276
77.62,0.006952904889434305
77.63,0.006961149175901351
77.64,0.0008193610109727429
77.65,0.004814735660011862
77.66,-0.004851255222987072
77.67,-0.009320990707673256
77.68,0.005700548455797165
77.69,0.007945533949857716
77.7,-0.0074923067922225695
77.71000000000001,-0.0020251038679807466
77.72,0.0010065503181927137
77.73,-0.00010593938646336239
77.74,0.005205581301058158
77.75,0.007588838347170347
77.76,0.0007510828921013409
77.77,-0.002896800938449899
77.78,0.006773220083340267
77.79,0.006332318219149773
77.8,0.006011416316834136
77.81,-0.0007736640435568581
77.82000000000001,-0.008346603542868933
77.83,0.004414502502324873
77.84,-0.007172264042717686
77.85000000000001,0.0072548089636617265
77.86,-0.0009434118154972755
77.87,-0.009563298521839004
77.88,-0.0012346334780651749
77.89,-0.004228461684370486
77.9,-0.0006043526090627593
77.91,-0.00109336870595262
77.92,-0.007119621394635676
77.93,0.006598165275863684
77.94,0.00014794505310822964
77.95,-0.0074499296693931755
77.96000000000001,-0.00416670899408145
77.97,-0.0018280943519695687
77.98,-0.0052839418041937545
77.99,-0.0010184073106632632
78.0,0.009528496130130312
78.01,4.361815445175221e-05
78.02,-0.006363422921948885
78.03,-0.0011888062898011038
78.04,-0.007295669310546458
78.05,0.008482382431797364
78.06,0.009383596565116248
78.07000000000001,0.0011644028241707804
78.08,-9.295235529820783e-05
78.09,0.008543347812609526
78.10000000000001,-0.007457864716836404
78.11,-0.00626603851496163
78.12,-0.007128939595117057
78.13,-0.009553871561618845
78.14,-0.0022709212126525323
78.15,0.0074697570087180285
78.16,-0.0023037542785263486
78.17,-0.002758681982190334
78.18,-0.00385966786634337
78.19,-0.0017957076263584205
78.2,-0.009291080276508741
78.21000000000001,0.004401781844165464
78.22,-0.006771669216390857
78.23,-0.002197418519662997
78.24,-0.009833646528749674
78.25,0.002773509316853001
78.26,0.003796408053308418
78.27,-5.904186971656192e-06
78.28,0.002468700490994182
78.29,-0.004719931679652898
78.3,-0.005857180027304176
78.31,0.002981223876957437
78.32000000000001,-0.004393306216751729
78.33,0.00294249359940788
78.34,-0.004826454307162422
78.35000000000001,-0.0083999404126698
78.36,0.001848159501518308
78.37,-0.006042494993414081
78.38,0.005522962715248558
78.39,0.0012597042050609322
78.4,0.001792313262907243
78.41,-0.004134032492914747
78.42,-0.0033736629205079046
78.43,0.009654122484277347
78.44,-0.0032902088495546282
78.45,0.0048581074862305024
78.46000000000001,-0.005977620844067408
78.47,-0.007304905876500896
78.48,-0.007797779077748623
78.49,-0.0014808716764892552
78.5,-0.00457069139993322
78.51,-0.0006322566918175697
78.52,0.0022235093102921846
78.53,-0.009462012900295975
78.54,-0.009630226506678745
78.55,-0.003403066390141523
78.56,0.004594439798753841
78.57000000000001,0.003088983253796045
78.58,-0.007604511959013392
78.59,0.001890928649491164
78.60000000000001,-0.003996690365442482
78.61,0.002677078646052983
78.62,-0.004585271209948851
78.63,-0.008357063455317648
78.64,0.004301969256023379
78.65,-0.004117249786841253
78.66,0.005386045598283307
78.67,0.007082718103902099
78.68,-0.0048766075129492315
78.69,0.001577115115810426
78.7,0.0011679305489148365
78.71000000000001,-0.004457326080421562
78.72,-0.002577111351099764
78.73,-0.0003886697638560664
78.74,-0.001280624070885819
78.75,-0.008172906046154092
78.76,-0.0005358069006702153
78.77,-0.003396782141783374
78.78,0.009372574756251325
78.79,0.008416118620571815
78.8,0.009820220205273832
78.81,-0.008959839731780385
78.82000000000001,-0.006826908329066359
78.83,-0.0006465885543321601
78.84,0.0030651005713159957
78.85000000000001,0.0013786480475457379
78.86,0.005121594255772639
78.87,-0.0049711865919200475
78.88,-0.008724707541860287
78.89,-0.004681873211172316
78.9,0.0010367675850744516
78.91,0.000607442669262926
78.92,0.004366549438082304
78.93,0.00649255007077028
78.94,0.005084256636122298
78.95,0.00465137843011623
78.96000000000001,-0.003223511563362396
78.97,-0.004569792068813028
78.98,-0.0022841659128227066
78.99,0.0037649790781845143
79.0,0.0029906740777022045
79.01,0.0061508365063567775
79.02,0.007798316306378719
79.03,0.0075119777902702845
79.04,-0.003183762635511571
79.05,-0.0036813647209702127
79.06,0.00029260318955917804
79.07000000000001,0.0007098946183762538
79.08,0.00011589425935460036
79.09,-0.002616904566701728
79.10000000000001,-0.0015127472874713783
79.11,-0.005399376158428397
79.12,-0.0025157740088855495
79.13,-0.0006885351226811973
79.14,-0.009987649712829363
79.15,0.009903918982501135
79.16,0.009314300640069917
79.17,-0.008387586049923295
79.18,0.008915603268621569
79.19,-0.0002332103543386272
79.2,-0.004164592568404364
79.21000000000001,0.005420558965061682
79.22,-0.0077016544943408795
79.23,-0.007203620685287465
79.24,0.004494728305628018
79.25,0.004532218734271256
79.26,-0.003042573693749864
79.27,-0.0022045176351966587
79.28,-0.007282588125139857
79.29,0.0004642789765378491
79.3,0.002133359893524627
79.31,-0.003077586511102075
79.32000000000001,-0.00612916109978035
79.33,0.003796911905701276
79.34,0.009492482591004077
79.35000000000001,-0.0026700815604970883
79.36,-0.007278176080807426
79.37,0.009844856311127798
79.38,0.003771091356917949
79.39,-0.002669839115964889
79.4,0.00978832612414981
79.41,0.0045146285004252305
79.42,-0.008154664574751908
79.43,-0.004883885083448483
79.44,-0.0016390308884297808
79.45,0.0012366628751825752
79.46000000000001,0.008939981504445063
79.47,0.0024999549560888144
79.48,0.0016897711264385554
79.49,0.0049489146860170075
79.5,-0.004798654211361652
79.51,-0.00037458841755931213
79.52,0.0031757956663645316
79.53,0.007023266400318652
79.54,-0.007235312790084894
79.55,-0.007712765798866339
79.56,0.009883400973371191
79.57000000000001,-0.007682993073134568
79.58,-0.007939467202198389
79.59,-0.002921329266885371
79.60000000000001,0.007934393014736847
79.61,-0.009396422685312832
79.62,0.004989369945070588
79.63,-0.0011786876288204864
79.64,-0.007097433164789118
79.65,-0.0017132723347705586
79.66,-0.0019159010842941422
79.67,-0.006088445605848747
79.68,0.00314864446867057
79.69,0.004786322178350259
79.7,0.00856871780626218
79.71000000000001,-0.002925342780794431
79.72,0.0066361843075101856
79.73,0.007342138927650002
79.74,-0.0054586334083973976
79.75,0.00035896746101955236
79.76,0.007956095646764206
79.77,0.008666781707719584
79.78,-0.0026155240744216513
79.79,-0.0009495150053995434
79.8,0.007729707232876871
79.81,0.00986046826409877
79.82000000000001,-0.002876431067508496
79.83,-0.00023173090904609478
79.84,-0.0015827108500189799
79.85000000000001,0.003981002189353934
79.86,0.005290416024417842
79.87,0.007639836863603757
79.88,0.001110024123780513
79.89,-0.0072391426343637
79.9,-0.009172525462746568
79.91,0.004656141463445031
79.92,0.0036440913588990202
79.93,0.0062388333498546635
79.94,-0.009831739736606077
79.95,-0.004331254102326747
79.96000000000001,-0.0014592850069823759
79.97,0.0026745423870727907
79.98,0.004973549926210685
79.99,-0.006224702891822698
80.0,0.007211445233517992
80.01,-0.0011869188208133968
80.02,-0.001317925725110105
80.03,0.004614830350769945
80.04,0.00756323581270882
80.05,-0.0016104478315470214
80.06,0.005082753311004643
80.07000000000001,-0.004211036043753096
80.08,0.0037963408814527307
80.09,-0.0008596625654750285
80.10000000000001,-0.0037709633460378767
80.11,-0.003725197524842898
80.12,-0.007384303888917083
80.13,0.0035285514386081546
80.14,0.002924040834100061
80.15,0.009183891332661428
80.16,-0.007889811871758563
80.17,-0.001450056905628416
80.18,0.006995795236481103
80.19,0.007440073823713903
80.2,0.003404344726907902
80.21000000000001,-0.002298625090747946
80.22,0.009797355136745492
80.23,0.004439727899894708
80.24,0.0008718532005249236
80.25,0.006924765165021116
80.26,0.00718442759570955
80.27,-0.008500651296153636
80.28,0.005452804132567775
80.29,0.008824190262681686
80.3,-0.0024995714557544636
80.31,-0.0038322339417158615
80.32000000000001,-0.005378952059781115
80.33,0.001827072542767292
80.34,0.006177066023527486
80.35000000000001,0.0022284673379363625
80.36,0.0025661851137950935
80.37,0.0008626339976505124
80.38,0.008791257618711005
80.39,-0.008913439138031738
80.4,-0.0036366971686999094
80.41,-0.007262285325821323
80.42,0.008909289670694322
80.43,4.3941962453115935e-05
80.44,-0.006612445908569003
80.45,0.008907277014661123
80.46000000000001,0.007235494808346994
80.47,-0.0008182047331103445
80.48,-0.002166777872697208
80.49,0.0022424975917576355
80.5,-0.0007906532412655359
80.51,-0.0032665233690069885
80.52,-0.005397858286722955
80.53,-0.0022417305256136055
80.54,-0.008730566608383125
80.55,0.007262780058223733
80.56,-0.009868727805691169
80.57000000000001,-0.002305886438338729
80.58,0.006993637969231659
80.59,-0.004212977451624127
80.60000000000001,0.0019196565108487666
80.61,0.003075650314789258
80.62,0.0009549084510972472
80.63,-0.0006004190683631689
80.64,0.00682389244659185
80.65,-0.0091955086483465
80.66,0.005835201083152044
80.67,-0.001704476138355485
80.68,-0.005392132817874096
80.69,0.004469296705283168
80.7,0.007192143401371856
80.71000000000001,-0.00031833851452915327
80.72,-0.005911250367383288
80.73,-0.0053851378090947425
80.74,-0.005217793598746369
80.75,-0.004657736173228822
80.76,-0.005201478966759803
80.77,0.0012471707172596914
80.78,-0.004700702686738429
80.79,-0.0010645925317411993
80.8,0.0010771031826657413
80.81,-0.008547693599567198
80.82000000000001,0.001666095331363358
80.83,0.008124441623802102
80.84,-0.003914589764673273
80.85000000000001,-0.008749185780833271
80.86,0.003144684500524934
80.87,0.0077531269489738205
80.88,-0.00928785188159527
80.89,0.004502356640318419
80.9,-0.00230963945215033
80.91,0.003288173865600314
80.92,0.0022452619521370447
80.93,-0.0014995940429448733
80.94,-0.0019174529890164972
80.95,-0.006174684527866474
80.96000000000001,0.0006503144742678255
80.97,-0.002173981026613491
80.98,0.000336866233545818
80.99,-0.006057028453948665
81.0,0.009670935203738717
81.01,-0.001906790229301101
81.02,-0.00262324676245455
81.03,-0.007193232571101433
81.04,0.005415620168707901
81.05,0.0006440928247339796
81.06,0.002755794762996082
81.07000000000001,-0.0004979393738955337
81.08,0.005367060095879362
81.09,0.009046108728577343
81.10000000000001,-0.00872547808750913
81.11,-0.0030914431136184308
81.12,-0.00867894233535444
81.13,-0.009456711309156795
81.14,-0.006136149539207756
81.15,-0.0009394990971943046
81.16,0.003918520898609805
81.17,-0.005387673631603964
81.18,0.004152694609017231
81.19,-0.007675086672587392
81.2,-0.005315187843847928
81.21000000000001,0.0028426347417773255
81.22,-0.005221617533521636
81.23,-0.005796136802673277
81.24,-0.004989853148279941
81.25,-0.008897369245209702
81.26,0.003919529893436396
81.27,0.0032408659015596575
81.28,0.0044396808257357485
81.29,-0.008252379371760519
81.3,0.00202810649867401
81.31,0.00807100088787979
81.32000000000001,-0.002865304095092374
81.33,-0.0014328603222337824
81.34,-0.009167932041330384
81.35000000000001,-0.0006348561117101581
81.36,0.008329129994656669
81.37,0.00959630979637857
81.38,0.002526770625887076
81.39,0.006414758783230822
81.4,0.00025419206718219935
81.41,-0.005180450726563959
81.42,0.008824427357370995
81.43,-0.00981487123706244
81.44,0.007667803102465015
81.45,-0.004890205101536882
81.46000000000001,0.006410529314893323
81.47,-0.004203979096308517
81.48,0.004122538872610295
81.49,-0.003452500378695389
81.5,0.007704315608531189
81.51,-0.0070690535729992935
81.52,-0.001969763889939238
81.53,-0.009822254098042485
81.54,0.0003035088459511885
81.55,0.0016655490082688566
81.56,0.0084399526051554
81.57000000000001,-0.0041136941283256775
81.58,-0.0011237809568482166
81.59,0.000597196087012232
81.60000000000001,0.0010399950183321467
81.61,0.0012698932983602213
81.62,-0.0006209381408856136
81.63,-0.006054110597022675
81.64,0.006621779150310524
81.65,-0.00277665866595296
81.66,-0.005204718829707176
81.67,0.008849965940113917
81.68,0.005231218677819975
81.69,0.008953639357746216
81.7,0.0007463031396366306
81.71000000000001,0.0008039125985418432
81.72,0.005200784883515995
81.73,0.005189067023552523
81.74,0.005782652922051686
81.75,-0.00988519396348616
81.76,-0.0032473096584250414
81.77,0.0022897414832398696
81.78,0.001150026191738535
81.79,0.0004324608906820012
81.8,0.008744095923763283
81.81,0.0027172628864114735
81.82000000000001,0.0019456316101537658
81.83,0.0015276908017223204
81.84,-0.0008489532736100421
81.85000000000001,0.006940473005764941
81.86,-0.0033166501591778367
81.87,-0.0068366185278555276
81.88,-0.00952729262438043
81.89,-0.0025088198958628013
81.9,-0.0062379173632830165
81.91,-0.0025824076318445785
81.92,0.007649988401309234
81.93,-0.004922224751825177
81.94,-0.00198976985737981
81.95,-0.0030786862735481414
81.96000000000001,-0.0007504956535094726
81.97,0.0012898628244049984
81.98,0.004283401362917433
81.99,-0.007439952088357684
82.0,-0.0038386767355224945
82.01,-0.006657224467127936
82.02,-0.009078031738580189
82.03,-0.0017650781836820815
82.04,-0.0009528067415576942
82.05,0.006185037935249315
82.06,-0.0027299125800579983
82.07000000000001,-0.009151166658043256
82.08,-0.0003432288226266119
82.09,0.00027088670913656687
82.10000000000001,0.005167087746479957
82.11,0.0007199631913521794
82.12,-0.005495432487978569
82.13,0.007219636594993301
82.14,-0.006358940058605227
82.15,-0.005674204884526524
82.16,0.005208176733406553
82.17,0.0026891731212030125
82.18,-0.007524283995718095
82.19,-0.00922917984288986
82.2,-0.009306549962825707
82.21000000000001,-0.005034197478772655
82.22,-0.002257747783043609
82.23,0.0020962982643201976
82.24,0.003046920495113086
82.25,-0.005442905494128598
82.26,0.0030121908643461134
82.27,-0.008288061461276846
82.28,-0.0030001349415461802
82.29,0.006589407231791937
82.3,-0.008375533875200776
82.31,-0.003695208163591899
82.32000000000001,-0.005101114512551845
82.33,-0.0051566193282006605
82.34,-0.000628079762332541
82.35000000000001,-0.0031586412111181362
82.36,-0.0050870011879225975
82.37,-0.0004925637530783147
82.38,-0.004575670649974765
82.39,0.004671126576095943
82.4,-0.0068006786150388646
82.41,-0.0040470696918465925
82.42,0.003970682919380755
82.43,0.0038772861569831597
82.44,-0.009117345560783013
82.45,0.00850614198241109
82.46000000000001,-0.002617936717645937
82.47,0.004395525469895845
82.48,0.0074442632518366015
82.49,-0.00861277785079086
82.5,0.006545873378942786
82.51,0.005058147061740171
82.52,-0.0010865562425583734
82.53,-0.004533834317766452
82.54,0.009421521711533971
82.55,-0.001756823762052698
82.56,0.008540777480545414
82.57000000000001,-0.009492605428944098
82.58,0.0049327784381019354
82.59,-0.00024028914448751687
82.60000000000001,-0.003668321459771819
82.61,-0.0018997807140904484
82.62,0.0083810060466148
82.63,-0.0015547900543255219
82.64,-0.009921084778918753
82.65,0.005346516802195205
82.66,0.008624384069178608
82.67,0.0004668469822097232
82.68,0.0024227750911423283
82.69,0.0067533634602656555
82.7,0.006242563981902776
82.71000000000001,-0.003325944107898704
82.72,0.006121229309479037
82.73,0.004255968086197173
82.74,-0.0001410462974839998
82.75,-0.004520497802499892
82.76,0.007284070486719042
82.77,0.0021878903142991124
82.78,0.009055017460460496
82.79,-0.009037385784753002
82.8,0.0030588143749996737
82.81,0.0009310250872423941
82.82000000000001,-0.0037615175639700476
82.83,0.0019397529413216295
82.84,-0.00015127121689945122
82.85000000000001,0.0018182861890624277
82.86,-0.009302914991670552
82.87,0.009301767842988634
82.88,-0.0075627324877709096
82.89,0.007120197642694457
82.9,0.00666975651336592
82.91,0.0010221983437126818
82.92,0.0037044387456517894
82.93,-0.009657293156423994
82.94,0.008944382374114023
82.95,0.00362036989657746
82.96000000000001,-0.00014140888245344797
82.97,0.0070672457811288125
82.98,-0.00500926341915582
82.99,-0.009053201593463858
83.0,-0.0021188242337350123
83.01,0.006257099053835024
83.02,0.0008665133724108775
83.03,-0.006434939255425618
83.04,0.004467259633242571
83.05,0.006346903366192697
83.06,0.00968748191565147
83.07000000000001,-0.008103099987415374
83.08,-0.006496928120798424
83.09,0.0070835759067674284
83.10000000000001,0.003912582716291442
83.11,3.857153297921745e-05
83.12,-0.005074144112876227
83.13,0.00984624563023767
83.14,-0.008237446328122828
83.15,0.0041631908853796366
83.16,0.0006448052432108508
83.17,-0.008193997077642949
83.18,-0.009490343188400401
83.19,-0.0017354559627319553
83.2,-0.008967322614583667
83.21000000000001,0.007866015008634182
83.22,0.0095242148509478
83.23,0.0015093066638796858
83.24,0.003956715987440261
83.25,0.006026130341549562
83.26,-0.005011726937487257
83.27,-0.003284778044034562
83.28,0.007327544184805664
83.29,0.009003787705203133
83.3,-0.008920472564942727
83.31,-0.005103006602281475
83.32000000000001,-0.007713012240634531
83.33,0.0070461468789959365
83.34,-0.0003571790754592456
83.35000000000001,-0.0014525218713444463
83.36,-0.005645250599167619
83.37,0.005118414128550679
83.38,-0.009707087532117875
83.39,-0.007693941289970485
83.4,0.003613440596546613
83.41,0.0006575593902901321
83.42,0.002788649788497957
83.43,-0.0013754744272620693
83.44,-0.006388437250316577
83.45,-0.0014301966114735245
83.46000000000001,-0.004089581157734561
83.47,0.0074880448586998275
83.48,-0.009664883124539591
83.49,0.0025645205884801767
83.5,0.005798820935629384
83.51,0.00971137828519261
83.52,-0.004372020571087525
83.53,-0.0029128485783646973
83.54,0.001039772405536125
83.55,0.007446818731700588
83.56,-0.004528242601665676
83.57000000000001,0.007698326703233357
83.58,-0.007683671504012355
83.59,-0.008562174194217074
83.60000000000001,0.008753004707883974
83.61,-0.007419764259971292
83.62,-0.009655316496468273
83.63,-0.007668652584346898
83.64,0.004403165679970062
83.65,0.004270841263837654
83.66,-0.004043115442673129
83.67,-0.0024449372853197126
83.68,0.007547513758247184
83.69,-0.001090031493788916
83.7,0.0024396865625637004
83.71000000000001,0.0021473389116425396
83.72,0.0035589574403453537
83.73,0.003527109687429364
83.74,0.007913491906710807
83.75,-0.002309055309114374
83.76,-0.00731805610435091
83.77,0.00893577330225691
83.78,0.00600284899823582
83.79,0.004007842790113909
83.8,-0.002229138347499795
83.81,0.001107363521156474
83.82000000000001,-0.0073686105782348205
83.83,0.007099376487411787
83.84,-0.006723151553254156
83.85000000000001,0.004311943915104253
83.86,-0.00523586945050978
83.87,0.009964288199217025
83.88,-0.005409871008454877
83.89,-0.00864340661489241
83.9,-0.005659628769092542
83.91,0.004586877724460118
83.92,0.007576338192006352
83.93,-0.009105091687345223
83.94,-0.0036648935271316315
83.95,-0.009107572416829307
83.96000000000001,0.0042813582301802575
83.97,0.008853006191179359
83.98,0.008077557773497923
83.99,-0.009139013308286831
84.0,-0.00038497380211658
84.01,0.0030333802434929
84.02,0.007249142658813329
84.03,0.009035805634522874
84.04,-0.0035812798046519117
84.05,0.007154471302728999
84.06,0.00882447544847107
84.07000000000001,-0.000953227742879547
84.08,0.0029828941037553618
84.09,0.003986055451136084
84.10000000000001,0.005586409322131473
84.11,-0.005851847531824866
84.12,0.0030793002821612406
84.13,-0.00599992137246268
84.14,0.0020624419531840993
84.15,0.006441598361162209
84.16,0.007480952499535632
84.17,0.001092073455464155
84.18,0.009824618430997195
84.19,-0.001653930944271043
84.2,-0.0056617028197613805
84.21000000000001,-0.007693786238009594
84.22,0.002279999785146057
84.23,-0.007607140232426129
84.24,-0.005963655167287114
84.25,-0.006420001065815511
84.26,0.00786721862374152
84.27,0.001984322269577206
84.28,-0.003456164973652833
84.29,-0.0005189341896843641
84.3,0.004474072065853868
84.31,0.009108098401111325
84.32000000000001,-0.008069006938502776
84.33,0.0019979584397222337
84.34,0.0021905663288287
84.35000000000001,0.007605221037397745
84.36,-0.008952805893607294
84.37,0.00878813476025894
84.38,0.005392934615156672
84.39,-0.003435492277763748
84.4,0.006181741761586991
84.41,0.004617718223017802
84.42,-0.00896617082171289
84.43,0.0001513271949371564
84.44,0.0035295375430312408
84.45,0.008683381774947473
84.46000000000001,0.0021701710652962825
84.47,-0.0037311973231997416
84.48,0.009074040343210172
84.49,0.007950782973643272
84.5,-0.00040034392631356497
84.51,-0.008426196033149454
84.52,0.0026114574412424638
84.53,-0.009100068224921543
84.54,0.005960002030086306
84.55,0.009073037771433071
84.56,8.279812526354631e-05
84.57000000000001,-0.006730351681487485
84.58,0.007578025583490135
84.59,-0.007924133179482215
84.60000000000001,-0.0045534670045856
84.61,0.008324203212605326
84.62,0.004659145856283074
84.63,0.00855714325471466
84.64,-0.00389042882159611
84.65,-0.005069690827028655
84.66,0.004731731539981875
84.67,-0.005671091566320734
84.68,-0.004691432911165503
84.69,-0.008192551724976236
84.7,-0.0017379329391404002
84.71000000000001,-0.00437092358322196
84.72,0.008880660939131682
84.73,0.004871388888036572
84.74,-0.0031887863275855714
84.75,-0.007890059987464657
84.76,-0.00036283151740936805
84.77,0.00036330480446675716
84.78,-0.0012869889922127783
84.79,0.005568229125221223
84.8,0.0001675423923046069
84.81,-0.0043501556578466665
84.82000000000001,0.0038837608262113563
84.83,0.00628152882131724
84.84,-0.008719048883861848
84.85000000000001,0.004924654061438742
84.86,-0.008558752080975236
84.87,-0.00948353980185015
84.88,0.0007780700660223877
84.89,-0.006823660727343448
84.9,-0.007468145133964956
84.91,-0.005690588986679868
84.92,0.007177672923795517
84.93,-0.0024732201062947446
84.94,-0.006393897491336991
84.95,-0.0036180756662248115
84.96000000000001,0.002124541217327903
84.97,0.002715863073665503
84.98,-0.005806341128420023
84.99,-0.002739904508890583
85.0,-0.00828428404894909
85.01,-0.00445698228676805
85.02,0.006268357995669648
85.03,0.00934214884763465
85.04,0.004780139098042835
85.05,-0.009941646455037305
85.06,-0.005319380027886915
85.07000000000001,-0.007160562842611979
85.08,-0.029638011548620384
85.09,-0.037550977428849
85.10000000000001,-0.05269440261976836
85.11,-0.05099726640894531
85.12,-0.054196463383596
85.13,-0.07651860828451065
85.14,-0.0744535387497347
85.15,-0.10051916666254591
85.16,-0.09608489410398768
85.17,-0.10544659070346035
85.18,-0.09963348703002087
85.19,-0.09056162791752823
85.2,-0.09890711706383944
85.21000000000001,-0.09324716284205338
85.22,-0.0913564578649314
85.23,-0.09559276432604133
85.24,-0.10041440195640117
85.25,-0.09523454658115789
85.26,-0.093548933056802
85.27,-0.09636943809246443
85.28,-0.10702153420585425
85.29,-0.10869945256768081
85.3,-0.10990342532757783
85.31,-0.10562773387520397
85.32000000000001,-0.10375784557803693
85.33,-0.1080852234436357
85.34,-0.09331034543407554
85.35000000000001,-0.10198745257623258
85.36,-0.10694305707251507
85.37,-0.09321471414501498
85.38,-0.10384901021794658
85.39,-0.09711871552839285
85.4,-0.09062141233472157
85.41,-0.09615299503346489
85.42,-0.0920145234125937
85.43,-0.09356521717784136
85.44,-0.10005443434899614
85.45,-0.09957606461078508
85.46000000000001,-0.09527407938066249
85.47,-0.10481667530024599
85.48,-0.10585144877258802
85.49,-0.10917889735043286
85.5,-0.10655514435864902
85.51,-0.09089863604863745
85.52,-0.1014415499835418
85.53,-0.09362189737823201
85.54,-0.10509584661071904
85.55,-0.1021338758377959
85.56,-0.10879155776728014
85.57000000000001,-0.10888257418950235
85.58,-0.09942612867798321
85.59,-0.09473255774924645
85.60000000000001,-0.09315636463788993
85.61,-0.10854024295448009
85.62,-0.10950646752686483
85.63,-0.10261742029202213
85.64,-0.09363475091204068
85.65,-0.10238719931357876
85.66,-0.0972268459298198
85.67,-0.09604094534900812
85.68,-0.1057275164950879
85.69,-0.10364178044018675
85.7,-0.09716254837800055
85.71000000000001,-0.10279387642894648
85.72,-0.09677380752742719
85.73,-0.0925194458648684
85.74,-0.09735512135687928
85.75,-0.09711916091785332
85.76,-0.10600732322915894
85.77,-0.10239459860846832
85.78,-0.10024918085754345
85.79,-0.09608380842951558
85.8,-0.09225250144559682
85.81,-0.0943974757102462
85.82000000000001,-0.10695311565078043
85.83,-0.09639276555956923
85.84,-0.10826157550981391
85.85000000000001,-0.09299169593835098
85.86,-0.09175592134323755
85.87,-0.09882461438340395
85.88,-0.09174510650460523
85.89,-0.0997114688185482
85.9,-0.09022019718491103
85.91,-0.10283908276047735
85.92,-0.10389506401950133
85.93,-0.09856480581167575
85.94,-0.0955926169118277
85.95,-0.10094875618948182
85.96000000000001,-0.09927005038792747
85.97,-0.09483861045893903
85.98,-0.10988224591685478
85.99,-0.0977653389061018
86.0,-0.10733104951091668
86.01,-0.10162473870117027
86.02,-0.09852151009465698
86.03,-0.10273893685338038
86.04,-0.10688851676291818
86.05,-0.09412258443068776
86.06,-0.0984712817292531
86.07000000000001,-0.09869031610242199
86.08,-0.10903349179669035
86.09,-0.09316900220405458
86.10000000000001,-0.10307538694218461
86.11,-0.10099363406755713
86.12,-0.09770985495998288
86.13,-0.09307800410313974
86.14,-0.10232098137264646
86.15,-0.10056723185302205
86.16,-0.09925342301812516
86.17,-0.10573064483838465
86.18,-0.10122012259907148
86.19,-0.10884060619568128
86.2,-0.0937320069040052
86.21000000000001,-0.10074175040358191
86.22,-0.10639726367032337
86.23,-0.10412372843178996
86.24,-0.10239081162308378
86.25,-0.1005426191836549
86.26,-0.0975435444065678
86.27,-0.1025063049890005
86.28,-0.10322844355342708
86.29,-0.10011623597038391
86.3,-0.09699164811725958
86.31,-0.10251557620679537
86.32000000000001,-0.10242662466688442
86.33,-0.10757325843835513
86.34,-0.09125472015477656
86.35000000000001,-0.09604757577446847
86.36,-0.10298678868035545
86.37,-0.10518471868912997
86.38,-0.10309064883911526
86.39,-0.09547121433207463
86.4,-0.09356374813866226
86.41,-0.09151090620365566
86.42,-0.10385442240370903
86.43,-0.09543233524627345
86.44,-0.10310170655765273
86.45,-0.109861356684261
86.46000000000001,-0.09310155603660608
86.47,-0.09298129023459967
86.48,-0.10215260298710906
86.49,-0.10498455978419594
86.5,-0.10977016108176794
86.51,-0.10265811302162726
86.52,-0.09534046569198798
86.53,-0.10317156667985301
86.54,-0.09652288224153142
86.55,-0.09685142541008325
86.56,-0.09741743222670467
86.57000000000001,-0.10730788510713644
86.58,-0.09584330410651684
86.59,-0.0979677083005202
86.60000000000001,-0.10786447094252874
86.61,-0.09243666567075595
86.62,-0.09247410687553892
86.63,-0.1019854278943022
86.64,-0.09056113059794951
86.65,-0.09441782111218282
86.66,-0.1003162384993598
86.67,-0.10978205265148225
86.68,-0.09401005158176622
86.69,-0.10622003972404438
86.7,-0.09853868038642875
86.71000000000001,-0.09870674270217163
86.72,-0.10453191203140265
86.73,-0.10936804485890335
86.74,-0.10056402624456223
86.75,-0.10918574410566718
86.76,-0.10558311311950691
86.77,-0.09127678121459422
86.78,-0.1089890479346768
86.79,-0.10215613857157745
86.8,-0.09156560488480076
86.81,-0.10394304335610692
86.82000000000001,-0.10266745545700495
86.83,-0.09769911348176279
86.84,-0.1092636139921833
86.85000000000001,-0.10215221729870871
86.86,-0.10555540690522262
86.87,-0.1091177083872026
86.88,-0.10064838813293417
86.89,-0.10818595517965039
86.9,-0.10851307211276426
86.91,-0.09195636237148573
86.92,-0.10536970250931335
86.93,-0.10874745647301061
86.94,-0.09315699123188334
86.95,-0.10313116545266322
86.96000000000001,-0.10623317389586438
86.97,-0.09498692915151734
86.98,-0.0686051428800659
86.99,-0.0666691114002876
87.0,-0.061615324493620845
87.01,-0.05115138256790997
87.02,-0.04181144105987754
87.03,-0.026402971781996964
87.04,-0.011528730581158456
87.05,-0.008509702834357593
87.06,0.005025449415691623
87.07000000000001,0.0014877780819542146
87.08,-0.0032707777424512184
87.09,0.003348914674184302
87.10000000000001,-0.00020136934250554114
87.11,0.0012461850745483626
87.12,0.002631792345518245
87.13,0.007486849484170223
87.14,0.009329480105050593
87.15,-0.0010531918514725264
87.16,0.00624834548903336
87.17,0.009493604515060676
87.18,-0.0029060459948889086
87.19,0.0009643977799492116
87.2,0.009684188836377167
87.21000000000001,0.0075352426404017726
87.22,-0.007951873743552763
87.23,0.007347045212768981
87.24,0.007900138281545293
87.25,-0.002001857401924066
87.26,0.0016454674471879094
87.27,-0.0045705010852053005
87.28,-0.004304610415085968
87.29,0.005560745446370944
87.3,-0.003086123935670828
87.31,-0.0004485021469603518
87.32000000000001,0.006417029032370616
87.33,-0.003808184383537425
87.34,-0.002936022750320075
87.35000000000001,0.006242788124215687
87.36,0.0003052142422792208
87.37,0.0015001327511859359
87.38,0.0040203884105670905
87.39,-0.003941188340716284
87.4,0.0021674888870587723
87.41,-0.004066511818646086
87.42,-0.0021727788668177445
87.43,-0.002370174262562954
87.44,0.005683463351994702
87.45,0.004008103796172967
87.46000000000001,0.004491410578578079
87.47,0.007495998783586881
87.48,0.0035311587073270194
87.49,0.004721760421757407
87.5,-0.005541388050445817
87.51,0.002546265609973933
87.52,-0.004998323101332845
87.53,-0.0038343508805219776
87.54,-0.006918927864082574
87.55,-0.0091285751248176
87.56,0.00692433626875808
87.57000000000001,0.0004648972601501121
87.58,-0.007795577240895935
87.59,-0.0010419744165472127
87.60000000000001,-0.0013690121572635678
87.61,-0.000919749507077525
87.62,0.0037832960674029324
87.63,0.006645097232746823
87.64,0.007718475157414506
87.65,0.008032989713053518
87.66,0.007745522028956385
87.67,-0.00902790475283476
87.68,-0.003885419855861623
87.69,0.0006113736594459771
87.7,-0.0022563012095133143
87.71000000000001,0.003658962523427907
87.72,0.0004908016332053969
87.73,0.001221090882802374
87.74,-0.006129927418051169
87.75,0.004033534656619259
87.76,0.001211825210071394
87.77,-0.006564332906286079
87.78,-0.009525064841031397
87.79,-0.0065158501559742215
87.8,0.0008561221213209853
87.81,0.0023785158887229835
87.82000000000001,-0.007728879705082335
87.83,-0.0014010229206278708
87.84,0.007505104239610339
87.85000000000001,0.008251029061582546
87.86,-0.0004351548548213943
87.87,0.007297811037079509
87.88,-0.009842745806384768
87.89,-0.007401221125848943
87.9,-0.00808210990370334
87.91,0.005478016066422366
87.92,-0.006013669049883628
87.93,-0.0016969391379853486
87.94,-0.0006093057822953683
87.95,0.009906725611578354
87.96000000000001,0.0027976558608359924
87.97,0.004775658324694159
87.98,0.006839277782132702
87.99,0.004808426067250024
88.0,-0.009622887371690455
88.01,-0.009155566367435648
88.02,-0.009951913439172011
88.03,-0.003183435776605477
88.04,0.0030028426622708965
88.05,0.005231352485514007
88.06,-0.007774345406434671
88.07000000000001,-0.0037216298229422115
88.08,-0.0035548273801673377
88.09,0.004054715011612291
88.10000000000001,0.009037878150952543
88.11,-0.007234401513640796
88.12,-0.0074278557106642685
88.13,-0.0067412599301436265
88.14,-0.007829246649328471
88.15,-0.008001996923125152
88.16,0.006366209486178732
88.17,-0.00808626891394403
88.18,0.0005466134428660958
88.19,-0.007930490432120676
88.2,-0.0077695462128343305
88.21000000000001,0.006856808570803346
88.22,0.006565039033683941
88.23,-0.008368570030008462
88.24,0.0055785049803866935
88.25,0.008040971587467116
88.26,0.00995570259762134
88.27,0.007228857030833457
88.28,-0.0020181212989755417
88.29,0.0008104296124678487
88.3,-0.0005224278751901588
88.31,0.006273664191304757
88.32000000000001,0.0022553006245190736
88.33,0.00583142949860512
88.34,0.00973192583123378
88.35000000000001,-0.006425336566425233
88.36,-0.004725983492300638
88.37,0.005197869296723364
88.38,0.0046123809610812035
88.39,-0.009625099467950189
88.4,0.009719350032136082
88.41,0.00509223531160909
88.42,0.0004924160013739815
88.43,-0.003944228712014259
88.44,-0.001570912485345289
88.45,-0.0037963486016531194
88.46000000000001,0.005333477080129075
88.47,0.007184821642455165
88.48,0.00935223281627266
88.49,-0.009836075184735612
88.5,0.0067693432484218895
88.51,0.002569338174779173
88.52,0.007306914212538778
88.53,-0.00992737597437795
88.54,-0.004601536779578568
88.55,-0.003817092903004495
88.56,0.004203655426032554
88.57000000000001,0.007054493125218745
88.58,0.003187023310058235
88.59,0.005364733421180028
88.60000000000001,0.0021179782333537595
88.61,0.004007679981558758
88.62,0.007447439317066025
88.63,-0.0035732929834522524
88.64,-0.001715000989386822
88.65,-0.005308654553591434
88.66,-0.0016968517085132317
88.67,-0.0012089770330080806
88.68,-0.009536415936170436
88.69,0.0005269956416349281
88.7,0.002771835611388938
88.71000000000001,0.008577709323749518
88.72,0.00684657903325611
88.73,0.004639864283891085
88.74,-0.002485991848368261
88.75,-0.009211463297377575
88.76,0.0008231542308079313
88.77,-0.0074984108740516735
88.78,-0.007680910289865402
88.79,-0.004173377704319525
88.8,0.002382171320740034
88.81,0.0016055081527093298
88.82000000000001,-0.009790134599376126
88.83,0.0015439259766356229
88.84,-0.00018603023199961072
88.85000000000001,0.006565419298619068
88.86,0.008899288531547216
88.87,-0.0005866225104548001
88.88,0.0030686240071739635
88.89,-0.008250759303474282
88.9,-0.0020542813675461114
88.91,0.0027488561734757156
88.92,0.007236375445723546
88.93,0.007212050427289502
88.94,-0.0022137205253903057
88.95,-0.0023271381367463186
88.96000000000001,-0.0032724457782451234
88.97,0.00265075718054889
88.98,0.0024014672274402862
88.99,0.0033044270920113278
89.0,-0.00874752532835231
89.01,-0.005082519814399312
89.02,0.007994105283970028
89.03,-0.006929160778184347
89.04,-0.0006978717934344909
89.05,0.0005112557964584603
89.06,-0.0016414463995995682
89.07000000000001,0.007328293652664514
89.08,-0.006450977813905346
89.09,-0.0064975549391892325
89.10000000000001,-0.007347442569304356
89.11,0.001230725508789032
89.12,0.0018530016539404937
89.13,0.007327031815649665
89.14,-0.009120559997543937
89.15,0.0005972407200729463
89.16,0.003656858452917895
89.17,-0.002594467798541389
89.18,-0.004547190167252602
89.19,0.0035625688233978693
89.2,0.007450561856195562
89.21000000000001,-0.00015642042431825154
89.22,-0.004780321466835014
89.23,0.0016605895348556516
89.24,-0.002196972222868838
89.25,-0.007376416006315341
89.26,0.00011220699931491739
89.27,9.3841401014488e-05
89.28,-0.006186849617994439
89.29,0.0013280388378754514
89.3,-0.005286729223896758
89.31,-0.0011948794432393734
89.32000000000001,-0.009923981670770634
89.33,-0.005709462376301258
89.34,0.004764984512941344
89.35000000000001,-0.008695798245192099
89.36,0.007278892513604343
89.37,-0.0038234638504528974
89.38,-0.008953429597680316
89.39,0.002343111083044455
89.4,-0.009986986802870279
89.41,-0.005887860195276504
89.42,-0.006705043301719685
89.43,-0.0077287782063620815
89.44,0.0072744632444439825
89.45,0.004368412383187534
89.46000000000001,0.007397482889919748
89.47,0.0014236397190325704
89.48,-0.0012043390785146067
89.49,-0.0033504711881845875
89.5,0.007507658906823972
89.51,-0.005957357562429931
89.52,0.005940651655128986
89.53,0.004350130188354489
89.54,0.002856163809498437
89.55,0.008195115877170289
89.56,0.008847746620586608
89.57000000000001,0.004292869971497939
89.58,0.003076521101590273
89.59,-0.0068711018753804635
89.60000000000001,0.0005167231747048324
89.61,-0.005269687234481049
89.62,-0.00929468723869339
89.63,0.008852859343250604
89.64,-0.009614142423591505
89.65,0.009382083574193371
89.66,0.0067970442779027185
89.67,-0.008756246683997085
89.68,-0.003075419415559784
89.69,-0.004797448385384593
89.7,-0.0015757688779348862
89.71000000000001,-0.006684069768906007
89.72,0.0031044026821241705
89.73,-0.008542746720933619
89.74,0.006172085410498488
89.75,0.004567972516417685
89.76,-0.008210856352384267
89.77,-0.002738895701615827
89.78,0.00841842559968172
89.79,0.0015666130805408879
89.8,-0.00968606916953312
89.81,0.0012112371257597745
89.82000000000001,-0.005996341939212746
89.83,-0.007192494868480576
89.84,0.00635004694758033
89.85000000000001,0.009112031481002375
89.86,-0.001929051635566989
89.87,0.007965298030541976
89.88,0.00578879088724458
89.89,0.008513616514543966
89.9,-0.007202064424244667
89.91,-0.0034423085029780774
89.92,-0.0019220178882102031
89.93,-0.00418130499965224
89.94,-0.0017676362606307092
89.95,-0.008503438431417303
89.96000000000001,0.00155622668593456
89.97,0.005776754979500228
89.98,-0.002594172187272625
89.99,0.006384463303767881
90.0,0.0075605507602973295
90.01,-0.0029439544782258473
90.02,0.009119990000258838
90.03,-0.006369883143900954
90.04,-0.003086609028621703
90.05,0.002620270964958855
90.06,-0.007418022906810538
90.07000000000001,0.0006267987343218564
90.08,0.007473293415375027
90.09,-0.009827013958427944
90.10000000000001,-0.0020920424512377717
90.11,-0.009927687079355499
90.12,0.0018488095296736833
90.13,0.00790088206680358
90.14,-0.006358224671980295
90.15,0.003837323111563677
90.16,0.0005185810614260281
90.17,0.007958105581841452
90.18,-0.006472187118467665
90.19,-0.00806626684614692
90.2,-0.0012093148622326511
90.21000000000001,-0.00897170518055021
90.22,0.006511563817749847
90.23,-0.006620903866211696
90.24,0.004911806853117364
90.25,-0.005098429507737856
90.26,-0.001910995132405802
90.27,-0.005407922297934773
90.28,0.00919757610448028
90.29,-0.008338136991869988
90.3,-0.009363672102661771
90.31,-0.007063333842626425
90.32000000000001,0.006671257415012221
90.33,0.003579289251682681
90.34,0.004568605344521519
90.35000000000001,-0.008621123382153855
90.36,0.0025175164830711205
90.37,-0.0007780045475889348
90.38,-0.0020391459234759893
90.39,-0.009664906168231078
90.4,-0.0015430876399523934
90.41,-0.004450526626112308
90.42,-0.0033246584450536522
90.43,-0.004095746034019862
90.44,0.0023631506065341853
90.45,0.0036074717211909274
90.46000000000001,0.0021477717745649483
90.47,-0.0029915304452991596
90.48,-0.0015896106000480095
90.49,0.007964797094447662
90.5,-0.005450264210195544
90.51,0.0021847860719393757
90.52,0.0043962109144133205
90.53,0.009160224648130494
90.54,0.006332739502564239
90.55,0.0018563040238151161
90.56,0.0023906450275784797
90.57000000000001,0.0037094578186165766
90.58,0.0037582815301402377
90.59,0.009481881910707748
90.60000000000001,-0.006248969537266603
90.61,0.004460204451607745
90.62,-0.004426420408278507
90.63,-0.0073527051207491635
90.64,-0.0011759862872620184
90.65,0.0006365032298455021
90.66,-0.006859944789691985
90.67,0.0026395907593043597
90.68,0.007387239154689024
90.69,-0.009986676535253945
90.7,0.008081060234121371
90.71000000000001,0.007647362593532285
90.72,0.002124089527693022
90.73,0.004562670983924308
90.74,-0.0016632573754537545
90.75,-0.00947910339806874
90.76,0.008092175674823955
90.77,-0.006004324707280076
90.78,0.002615693630270515
90.79,-0.0077501720629888915
90.8,-0.002326639680834801
90.81,0.0053647290726814255
90.82000000000001,0.002289756769000546
90.83,0.003210469691010109
90.84,-0.009095102823591543
90.85000000000001,-0.004298927397483239
90.86,-0.005047499335476946
90.87,0.009861175635256908
90.88,-0.0098358130406738
90.89,-0.008121158476355635
90.9,-0.005593526313653112
90.91,-0.0026561502523954486
90.92,-0.009292834310882481
90.93,0.0017416063848499676
90.94,0.002439994573980723
90.95,-0.0064118109716353655
90.96000000000001,-0.0003452826901189539
90.97,0.009895921818945936
90.98,-0.008865513503733023
90.99,0.009805529204992837
91.0,6.545643032944762e-05
91.01,0.005761848518890915
91.02,0.0011509534018109766
91.03,-0.0011169644280433072
91.04,-0.0059373577741013974
91.05,0.009183358722887272
91.06,0.006004591257850333
91.07000000000001,-0.006584449348186055
91.08,0.0017471262249345726
91.09,-0.008620754992172588
91.10000000000001,0.0002583757594125588
91.11,-0.003852228667661448
91.12,-0.000532415041264344
91.13,0.0006571754253057293
91.14,-0.000803646715178484
91.15,0.008465041390689274
91.16,-0.0005128104360282455
91.17,0.0068280563015268355
91.18,-0.0026489101985491858
91.19,-0.0054686173647580175
91.2,0.003654704778947143
91.21000000000001,-0.002508181135650345
91.22,0.006258284976053722
91.23,-0.003787297626057307
91.24,0.008995242678903158
91.25,0.0008007595040594537
91.26,0.00982022241905029
91.27,-0.0036253558409323006
91.28,-0.00956901334897157
91.29,0.007293485806598438
91.3,0.005322610281784093
91.31,-0.007677938726341928
91.32000000000001,0.005468962147804891
91.33,0.008317903406981108
91.34,-0.008664709599099414
91.35000000000001,0.005586982559735146
91.36,0.004675940462095329
91.37,-0.002001949939421495
91.38,-0.006766876890790705
91.39,-0.0022149445879532693
91.4,0.0012504080713800075
91.41,-0.00851826229937898
91.42,0.001152994294774272
91.43,0.006202717516589179
91.44,0.0008218065949307067
91.45,0.005054536743754345
91.46000000000001,-0.005824095907048177
91.47,0.002081776880959089
91.48,0.0002035680519146578
91.49,-0.003188888201371429
91.5,0.0070117965392829055
91.51,-0.004925679932505318
91.52,-0.005340166912985423
91.53,-0.003630662380114842
91.54,-0.0005879056574614495
91.55,-0.008752079967001225
91.56,-0.0008814726009341613
91.57000000000001,0.0016213182117546607
91.58,0.0018381662180585005
91.59,-0.004498555398662039
91.60000000000001,-0.009654777499331245
91.61,0.003754052367063618
91.62,0.004802087990543068
91.63,0.00830583626452351
91.64,-0.003180265314028168
91.65,0.009202550368325573
91.66,0.0028935926899170943
91.67,0.000854171176148515
91.68,-0.004673321092450662
91.69,-0.0017415559694770617
91.7,0.007764818187195434
91.71000000000001,-0.0023375737286666825
91.72,0.0038289801419738416
91.73,0.006896058065786083
91.74,0.00790333587296665
91.75,-0.004192884589548629
91.76,0.00958143764883551
91.77,-0.007440758846273366
91.78,0.008338837213878519
91.79,-0.002442675477296594
91.8,0.0028053928477678423
91.81,-0.0035246363476427933
91.82000000000001,0.0016788560743491998
91.83,0.000383710890915101
91.84,-0.0006233090412004639
91.85000000000001,0.005385485750680659
91.86,0.007536363504666009
91.87,-0.004175584442286935
91.88,0.007950322921811038
91.89,0.004800603294443597
91.9,-0.007293351914270319
91.91,-0.005846787594186062
91.92,6.997505497504698e-05
91.93,-0.008055992236703068
91.94,-0.001954696199628592
91.95,-0.0012933170781131431
91.96000000000001,-0.004276733964587174
91.97,-0.007719834724897088
91.98,0.006589641032883316
91.99,-0.00704691170643704
92.0,-0.00612398398947615
92.01,-0.009579771779043155
92.02,-0.0031356769136224316
92.03,0.0033333820812317533
92.04,0.0005478979103890527
92.05,-0.0027775991799374776
92.06,-9.627827202316613e-05
92.07000000000001,0.0012203984140723694
92.08,0.0076818434724303265
92.09,0.009461554796463644
92.10000000000001,-0.004537334062861427
92.11,0.002801951059065942
92.12,-0.009609316039172587
92.13,-0.00021111955140237608
92.14,0.006559860237190433
92.15,-0.009919229607516074
92.16,-0.004628693288198526
92.17,0.0009927306022813158
92.18,-0.005383624652770151
92.19,-0.007045943434192353
92.2,-0.0012640120998108732
92.21000000000001,0.0047331504611751625
92.22,-0.00039328601922274803
92.23,0.002464770141594042
92.24,-0.0030333275563967548
92.25,-0.009177290978466797
92.26,0.004756858532289332
92.27,-0.003713639974259577
92.28,-0.007157851321411666
92.29,0.001471596808771623
92.3,-0.00696280931687834
92.31,0.0030014791147606294
92.32000000000001,0.0009364794537650694
92.33,0.0006901868683354007
92.34,-0.00013716594556794498
92.35000000000001,-0.006354514762937023
92.36,-0.005524981201854049
92.37,0.0016641502208711127
92.38,-0.0020218875024780487
92.39,-0.002640379500391119
92.4,-0.006896032619873069
92.41,0.005242616688046384
92.42,-0.003823370063364742
92.43,-0.0028069893960616524
92.44,-0.006982374738835555
92.45,-0.005578635659833498
92.46000000000001,-0.0027718459180658362
92.47,-0.0017358004600599945
92.48,-0.007699748752798845
92.49,-0.009740908964873125
92.5,-0.005812736344272533
92.51,-0.006557169082463907
92.52,-0.0014451947495445847
92.53,0.0035289222077949933
92.54,0.004535072964961594
92.55,0.008708806354961346
92.56,-0.007823968762616483
92.57000000000001,0.005109330700630172
92.58,-0.0012089949108449963
92.59,0.0012452918921759468
92.60000000000001,-0.005151721246972694
92.61,-0.008404570014120719
92.62,0.002753301631253466
92.63,-0.00796401858668009
92.64,-0.003469184092627673
92.65,-0.006683240453816835
92.66,-0.007152367789204533
92.67,0.009094513355371302
92.68,-0.005107702562913921
92.69,0.004554018353256743
92.7,0.000649574821607702
92.71000000000001,-0.0029295374427981647
92.72,-0.008193600837191431
92.73,-0.0021467625188597416
92.74,-0.002648263341630073
92.75,0.0036601488717998582
92.76,0.006313742710929162
92.77,0.008082140269314494
92.78,0.007585402116242304
92.79,0.00675079178650584
92.8,0.0056684149236070815
92.81,-0.0042148290318150304
92.82000000000001,0.00032514617422483433
92.83,-0.0007387589236706061
92.84,-0.0006670415561449341
92.85000000000001,-0.0073604869077800415
92.86,-0.004130398477687453
92.87,-0.004353034055031164
92.88,-0.007105335389777135
92.89,-0.007746600515018527
92.9,-0.00961710991829252
92.91,0.007109402613495094
92.92,0.0053240713292273464
92.93,0.00620045182468743
92.94,0.003958440797629243
92.95,-0.008061644560239025
92.96000000000001,-0.008736001665286122
92.97,0.009155183471295293
92.98,0.004005734246450126
92.99,0.0008909381319650717
93.0,-0.006739863900313312
93.01,0.00827021500172259
93.02,0.009217149891705039
93.03,-0.003730267477679845
93.04,0.009063625893061597
93.05,0.005212966739597631
93.06,0.0085857906260183
93.07000000000001,0.004008957075300745
93.08,-0.004688799547413969
93.09,0.007784362629161075
93.10000000000001,-0.0035888940016307646
93.11,-0.008732914450189555
93.12,-0.007339679333734548
93.13,-0.006256769709281616
93.14,0.00716898419967304
93.15,-0.0009829981003760466
93.16,0.005417535630267518
93.17,-0.005116806322831678
93.18,0.002583034808565785
93.19,0.008497269735296136
93.2,0.00285339607468188
93.21000000000001,0.007483439461708761
93.22,0.007162583918859858
93.23,-0.009899668390318831
93.24,0.006142783833888174
93.25,0.008596603103135486
93.26,-0.0005856111894708225
93.27,0.005214496081491302
93.28,-0.00891084840895372
93.29,0.006881237201900243
93.3,0.0013271478803336678
93.31,-0.0036493974872568984
93.32000000000001,0.003954081579864509
93.33,-0.005009323203755538
93.34,0.006819878077595978
93.35000000000001,0.00865008394697798
93.36,-0.006920415537627424
93.37,-0.005862427122911643
93.38,-0.0034772032826893276
93.39,0.00942860661166234
93.4,-0.005403168561313407
93.41,-0.0036354058144131016
93.42,-0.004655668069235255
93.43,-0.006120057899192588
93.44,-0.0019969103970120475
93.45,0.00257277049506492
93.46000000000001,-0.009531366516516607
93.47,-0.007943263426413005
93.48,0.0068305523483932675
93.49,-0.0039021553409471334
93.5,-0.0030527287014937236
93.51,-0.0005992793677860979
93.52,0.004004500018546455
93.53,0.0023028992363347597
93.54,-0.004560033436348277
93.55,0.0002964655225994456
93.56,0.009113698377145816
93.57000000000001,0.006641808817922269
93.58,0.0014007582886591628
93.59,0.0014663663495530655
93.60000000000001,-0.004744482609144547
93.61,0.005089733371535829
93.62,0.005579078324235291
93.63,-0.003142709967169961
93.64,-0.007446312235472938
93.65,0.006219405851002733
93.66,0.0014311061975187233
93.67,-0.0010031782884608494
93.68,0.002591507764154814
93.69,-0.008286734017734556
93.7,-0.00930569432931651
93.71000000000001,0.0013495211291886852
93.72,0.003493564882392138
93.73,-0.00993830522464378
93.74,0.006293552901386513
93.75,0.0070707240451313175
93.76,-0.00990819609326792
93.77,0.0036768421848227
93.78,-0.006667912216731497
93.79,-0.004000637024028666
93.8,-0.00031278221787517206
93.81,0.008319772444157174
93.82000000000001,-0.005967152219277869
93.83,-0.008541452395652354
93.84,-0.002948654976614118
93.85000000000001,-0.0020458398300045276
93.86,0.008736481732483292
93.87,-0.007997880630362835
93.88,0.00256781987916036
93.89,0.0017156587260806037
93.9,-0.004645162391340829
93.91,-0.006475103891135791
93.92,0.00026716555880689635
93.93,0.0017565392961547202
93.94,0.006866946144624976
93.95,0.003394577011045362
93.96000000000001,-0.003248497825873768
93.97,-0.004873891468304326
93.98,0.0014089377723977663
93.99,-0.007282758562483433
94.0,0.008898902265098903
94.01,1.3773612865135287e-05
94.02,-0.002131975158838754
94.03,-0.0023836512197901527
94.04,-0.004811512375234852
94.05,-0.007197112465804683
94.06,-0.008511265790376504
94.07000000000001,0.005782350847219108
94.08,-0.007022070829123994
94.09,-0.009297508444406185
94.10000000000001,-0.0015457956831726512
94.11,-0.001635948967234506
94.12,0.008457207081792885
94.13,0.0012124207222640234
94.14,-0.006005943426730898
94.15,0.006480565521185337
94.16,-0.005194719845902401
94.17,-0.009204574707355313
94.18,-0.0006265481928187724
94.19,0.0025386122466913297
94.2,0.004901464297728459
94.21000000000001,-0.008301656558904379
94.22,-0.005349789555728255
94.23,-0.009698562361183785
94.24,-0.005931964437919644
94.25,-0.0012952719656495696
94.26,0.005295407137380706
94.27,-0.00883124175159085
94.28,0.00829862115357284
94.29,-0.008294519032559124
94.3,-0.00924514532353983
94.31,-0.009356044157305588
94.32000000000001,0.0013570035285406148
94.33,0.007804408996125748
94.34,-0.0031043364628320228
94.35000000000001,-0.005518982337838079
94.36,0.008666717778524536
94.37,-0.0042007277869715925
94.38,-0.006842955656586302
94.39,0.0035421481723963474
94.4,0.007285306506125135
94.41,0.005182047832291847
94.42,0.007922064082908272
94.43,-0.004047069845059343
94.44,0.00035535630422132633
94.45,0.0019623083172883218
94.46000000000001,0.006594793705543755
94.47,0.006391088913292356
94.48,-0.008265670453981324
94.49,-0.006774088327761127
94.5,-0.00660862716004125
94.51,-0.001742796011579749
94.52,0.00193436182032331
94.53,0.009066262776987336
94.54,-0.005909095259658575
94.55,0.007265015715507651
94.56,-0.00038990594010640013
94.57000000000001,0.007907727587999113
94.58,0.008351789479609418
94.59,-0.008648404746051054
94.60000000000001,-0.003589489916977744
94.61,0.008623433512579824
94.62,-0.0032651182624583424
94.63,0.005160860660605102
94.64,-0.006807640518012679
94.65,0.005175081825543246
94.66,-0.0006708615471744013
94.67,-0.009481478966448282
94.68,-0.002682878044551476
94.69,-0.0053791320601051405
94.7,-0.008949782676477638
94.71000000000001,0.0018454187578536112
94.72,0.0007280054707551071
94.73,-0.0005564851894567496
94.74,0.003209398656508069
94.75,0.001024096219081132
94.76,0.005028148091749332
94.77,-0.006806278273420381
94.78,-0.0072808423584279774
94.79,0.0003127018277103884
94.8,-0.002238722072734836
94.81,0.004882373541698433
94.82000000000001,0.009327506887949146
94.83,-0.00011728712556943223
94.84,-0.0008323081959028707
94.85000000000001,-0.006819556190894567
94.86,-0.006546646489939053
94.87,0.009549026357391034
94.88,-0.0027898792918313675
94.89,-0.0013099428875967805
94.9,-0.00962597875192837
94.91,0.00495554172119028
94.92,-0.006050885603803211
94.93,0.005030910110615915
94.94,-0.0056124771410688765
94.95,0.00763787858302791
94.96000000000001,0.0028536089284161067
94.97,0.0034615822864519606
94.98,-0.003311605187918623
94.99,-0.006123582807760611
95.0,-0.0030837280613174364
95.01,-0.0006708121955662505
95.02,0.009430739288301215
95.03,0.008843153176645439
95.04,-0.0008047977393720977
95.05,0.009158544016961727
95.06,0.0012276211856719205
95.07000000000001,0.0004909833901052506
95.08,-0.0017555453360238692
95.09,0.0028298895695961484
95.10000000000001,-0.002704372759146343
95.11,0.008879642874999335
95.12,-0.006311637233434093
95.13,0.0030021140717656995
95.14,-0.0066541668667335
95.15,0.003791677170572893
95.16,-0.009073665894279392
95.17,0.008992023450775452
95.18,-0.007705493401150203
95.19,-0.00798045708352495
95.2,-0.009962830042254307
95.21000000000001,-0.008269510387507418
95.22,-0.0023406468534850023
95.23,0.006748320252057455
95.24,-0.009398350997257705
95.25,-0.004845341611720637
95.26,-0.0038885029513136193
95.27,0.004807339947804802
95.28,-0.009645558784433074
95.29,0.00874886431908285
95.3,-0.003878650884209649
95.31,0.00249204951300731
95.32000000000001,0.000887216574494358
95.33,-0.003661066566087821
95.34,-0.008824748663649443
95.35000000000001,-0.007792022422354057
95.36,-0.002511238982203909
95.37,-0.004802066389122324
95.38,0.004902670976454132
95.39,-0.0006782635724911432
95.4,0.008352179882670193
95.41,-0.0007129428464700618
95.42,-0.002180443962515252
95.43,-0.009905374456035928
95.44,-0.0021370729406161512
95.45,-0.001548968515168005
95.46000000000001,0.005122255619816709
95.47,-0.009444238047590264
95.48,0.008995977460091767
95.49,0.002334791998758537
95.5,0.00041066046107562405
95.51,0.008820140650441769
95.52,-0.0005352468140470273
95.53,-0.00599355627904504
95.54,-0.009715877636826768
95.55,-0.007485746551576791
95.56,0.0064510839531703255
95.57000000000001,0.0042514719259994956
95.58,-0.0011322727613300061
95.59,0.0015300493203907264
95.60000000000001,-0.0036528017847983476
95.61,-0.007862515132686217
95.62,0.0010907731940826542
95.63,0.005722475641404641
95.64,-0.004606911806946575
95.65,0.005342398473719303
95.66,-0.0025967360766123446
95.67,-0.006230285395555351
95.68,0.009569921471703003
95.69,0.005610021001596166
95.7,0.006005121034068207
95.71000000000001,-0.008221912911672272
95.72,0.0014490377886977376
95.73,-0.001789903386065727
95.74000000000001,-0.009423843745720025
95.75,0.006513926833450751
95.76,0.006921210035187692
95.77,-0.006476103650229763
95.78,0.007415578932913324
95.79,-0.0021706242022869818
95.8,0.009825981965473385
95.81,0.004119587743111528
95.82000000000001,0.007507482187165989
95.83,0.008494043372812043
95.84,0.009428537671059308
95.85000000000001,0.0002943684064932225
95.86,0.000752780223994028
95.87,0.004889056437981326
95.88,-0.0005627744360626689
95.89,0.00507221768269772
95.9,0.0055878134609631605
95.91,-0.0006597962263452765
95.92,0.0019125697022821502
95.93,-0.0025984193915358535
95.94,-0.004344870111607147
95.95,0.009157919814919748
95.96000000000001,1.4011673361456409e-05
95.97,-0.0070348372111433835
95.98,0.0006863775423758024
95.99000000000001,-0.0005008114565162539
96.0,-0.009890670878402022
96.01,-0.0057827643232205815
96.02,0.009188100540532053
96.03,0.007836618084163057
96.04,-0.002348860194941571
96.05,-0.00881049844391764
96.06,0.002817047634822503
96.07000000000001,0.00267929985257292
96.08,-0.003195017892413776
96.09,-0.0086200082356576
96.10000000000001,-0.004137526962426663
96.11,-0.004198334342126666
96.12,-4.3357445230403704e-05
96.13,0.0041754736084264905
96.14,0.00508358424910595
96.15,0.009200690714060716
96.16,-0.002045731948652752
96.17,0.001648704230413224
96.18,-0.00949713933666042
96.19,0.0065845933825128804
96.2,-0.006678809917848523
96.21000000000001,0.008580180625531198
96.22,-0.007618396914315722
96.23,0.0036369706136815914
96.24000000000001,0.006499282046602403
96.25,-0.0014543923225932825
96.26,0.0035469022585684247
96.27,0.003348725284735921
96.28,0.0009015597272196141
96.29,0.0007809314569030296
96.3,-0.007877513557421752
96.31,-0.0037719259557826047
96.32000000000001,0.0006529585075399601
96.33,0.0011737216550158028
96.34,0.008093862431658513
96.35000000000001,0.0034885821285819303
96.36,0.008886026981416889
96.37,0.0024937732833549935
96.38,-0.009693415143741236
96.39,-0.0008537505602996022
96.4,-0.006140449758203673
96.41,-0.009879429311104146
96.42,-0.007032548433309744
96.43,-0.005131554308693549
96.44,-0.0018257028490839856
96.45,0.007724473972982178
96.46000000000001,-0.005875680139028052
96.47,0.006873349610504844
96.48,-0.0070690426089419
96.49000000000001,0.0023920390652368787
96.5,-0.00015082468252682404
96.51,0.007522859654455179
96.52,-0.0025572803723085792
96.53,0.005770837213456217
96.54,0.004155830577932805
96.55,-0.00732122586099599
96.56,-0.006122775544167626
96.57000000000001,-0.008010160536674645
96.58,4.210206577706828e-05
96.59,-0.0019687503295627053
96.60000000000001,-0.00932215993301941
96.61,0.0034751478072308634
96.62,0.008337207413877173
96.63,0.0009550379599350591
96.64,0.005896086622619959
96.65,-0.00395104373723528
96.66,-0.001129912474700047
96.67,0.0008833521922258485
96.68,-0.004259762305102273
96.69,0.006797400624920199
96.7,0.0010402576938617417
96.71000000000001,0.002528579382010834
96.72,-0.008734077244467358
96.73,-0.0011072183153894317
96.74000000000001,-0.009073747806212052
96.75,0.009084329071897707
96.76,-0.00027461116258196624
96.77,0.001501737569738943
96.78,0.001399364421456939
96.79,8.58981276696466e-05
96.8,-0.0049826420551046845
96.81,0.0015662910685562467
96.82000000000001,-0.009512029128582618
96.83,0.003532602501563788
96.84,-0.005049153172073957
96.85000000000001,-0.004246996660657352
96.86,-0.00905162929152791
96.87,-0.0091683078981453
96.88,0.00758452482167663
96.89,0.0063229361753894
96.9,-0.0019373696323551452
96.91,-0.006809661203014128
96.92,-0.004885577939497756
96.93,0.003421810466029183
96.94,0.004649216822582722
96.95,0.007181119437024019
96.96000000000001,0.007990339094444023
96.97,-0.004156580624969364
96.98,-0.0017850313960471372
96.99000000000001,0.009354192449292984
97.0,0.00823925844437101
97.01,0.006907968618321091
97.02,0.002203680467140503
97.03,0.009519576871655997
97.04,0.0063084596378487744
97.05,0.0010808157069162813
97.06,-0.0002795866747068356
97.07000000000001,0.008235173189649165
97.08,-0.000691477487104148
97.09,-0.005074253278552781
97.10000000000001,0.0019345975584958326
97.11,0.007876667870650876
97.12,0.0035632793985190085
97.13,-0.001267039698438565
97.14,0.006477111021139735
97.15,0.008072810882346146
97.16,0.004937385774236526
97.17,-0.004616896025605166
97.18,0.0029726141492650605
97.19,-0.009545425515851826
97.2,0.008806879338736985
97.21000000000001,0.0017753308810657172
97.22,0.0066760066149739745
97.23,0.008911036090151538
97.24000000000001,-0.0007853328302708795
97.25,8.634040175075318e-05
97.26,-0.006566737122866364
97.27,0.0008969446707991838
97.28,-0.004061444050497543
97.29,0.0008353571559792609
97.3,-0.009391926762034566
97.31,-0.003285600603658574
97.32000000000001,0.0005722893482013099
97.33,0.009066699270234605
97.34,-0.004605213151693781
97.35000000000001,0.0016634658941004129
97.36,-0.007691553405621874
97.37,0.009249807815394034
97.38,-0.005114079446793598
97.39,0.008006518611668166
97.4,0.0061908996838846
97.41,0.0010523254427887065
97.42,0.00969180075538035
97.43,-0.002703825185328348
97.44,0.004128446209236771
97.45,0.0034450124592286576
97.46000000000001,-0.005722038049720291
97.47,-0.00796013872709534
97.48,0.005720792540236845
97.49000000000001,-0.008196456784537186
97.5,0.0026308122672548135
97.51,-0.009916537778581137
97.52,0.009504892862518674
97.53,-0.005451004975870329
97.54,-0.0015508559020045182
97.55,-0.00959622452094903
97.56,-0.006925510132750064
97.57000000000001,-0.004596499641883507
97.58,-0.0012045153142612383
97.59,-0.0022379919043148356
97.60000000000001,0.0008509343568923172
97.61,0.008240167782557753
97.62,0.009549234696138166
97.63,-0.007186163684085698
97.64,-0.006536174948397446
97.65,0.0029541931675359945
97.66,-0.0029949381581871526
97.67,0.005891041363816815
97.68,0.009334185143647028
97.69,-0.0005594890040327028
97.7,-0.004965092374538413
97.71000000000001,-0.004212573159767585
97.72,-0.0027044113889720988
97.73,0.009974461503280076
97.74000000000001,0.009387317798349214
97.75,0.008625444734883416
97.76,0.0045838604625349725
97.77,-0.005694003995900241
97.78,0.007608138716279569
97.79,0.004831246644061418
97.8,0.009141026866560936
97.81,-0.006517831736204385
97.82000000000001,0.00953651461833494
97.83,0.009227510213395117
97.84,0.008675439765647846
97.85000000000001,0.00638312803101007
97.86,-0.007392385271137823
97.87,-0.004594536714019433
97.88,0.0043534378671133515
97.89,0.0009180605425348279
97.9,-0.009488470947099734
97.91,-0.0029591347479273793
97.92,-0.009620885880526566
97.93,-0.008394781989903208
97.94,0.001088077621495799
97.95,0.00891565042066223
97.96000000000001,0.006247312202840355
97.97,0.009737821327443592
97.98,-0.00017636431486101924
97.99000000000001,0.0016068256837951048
98.0,0.005674342372039785
98.01,0.008676809729168235
98.02,0.006986691250076496
98.03,-0.0013243315550333142
98.04,0.002353481958971391
98.05,0.003912910482469308
98.06,0.0007756633650108976
98.07000000000001,-0.0042979894769911665
98.08,-0.007103820385085513
98.09,0.003899414187598222
98.10000000000001,0.0024365520310094674
98.11,0.004400659070362882
98.12,-0.004639168826124394
98.13,-0.0017107277583599898
98.14,0.003923255760784103
98.15,0.0033124132779739496
98.16,-0.003070735276951118
98.17,-0.0012787904939892524
98.18,-0.005841101647521163
98.19,0.0013606125693244459
98.2,-0.0006793875053395411
98.21000000000001,0.003393540982142505
98.22,0.007143897770559017
98.23,0.0032245878223371646
98.24000000000001,0.0012852701965134477
98.25,0.00975686200195257
98.26,-0.004396713014307372
98.27,-0.0069788400200221125
98.28,-0.0015978685311897074
98.29,-0.00558973134434003
98.3,-0.0007201716251528153
98.31,-0.002073462766558643
98.32000000000001,0.006775549706990772
98.33,-0.0051688362990859
98.34,0.003734287074803366
98.35000000000001,0.008450012137410484
98.36,0.001560599130985137
98.37,-0.0040787695324739845
98.38,-0.006336565936277261
98.39,0.0049511504258268075
98.4,-0.004228139611818573
98.41,0.0038791963735940443
98.42,-0.0004096121840598335
98.43,4.3613510364876734e-05
98.44,-0.0057804269640363915
98.45,0.0007651209545665762
98.46000000000001,0.0049117446241403115
98.47,-0.009396371352335342
98.48,-0.009441189200778162
98.49000000000001,0.004467052425753721
98.5,0.0026441737911784783
98.51,-0.008503502918115403
98.52,-0.0009795746681482958
98.53,0.009569299964327557
98.54,-0.00016578738284325593
98.55,0.009333911580662718
98.56,0.003515188242563916
98.57000000000001,-0.004394218582961149
98.58,-0.0009303919282598987
98.59,0.0043855097171265085
98.60000000000001,-0.0006970239804225779
98.61,-0.008939319264299509
98.62,0.0016756930400606534
98.63,0.0021240969977165333
98.64,-0.0019337481126893655
98.65,-0.009135300594435498
98.66,0.003054069770845975
98.67,0.008450962612648308
98.68,-0.0030224989148671623
98.69,-0.004512578082174708
98.7,-0.006499510575104173
98.71000000000001,-0.0001833912404770044
98.72,-0.0029350145770233715
98.73,-0.005095371391680235
98.74000000000001,-0.001031530032091386
98.75,-0.009060621222476042
98.76,-0.002740021976103375
98.77,-0.009913652071036172
98.78,-0.0010291037810868462
98.79,0.0074317720350448365
98.8,0.007824617771366353
98.81,0.00042428858974542273
98.82000000000001,-0.0028829983254203455
98.83,0.0029084006715500103
98.84,0.008996662966324879
98.85000000000001,0.006581390244353528
98.86,0.006111931090409696
98.87,-0.008566755690522721
98.88,0.004835842289781241
98.89,0.0039810946769474505
98.9,-0.009098523187235455
98.91,0.007996529766084453
98.92,-0.005229381976848895
98.93,0.0048695531316135954
98.94,-0.0030339345872299984
98.95,-0.00019658580379923116
98.96000000000001,0.0028580192388561725
98.97,-0.006929314674004039
98.98,-0.004299724165036314
98.99000000000001,0.00486691046351701
99.0,0.007282434349814971
99.01,0.0004080940573188505
99.02,-0.009287926212273818
99.03,-0.00832650276563951
99.04,-0.006755151133379347
99.05,0.0004326312410625043
99.06,-0.008628216759473955
99.07000000000001,0.0019335380037907475
99.08,-0.004953059969078635
99.09,0.0076153524290547645
99.10000000000001,0.0077258526088063665
99.11,-0.008836604754362053
99.12,-0.003664846162950093
99.13,-0.002653059436077683
99.14,-0.00993461350861119
99.15,-0.004376934365973369
99.16,-0.007727765889699168
99.17,-0.009956592484461641
99.18,-0.0002949850794682577
99.19,0.00941625106149887
99.2,-0.007145915821903525
99.21000000000001,0.003958856193687249
99.22,0.0010688218754529057
99.23,0.0007836274495803333
99.24000000000001,0.00888944313085827
99.25,0.008533895828750514
99.26,-0.006502524529131009
99.27,0.003865758846104657
99.28,0.006831106403803485
99.29,0.0013859262826747855
99.3,0.00382531543002583
99.31,-0.0071295670319627205
99.32000000000001,0.005851745190738463
99.33,0.006010678863875079
99.34,-0.00496167182253098
99.35000000000001,-0.0024266154189225486
99.36,-0.006378697980597614
99.37,0.004494883675075443
99.38,-0.000590560761515712
99.39,0.003000606666627468
99.4,0.004143851692101196
99.41,0.005854319813619007
99.42,0.002627895241752165
99.43,0.006855393348833979
99.44,0.001980089017309967
99.45,-0.002559858157726997
99.46000000000001,-0.007241018562676627
99.47,0.0018451776470963382
99.48,0.00761229974653929
99.49000000000001,0.009781709069531254
99.5,0.0014172656873843066
99.51,0.007120467068567506
99.52,0.005873762412124258
99.53,0.002106481148834329
99.54,0.0070586308975439955
99.55,0.005866445061968402
99.56,0.0033126226010520097
99.57000000000001,0.007797059664322809
99.58,-0.0037717349141633784
99.59,0.0059450644068801285
99.60000000000001,0.0021520671952092556
99.61,0.005170132291052159
99.62,0.003341275685165568
99.63,-0.008453524965370024
99.64,-0.00634968431848368
99.65,-0.0053580563935658335
99.66,-0.002448617903589181
99.67,0.008379572105880586
99.68,0.007759049349900822
99.69,-0.00027938097998735437
99.7,-0.006306864632622701
99.71000000000001,0.009825295145878243
99.72,0.008649455220790492
99.73,-0.009115391594858944
99.74000000000001,0.00671451501515769
99.75,-0.0012047583065178998
99.76,0.008924932550906145
99.77,0.008493347388672334
99.78,-0.005076852702008328
99.79,0.006379334615946265
99.8,-0.005384272504979217
99.81,-0.005434666378645206
99.82000000000001,-0.006595565076884236
99.83,-0.0033736010178529096
99.84,-0.008957389747059294
99.85000000000001,-0.009551807448528571
99.86,-0.0073861944965424
99.87,-0.004076225815809109
99.88,0.00048203946187479717
99.89,-0.009122531619722499
99.9,-0.0032940458424916223
99.91,0.008828060279084777
99.92,0.003845303412463103
99.93,0.005424807855227386
99.94,0.008083885539923974
99.95,-0.00731077914840083
99.96000000000001,-0.0011300270349047063
99.97,0.004407699001195541
99.98,0.008366852614647346
99.99000000000001,-0.002178022496571421
