distance,height
0.0,0.009014286128198325
0.01,0.0046398788362281024
0.02,0.0019731696839407325
0.03,-0.006879627191151269
0.04,-0.006880109593275947
0.05,-0.00883832775663601
0.06,0.007323522915498705
0.07,0.002022300234864176
0.08,0.00416145155592091
0.09,-0.009588310114083952
0.1,0.009398197043239886
0.11,0.006648852816008436
0.12,-0.005753217786434477
0.13,-0.006363500655857988
0.14,-0.006331909802931324
0.15,-0.003915155140809245
0.16,0.000495128632644757
0.17,-0.0013610996271576845
0.18,-0.004175417196039162
0.19,0.0022370578944475895
0.2,-0.007210122786959164
0.21,-0.004157107029295637
0.22,-0.0026727631341261658
0.23,-0.0008786003156592819
0.24,0.005703519227860271
0.25,-0.0060065243568328056
0.26,0.00028468876827223225
0.27,0.0018482913772408498
0.28,-0.009070991745600046
0.29,0.002150897038028768
0.3,-0.00658951752625417
0.31,-0.00869896814029441
0.32,0.008977710745066666
0.33,0.009312640661491187
0.34,0.006167946962329222
0.35000000000000003,-0.003907724616532587
0.36,-0.008046557719872323
0.37,0.0036846605302431387
0.38,-0.0011969501252079746
0.39,-0.007559235303104424
0.4,-9.646179777459546e-05
0.41000000000000003,-0.009312229577695633
0.42,0.008186408041575643
0.43,-0.0048244003679996615
0.44,0.003250445687079639
0.45,-0.003765778478211781
0.46,0.00040136042355621605
0.47000000000000003,0.000934205586865593
0.48,-0.00630291088948946
0.49,0.009391692555291173
0.5,0.005502656467222292
0.51,0.008789978831283784
0.52,0.007896547008552976
0.53,0.0019579995762217025
0.54,0.008437484700462338
0.55,-0.00823014995896161
0.56,-0.0060803427516170966
0.5700000000000001,-0.009095454221789239
0.58,-0.003493393384734713
0.59,-0.0022264542062103597
0.6,-0.004573019364522082
0.61,0.006574750183038587
0.62,-0.002864933466128214
0.63,-0.004381309806252385
0.64,0.0008539216631649697
0.65,-0.007181515500504747
0.66,0.006043939615080792
0.67,-0.008508987126404584
0.68,0.009737738732010346
0.6900000000000001,0.005444895385933148
0.7000000000000001,-0.006025686369316552
0.71,-0.009889557657527952
0.72,0.006309228569096685
0.73,0.004137146876952342
0.74,0.004580143360819746
0.75,0.005425406933718915
0.76,-0.008519106965318194
0.77,-0.002830685429114548
0.78,-0.007682618809497405
0.79,0.007262068517511872
0.8,0.002465962536551158
0.81,-0.0033820395029470164
0.8200000000000001,-0.008728832994279527
0.8300000000000001,-0.0037803535656867563
0.84,-0.0034963335594650593
0.85,0.004592123566761282
0.86,0.002751149427104263
0.87,0.007744254851526531
0.88,-0.0005557014967610147
0.89,-0.007608115081233966
0.9,0.004264895744459899
0.91,0.005215700972337948
0.92,0.0012255439513899243
0.93,0.005419343599091219
0.9400000000000001,-0.00012408807271218486
0.9500000000000001,0.00045465658763988066
0.96,-0.001449179632829008
0.97,-0.009491617465118096
0.98,-0.007842171460133912
0.99,-0.009371416286265316
1.0,0.0027282082252756083
1.01,-0.003712880378473467
1.02,0.00017141382329405493
1.03,0.008151329478521862
1.04,-0.005014155417022501
1.05,-0.0017923415392874058
1.06,0.005111022770860974
1.07,-0.005424036690167551
1.08,-0.00846040180342414
1.09,-0.00420497094172464
1.1,-0.006775574254919912
1.11,0.00859395304685146
1.12,0.006162407591288338
1.1300000000000001,0.0026680751302084697
1.1400000000000001,0.0074292118037543545
1.1500000000000001,0.006073441537982288
1.16,-0.006268598822279283
1.17,0.007851179969799555
1.18,0.0007868448383130146
1.19,0.006148803103281251
1.2,0.007921825998469864
1.21,-0.0036399305005627228
1.22,-0.007798961509446465
1.23,-0.005441296749161166
1.24,-0.0014578442274748738
1.25,0.006360295318449864
1.26,0.007214611665126868
1.27,-0.009860957389376186
1.28,0.00021494605155131415
1.29,-0.0016517799370244206
1.3,-0.005557843790585395
1.31,-0.007602692653326344
1.32,-0.0032476965719274407
1.33,0.008858194078250383
1.34,-0.0035359413595848956
1.35,0.0003758124348673224
1.36,0.004060379177903558
1.37,-0.00272740795241412
1.3800000000000001,0.009435641654419213
1.3900000000000001,0.009248945898842226
1.4000000000000001,-0.004964354083492717
1.41,-5.5029882152290294e-05
1.42,-0.003982433803664607
1.43,-0.004303190112450648
1.44,-0.009262261052909344
1.45,0.0021912866795979376
1.46,5.3580464577230105e-05
1.47,-0.008970424975000214
1.48,-0.004427070715267771
1.49,0.008165317719333076
1.5,-0.005208762186660552
1.51,-0.007102102558175538
1.52,-0.00021094479444874054
1.53,0.009713009082212015
1.54,-0.005158894569769991
1.55,0.0034427109481175704
1.56,0.005232392306574352
1.57,-0.005247249120152007
1.58,0.004564326972237192
1.59,-0.002644337345614935
1.6,0.0026461166118715903
1.61,0.002670594215217894
1.62,0.0007154936814951704
1.6300000000000001,-0.008194204598911833
1.6400000000000001,0.006706049911784759
1.6500000000000001,-0.0035843987005652837
1.6600000000000001,-0.006269629792002915
1.67,-0.009184497168904722
1.68,0.001817858863764836
1.69,0.003551287236845649
1.7,-0.009668243421442877
1.71,0.0002418611659856188
1.72,-0.005470084496041241
1.73,0.0029034558081889976
1.74,-0.006512671419900171
1.75,0.0038187547620493183
1.76,-0.002265293073989252
1.77,0.00873459977473469
1.78,-0.007249581117080135
1.79,-0.00317867297899483
1.8,-0.007730529575188218
1.81,0.008493872365571255
1.82,0.007546787067619619
1.83,-0.004841167445696888
1.84,0.0031996809206835813
1.85,0.006344444004024315
1.86,0.0011040162319892466
1.87,0.0005930115671201296
1.8800000000000001,-0.0051629541819909665
1.8900000000000001,-0.008137944643882017
1.9000000000000001,0.007944315159066536
1.9100000000000001,0.00800836114326661
1.92,0.0026620291454653583
1.93,-0.0032194041790259862
1.94,-0.003015808507746782
1.95,0.004519113577404787
1.96,0.007942205199051542
1.97,0.007741728485302345
1.98,0.005597510917152477
1.99,0.0028406329230857546
2.0,-0.008317200700099024
2.0100000000000002,-0.006767425718107725
2.02,0.007971083770541584
2.0300000000000002,0.0021285811931917985
2.04,-0.009816058967667407
2.05,-0.007970569142679358
2.06,0.0032700353821611162
2.07,-0.009898768323075626
2.08,-0.006783838971650026
2.09,0.0009746757873317219
2.1,0.003837903953853866
2.11,0.00303922519005201
2.12,-0.005514613810788805
2.13,0.004243584426950718
2.14,-0.005255018250063998
2.15,-0.0034920060368146457
2.16,0.004929828102360484
2.17,0.002992657980944294
2.18,0.006984468209883557
2.19,0.0031522578460068673
2.2,0.001366172066709432
2.21,-0.008126504643438151
2.22,-0.0026456839388113293
2.23,-0.004695952646365491
2.24,-0.005120207132418329
2.25,0.009460211095048911
2.2600000000000002,-0.0021380455066647916
2.27,0.007840931103542266
2.2800000000000002,0.0026227725199452576
2.29,0.005896226070832967
2.3000000000000003,5.2741862103841686e-05
2.31,0.001538077692527182
2.32,-0.00014964612362272124
2.33,-0.006095140244039111
2.34,0.004449042305230107
2.35,-0.004384552751182884
2.36,-0.009513680671370924
2.37,0.0029094459181433566
2.38,-0.006457786411859021
2.39,0.008809171687058285
2.4,0.009078571540051749
2.41,0.008297287804408972
2.42,-0.002596825994891112
2.43,-0.009690867669422652
2.44,0.008566371251754508
2.45,-0.001436317033653713
2.46,0.009333096380873393
2.47,0.009272399541785057
2.48,0.007060189109347201
2.49,-0.004111022158608286
2.5,-0.0022980454279614947
2.5100000000000002,0.007022733430337139
2.52,-0.003661559896874447
2.5300000000000002,-0.006610145066278151
2.54,0.0011360252491670036
2.5500000000000003,0.008723095483215619
2.56,0.003920595933499461
2.57,0.0014012234017872997
2.58,-0.00805647012458463
2.59,0.0023001445339833945
2.6,0.009801077002085266
2.61,-0.007198319695269519
2.62,0.0003665930472747346
2.63,0.007547461438559109
2.64,0.004815372355084089
2.65,0.003940314819905359
2.66,0.004049681679742186
2.67,-0.0028101769756048965
2.68,-0.004128163114710133
2.69,0.006187223109570273
2.7,0.006202267893583616
2.71,0.007341446371602075
2.72,0.008264811051129426
2.73,0.00022684797721875608
2.74,3.032589374399146e-05
2.75,0.005965903579335503
2.7600000000000002,0.002999278615555304
2.77,0.0040393375451540665
2.7800000000000002,0.00591585338872202
2.79,0.007800106836351328
2.8000000000000003,-0.003240096862969284
2.81,-0.00248834094720112
2.82,-0.00812036120318262
2.83,0.001565602819923479
2.84,-0.009281154524065159
2.85,-0.0006880396373507968
2.86,0.0008528926941515323
2.87,-0.004269174957434312
2.88,0.0018166652113802157
2.89,-0.009389995001219011
2.9,-0.009253036225015712
2.91,0.006452011213193167
2.92,-0.0027961871717747423
2.93,-0.007458789746962305
2.94,0.00044486520109608685
2.95,0.005399871061972216
2.96,-0.005683579450063136
2.97,0.0024578095163800048
2.98,-0.00829305070012464
2.99,-0.008966365576627847
3.0,0.0006270926313629594
3.0100000000000002,0.0008127024322021302
3.02,0.0027485980299641315
3.0300000000000002,0.004521826674453231
3.04,0.009517041589250692
3.0500000000000003,0.0003260069660239069
3.06,-0.003540870541175081
3.0700000000000003,0.005903723895374075
3.08,-0.004583354974758516
3.09,-0.001220571585887278
3.1,-0.008430872373154681
3.11,-0.00949298513169085
3.12,0.009252968293558502
3.13,0.006719602410244116
3.14,0.00391948412187396
3.15,-0.0018209411117146024
3.16,-0.006534113598583085
3.17,-0.006871259146578279
3.18,-0.004995142036708093
3.19,0.0009845332941224097
3.2,0.004291918454001247
3.21,0.003203947534354625
3.22,-0.004401322061081144
3.23,0.009097305613263882
3.24,0.004757938333915371
3.25,0.0010870810502280129
3.2600000000000002,0.0022344149246870445
3.27,-0.0016079987514442014
3.2800000000000002,-0.0050453802099768505
3.29,-0.0028805464269747684
3.3000000000000003,0.005156922209287382
3.31,-0.009712130227404882
3.3200000000000003,-0.007678547189861676
3.33,-0.009079947159564946
3.34,-0.009185423953620597
3.35,0.007109211680220143
3.36,0.004073157187600474
3.37,-0.0005165234182534957
3.38,-0.00804331678697997
3.39,-0.0001676824976633521
3.4,-0.0005305645843886857
3.41,-0.006535962601799696
3.42,-0.0013229670152405393
3.43,-0.0020299053120525316
3.44,0.00231700196104433
3.45,0.0027018730173528765
3.46,-0.00909391980455911
3.47,-0.0025077477074705755
3.48,0.0025171983142847285
3.49,6.272517160175323e-05
3.5,0.007129796823766446
3.5100000000000002,0.0031738726323789004
3.52,-0.006741311458371407
3.5300000000000002,-0.008588625051991403
3.54,0.002848385564126312
3.5500000000000003,-0.009469773789167564
3.56,0.001715511625469266
3.5700000000000003,0.008804604828499154
3.58,0.0015094835575175797
3.59,-0.002236601475869562
3.6,0.002865764368847064
3.61,-0.0008349421901696682
3.62,0.0009123357863186979
3.63,0.008829296175530502
3.64,-0.0022779472439845147
3.65,0.009223811276478285
3.66,0.008107012839121274
3.67,-0.006084177304214071
3.68,-0.00861277398249669
3.69,-0.007984439972451468
3.7,-0.009635563486969005
3.71,-0.008111140784881432
3.72,0.0036601354683271376
3.73,-0.00857622703079542
3.74,-0.003620487394124774
3.75,0.006897506219389093
3.7600000000000002,-0.009534561285283483
3.77,0.006289369651778716
3.7800000000000002,-0.004362904504532001
3.79,-0.007636703447566875
3.8000000000000003,0.0039347433072830125
3.81,0.00257885693559768
3.8200000000000003,0.007549440270541058
3.83,0.004701420876077715
3.84,0.006069618607696973
3.85,-0.0043593085485738705
3.86,-0.006451209124405544
3.87,0.005012295032817167
3.88,0.006136694785345282
3.89,0.009810102840013468
3.9,-0.0017476464617714703
3.91,-0.002559638284144337
3.92,0.005528259214839936
3.93,-0.003183929194939643
3.94,0.008615146512071294
3.95,0.007168255036860237
3.96,-0.0014201194524996325
3.97,0.005017421355829948
3.98,0.0050908574816936475
3.99,-0.007937522623281349
4.0,0.008051058133591334
4.01,0.00010504744895714277
4.0200000000000005,0.006529149322154834
4.03,-0.003599007979387765
4.04,0.007910464569924008
4.05,-0.0022159664253167373
4.0600000000000005,-0.009783246970394033
4.07,0.008107639528385275
4.08,-0.00817426646427733
4.09,-0.003613727248191703
4.1,0.0090012393410161
4.11,0.009012142938751121
4.12,0.0014687577624657219
4.13,0.0026367442433959856
4.14,-0.0010310895604336047
4.15,-0.00413578456603871
4.16,-0.0034267090926016807
4.17,0.0034503691215407688
4.18,0.0050474905887536
4.19,0.00583158087451697
4.2,0.005792362855891077
4.21,-0.008175877939026193
4.22,-0.00011159390594837025
4.23,-0.008848824799667115
4.24,0.00099057764647471
4.25,-0.001169389972532459
4.26,0.0077540836551659945
4.2700000000000005,-0.0029816997489584265
4.28,-0.007658659671447883
4.29,-0.007140166358943283
4.3,0.005230212634349444
4.3100000000000005,0.002364361266325221
4.32,-0.007977546477544195
4.33,-0.008317863877700052
4.34,0.004019382629182399
4.3500000000000005,-0.00854473987271613
4.36,0.006437201185807125
4.37,0.004124844543129924
4.38,-0.008373024387162005
4.39,-0.008303245718296161
4.4,0.00973279157002351
4.41,-0.002514584084877594
4.42,-0.0025871570586621815
4.43,0.006255991345150052
4.44,0.008944971547677176
4.45,0.009720021276457417
4.46,0.005067563705178833
4.47,-0.0024748082893816846
4.48,-0.008329985666026624
4.49,0.005542938318548737
4.5,0.001168084994716101
4.51,-0.0015155598150604736
4.5200000000000005,0.00812708770189472
4.53,-0.007776050353876973
4.54,-0.00014749791418281616
4.55,-0.00977292710465162
4.5600000000000005,-0.000626787160117475
4.57,-0.008873934486363253
4.58,-0.007623641674638562
4.59,-0.007649475064457902
4.6000000000000005,0.002984206042321271
4.61,0.004920897585308465
4.62,0.0016673753019431931
4.63,0.00924345096949084
4.64,-0.0025025884095259184
4.65,-0.004285758274362786
4.66,0.007371982563789207
4.67,-0.005528083229610947
4.68,0.009264450788812226
4.69,-0.009756910506203673
4.7,0.00939757653415278
4.71,-0.009136801760988477
4.72,0.007822862273961421
4.73,0.0005540221817259966
4.74,0.009859295922386007
4.75,-0.008524068705292024
4.76,0.0010770856880264155
4.7700000000000005,0.009386050712381978
4.78,0.000461956883402977
4.79,0.0025879727627052505
4.8,0.003914973779692344
4.8100000000000005,-0.0009091787046445355
4.82,0.0025511616016812688
4.83,0.001686286238462004
4.84,0.00802316020981978
4.8500000000000005,-0.009091072393170843
4.86,-0.004380736208155394
4.87,0.009008229681531177
4.88,0.007805275677818328
4.89,-0.000886864944285741
4.9,0.002402651956030734
4.91,-0.004452376340377346
4.92,-0.0062375768055247735
4.93,-0.0007260319012003576
4.94,-0.002932955439478944
4.95,0.0016731222370174412
4.96,-0.008445307260700304
4.97,0.00948789615332333
4.98,0.009724214889592056
4.99,0.003963234280394903
5.0,0.0007219273268824072
5.01,-0.003809447674273445
5.0200000000000005,0.006275900394138974
5.03,0.003694623451077586
5.04,-0.006747661213102174
5.05,0.00821854368987685
5.0600000000000005,0.00645074485846338
5.07,0.00899599826583848
5.08,0.0045143901677671995
5.09,0.002268303918715797
5.1000000000000005,-0.001635139274187623
5.11,0.008654569667080265
5.12,0.007321277790008166
5.13,-0.009095626597876213
5.14,-0.009472660510054961
5.15,-0.002470732662439008
5.16,0.006211066615636659
5.17,0.00974552258629889
5.18,-0.006991662177929436
5.19,0.0018826143070427032
5.2,-0.00238218286737957
5.21,0.009398287956292063
5.22,0.006842378462714174
5.23,0.006766574094222757
5.24,-0.0006261368041005945
5.25,-0.0017036099532466969
5.26,-0.004531858561385875
5.2700000000000005,-0.008872490066981459
5.28,0.007294447525101064
5.29,0.00625802018260155
5.3,0.009994353465722612
5.3100000000000005,0.009932736741478107
5.32,0.0011086341120525485
5.33,0.00537974830361021
5.34,0.008895314597648562
5.3500000000000005,0.00699294781354823
5.36,-0.005053037965136047
5.37,-0.0009891172937981293
5.38,-0.0074168116969701
5.39,0.009081020545174448
5.4,0.002123492689017601
5.41,-0.005427143889930746
5.42,0.003434013688117134
5.43,0.002362564809157917
5.44,-0.0028367456393431903
5.45,-0.00772884815600742
5.46,0.0034314639118559927
5.47,0.00040615401807586604
5.48,0.005446367834712787
5.49,0.0004032700222398669
5.5,0.007043630006370804
5.51,0.001038136775489711
5.5200000000000005,0.0012187594307077262
5.53,0.0075330720531669015
5.54,-0.00193034267575206
5.55,-0.007319695430987185
5.5600000000000005,-0.009424346473733221
5.57,0.00510274511347238
5.58,0.0024061910270692932
5.59,0.004081595361984472
5.6000000000000005,-0.005740716769821785
5.61,-0.007272570488264605
5.62,-0.009709106686642361
5.63,-0.0029882488238680604
5.64,0.001798353737092662
5.65,-0.0021551190980053543
5.66,-0.0012505015595254184
5.67,0.00808317388987497
5.68,-0.0030348906595339935
5.69,0.00027978978319621525
5.7,0.005673060254822863
5.71,-0.002069144353574597
5.72,0.00244173400455747
5.73,0.007247274174934903
5.74,0.008990412473152841
5.75,-0.007058530381419242
5.76,0.008531752503229887
5.7700000000000005,-0.00015767413840923547
5.78,-0.004835112234020833
5.79,-0.0008172848752347733
5.8,0.00960065150570954
5.8100000000000005,-0.00014763812014260795
5.82,-0.003424967794249836
5.83,0.002668017086334516
5.84,-0.005197087624436139
5.8500000000000005,-0.008482733437826722
5.86,-0.007422405561787016
5.87,-0.007439083220844552
5.88,-0.006961946129754113
5.89,-0.0072234565470117975
5.9,0.0028174948960642925
5.91,-0.006362398312017103
5.92,-0.0030866543335227358
5.93,0.007935768198120237
5.94,-0.0005207671947425538
5.95,0.0033511547704205436
5.96,-0.0065536025759674035
5.97,-0.006154219623826585
5.98,-0.009182627674670422
5.99,-0.006621298738556709
6.0,-0.004428193219360828
6.01,-0.006459790314465063
6.0200000000000005,-0.008225949324858888
6.03,-0.007587282577987984
6.04,-0.0007844246393454851
6.05,-0.00587332563188415
6.0600000000000005,-0.002714602779038491
6.07,6.834541709713725e-05
6.08,0.0038078965725873055
6.09,-0.00921375720317802
6.1000000000000005,0.005988207978180853
6.11,0.0025580077898181546
6.12,-0.008364819361022562
6.13,0.007471572482135544
6.140000000000001,0.008417448010636265
6.15,-0.008778440802902725
6.16,-0.004462447037055926
6.17,0.006124025595861228
6.18,0.004965193807673168
6.19,-0.006309579612872453
6.2,-0.005813013533265794
6.21,-0.0025905579441723604
6.22,-0.0003095402961795727
6.23,0.0023650954306059183
6.24,-0.002621727208604552
6.25,-0.0007493056773370428
6.26,0.00494941876267513
6.2700000000000005,-0.009266335942188042
6.28,-0.004951261113119585
6.29,0.0042669917176910484
6.3,0.007904136753743988
6.3100000000000005,0.00023354884231332335
6.32,0.0006422697053063125
6.33,-0.007856559773204479
6.34,-0.0010517526635309069
6.3500000000000005,0.0006523453291004625
6.36,-0.005150589927305407
6.37,-0.004615135381012381
6.38,-0.0024543167379075474
6.390000000000001,-0.009598576044445473
6.4,-0.0035584166883364347
6.41,-0.0057710398600691075
6.42,-0.0034500529564417074
6.43,-0.007604757363614976
6.44,0.0078105456147979
6.45,0.0018718490710809728
6.46,0.0035820463828897912
6.47,0.005783424772146767
6.48,-3.1156021418853735e-05
6.49,-0.008261594238251527
6.5,0.0007421308363709557
6.51,0.001736822360417582
6.5200000000000005,0.0049087894836866
6.53,-0.001366809075406412
6.54,-0.007448393944088725
6.55,-0.004324481884025511
6.5600000000000005,-0.0027383540720272983
6.57,0.0029183448266320248
6.58,0.0014155660933782375
6.59,-0.0028780654820430756
6.6000000000000005,0.009730304975859595
6.61,0.0021154963871377434
6.62,-0.00525546416528011
6.63,-0.007964350547591925
6.640000000000001,-0.00694281721631336
6.65,-0.005080845432309838
6.66,-0.006786372534808887
6.67,-0.006268659518973885
6.68,-0.004298096626123058
6.69,-0.006532528094104904
6.7,0.007935308492528504
6.71,-0.008395325086767156
6.72,0.0004902277914050936
6.73,-0.0017920634602067703
6.74,0.009647572338172128
6.75,-0.007759221956638953
6.76,-0.002042888019085167
6.7700000000000005,0.009389408665507379
6.78,0.007310142517879604
6.79,0.006341441418985598
6.8,-0.004841943459101204
6.8100000000000005,-0.0065822482521986836
6.82,0.0033728643984886203
6.83,0.008587519782551714
6.84,0.0011352578602785955
6.8500000000000005,0.0014322537893979963
6.86,-0.004400418126794317
6.87,0.005389858663838738
6.88,-0.006259125028849533
6.890000000000001,-0.0035264152719151265
6.9,-0.0014912712276716651
6.91,0.00015220757368910112
6.92,-0.005151805351698395
6.93,-0.00770326350521593
6.94,0.0022124008488326515
6.95,-0.0042273889351948845
6.96,0.001624764428452245
6.97,-0.006912745694515954
6.98,-0.00037719796290365017
6.99,0.0006517886510317168
7.0,-0.008963529263551461
7.01,-0.0032679144361215887
7.0200000000000005,-0.007311706461220515
7.03,-0.008732500590544645
7.04,0.009799204647798905
7.05,-0.003552923100505541
7.0600000000000005,0.006197488917092696
7.07,-0.004907186904724723
7.08,0.0036300544444785848
7.09,0.005204557197793731
7.1000000000000005,0.001912774812156886
7.11,-0.000568476228996832
7.12,-0.00176318171705463
7.13,-0.0030226346691400938
7.140000000000001,0.008590582884956515
7.15,0.006612388155754581
7.16,0.009300538213330252
7.17,-0.0075140555302891055
7.18,0.004617349504072886
7.19,0.008766809136420755
7.2,-0.006375338676686797
7.21,-0.00867007465266445
7.22,0.004822412985801182
7.23,0.0014894622635982374
7.24,0.0068365755351654425
7.25,-0.00720455246747421
7.26,0.005905346237197804
7.2700000000000005,-0.00596745359904511
7.28,-0.0067268811426859105
7.29,-0.006714684041380141
7.3,0.006291494404627644
7.3100000000000005,0.0033039444139240023
7.32,0.0004613084953823867
7.33,-0.0028233903175299505
7.34,0.007544010816262164
7.3500000000000005,-0.002151097851547292
7.36,0.006331988789431543
7.37,-0.0012173018285956318
7.38,-0.0024611114115018484
7.390000000000001,-0.000746404286607872
7.4,-0.003972442516717158
7.41,0.004952187603525022
7.42,5.440780184958263e-05
7.43,-0.005355746097063654
7.44,0.00799149146549137
7.45,-0.0023221755725357715
7.46,0.0008710572222797724
7.47,0.008129442219290938
7.48,0.0024847599182798424
7.49,-0.007662039185832719
7.5,0.008796642472269503
7.51,0.0025541610614283564
7.5200000000000005,-0.0033018877068582775
7.53,-0.007214558546732254
7.54,0.005880503785405918
7.55,0.00240145511857027
7.5600000000000005,0.0006692218395264304
7.57,0.007877851661019153
7.58,0.005771944224490616
7.59,-0.006966502405344977
7.6000000000000005,-0.003765558644089035
7.61,-0.0050302172037106855
7.62,0.004878925851453539
7.63,-0.009329351305284412
7.640000000000001,0.0013977936974263298
7.65,0.005249173714813812
7.66,0.007535312735234988
7.67,-0.0031583650256818505
7.68,0.006425146093440257
7.69,-0.007787365260895856
7.7,0.006929045834690365
7.71,-0.007450226753360352
7.72,-0.0020542541887926553
7.73,0.005945907315591073
7.74,-0.007001651453024524
7.75,-0.005414972095347171
7.76,0.004445051367861325
7.7700000000000005,0.004400730730921487
7.78,0.0028229526577059454
7.79,0.003878968889342001
7.8,0.0008544888669519239
7.8100000000000005,-0.004964018821860945
7.82,-0.0030860801299216114
7.83,-0.006368045663971486
7.84,0.008169011226672568
7.8500000000000005,0.0016678358953224094
7.86,-0.001982971664727202
7.87,-0.0007598839271173458
7.88,0.008945666792236307
7.890000000000001,-0.006932971937678396
7.9,0.001724596640335944
7.91,0.00011777357768931983
7.92,0.002229084708692956
7.930000000000001,-0.00963779632358319
7.94,0.0074424781788830306
7.95,0.008642365649672247
7.96,0.0013026636717841794
7.97,0.003933016477537845
7.98,0.008449987623545914
7.99,0.004144772686267973
8.0,-0.006949219141714773
8.01,0.0015257672033362635
8.02,0.0021343009276571182
8.03,-0.0015173865739522788
8.040000000000001,0.004728884712494457
8.05,0.008687340295380297
8.06,0.008511370258135526
8.07,-0.0009832125719173579
8.08,-0.007735239083184895
8.09,0.009696823979246693
8.1,0.006777961728918683
8.11,-0.0075067463759346635
8.120000000000001,0.008416837652347445
8.13,0.0073979272412425644
8.14,0.0003767611425214423
8.15,0.0018255087148985848
8.16,-0.0020199459225973947
8.17,-0.008904767223559373
8.18,-0.003296055167081982
8.19,0.006057068971960228
8.2,-0.009907359539907942
8.21,-0.0033300165661771164
8.22,-0.002036626128181134
8.23,0.000747912058758458
8.24,0.008397112328255211
8.25,-0.003073080112680775
8.26,-0.003060935962075446
8.27,0.004750024962194968
8.28,-0.0009556411822038563
8.290000000000001,-0.005507903541200361
8.3,-0.000951209677346132
8.31,-0.007182859592404002
8.32,-0.006472260269875534
8.33,-3.264454521040468e-05
8.34,-0.0016214910099090415
8.35,0.008296918021362001
8.36,-0.002752122017667338
8.370000000000001,0.0016117670055608695
8.38,0.002645285758390608
8.39,-0.009738110868233327
8.4,0.0032707474403342127
8.41,-0.006439280662604971
8.42,0.009221406349389104
8.43,-0.007026745444937741
8.44,-0.0017075175254595253
8.45,-0.008293006638427122
8.46,0.009937485036918948
8.47,4.390020662485214e-05
8.48,0.001907700346400875
8.49,-0.00865847045223145
8.5,0.004999209407983556
8.51,-0.005801888138088285
8.52,0.007961085788814276
8.53,-0.005897207190359857
8.540000000000001,-0.006186245586726669
8.55,-0.009269006643038102
8.56,-0.0005586610978000148
8.57,0.0012968226652523285
8.58,-0.008685827211432953
8.59,0.0055105523339002115
8.6,-0.0009342233050394482
8.61,0.00048780538655160063
8.620000000000001,-0.0011847450612354378
8.63,-0.0019847387824934812
8.64,0.0011928066261643576
8.65,-0.00689519508138575
8.66,-0.0063614373900945775
8.67,0.007235712420270346
8.68,0.008922309242672654
8.69,-0.002533813674404941
8.700000000000001,-0.004585106537128925
8.71,0.0028799908647803157
8.72,-0.0018253165780380727
8.73,-0.009492272886793104
8.74,-0.006876948052676192
8.75,0.00431944457694795
8.76,0.003178478838203028
8.77,-0.009458080149930331
8.78,-0.005560556761341011
8.790000000000001,-0.005378504068238572
8.8,0.003437854871974568
8.81,-0.009605789244912717
8.82,-0.007917828360308524
8.83,0.005998321707463788
8.84,-0.006429106758913328
8.85,0.003054922157037494
8.86,-0.0052363443790654695
8.870000000000001,-0.008011172144813096
8.88,-0.005136556180010918
8.89,0.0044453386371131835
8.9,0.007113929362125715
8.91,0.00660439729133983
8.92,-0.002056329407630904
8.93,0.0033617027314129227
8.94,-0.005900314091683581
8.950000000000001,-0.004137045394779735
8.96,0.007926716370422396
8.97,-0.00973996152978528
8.98,-0.00828982938291064
8.99,-0.005842274897079454
9.0,-0.009469355922523607
9.01,-0.006371291298204054
9.02,0.0016608312193938431
9.03,-0.0015715089881500402
9.040000000000001,0.007853434221539496
9.05,0.00634887123476882
9.06,-0.0031636529660424807
9.07,-0.00481153133137415
9.08,-0.002406151836654662
9.09,0.001805898850296155
9.1,-0.004638727183542475
9.11,0.0024829781569826806
9.120000000000001,-0.0018117669561751922
9.13,0.0010409436170396042
9.14,-0.0012774694172936665
9.15,-0.004110684809161646
9.16,0.008969066139243134
9.17,0.005272115883195216
9.18,-0.007197736484670949
9.19,0.007369359517958257
9.200000000000001,-0.0002513760350097271
9.21,0.007891044537881827
9.22,0.005997105118946305
9.23,-0.0014957299106153309
9.24,-0.009550613833597652
9.25,-0.0046264528123010785
9.26,0.0008326842932173378
9.27,0.0026695643965229457
9.28,-0.004842246291335954
9.290000000000001,-0.007212878518543518
9.3,0.006698604735985983
9.31,0.009688043614071043
9.32,0.0005138036460537159
9.33,-0.00656641428303393
9.34,-0.004553853469612621
9.35,-0.009632186469050666
9.36,0.008285976131209979
9.370000000000001,-0.007644978342197177
9.38,0.0015303295102850716
9.39,-0.00451889558625588
9.4,0.0010835600503158686
9.41,0.0030284077670372847
9.42,0.006594836074144033
9.43,-0.005871574564787936
9.44,-0.00978008342683039
9.450000000000001,-0.0072622873986238545
9.46,0.0080003728369621
9.47,0.007477801551250307
9.48,0.0019482620434061668
9.49,0.0020103372086730676
9.5,0.0033007334909251097
9.51,-0.006492574427531008
9.52,0.008288238918499195
9.53,-0.001624589502158538
9.540000000000001,-0.002337229435010051
9.55,0.0003783541056567516
9.56,-0.009060680664498898
9.57,-0.006674332624878412
9.58,0.004760672328527409
9.59,-0.00834402664149747
9.6,0.0020630421893277646
9.61,-0.005093017806373581
9.620000000000001,-0.002214087719160469
9.63,-0.004226125264586002
9.64,-0.002886545670701017
9.65,0.004380918103684911
9.66,-0.0040575656875365
9.67,0.0013280928059379443
9.68,-0.00047899195601800587
9.69,0.0032734233072529637
9.700000000000001,0.00873659478649516
9.71,0.004651441944205007
9.72,-0.005701192428184865
9.73,-0.009376337298774306
9.74,-0.004754719114003499
9.75,0.0019015586140050961
9.76,-0.008971483730314993
9.77,-7.26750559752725e-05
9.78,0.0019368569783377847
9.790000000000001,-0.003315122183660784
9.8,0.0054182440749164385
9.81,-0.007868034937324565
9.82,-0.008497244365283825
9.83,0.004563775124072068
9.84,-9.017367587603117e-05
9.85,0.003768047928554721
9.86,-0.001303453227925076
9.870000000000001,-0.005071959335217864
9.88,0.006382046353483996
9.89,0.005988317579379584
9.9,0.0038939294170885347
9.91,-0.004557097255400746
9.92,0.0018046133373817424
9.93,-0.0027805220611994644
9.94,-0.008168358533467318
9.950000000000001,0.008346271509244855
9.96,-0.007263627381620772
9.97,0.00900474707641605
9.98,-0.0010798845408408857
9.99,-0.006297341423227607
10.0,0.000838018947567163
10.01,0.0074589167175281666
10.02,0.0046444977281912235
10.03,0.006131222957228994
10.040000000000001,0.0031756673342143472
10.05,0.00384553129035705
10.06,0.006983913031306388
10.07,-0.0050066398228162815
10.08,-0.00021150072713719062
10.09,-0.005575811163607955
10.1,0.00975336015993294
10.11,0.008881186793732265
10.120000000000001,-0.009211463772629882
10.13,0.00411150345031377
10.14,0.008504966348313317
10.15,-0.0063884930974533296
10.16,0.0013589046110525898
10.17,0.008309765951760839
10.18,-0.009321080428284024
10.19,0.003948405344936798
10.200000000000001,-0.004053019852548985
10.21,0.00848792390753061
10.22,0.009421164903307357
10.23,0.00888532978226868
10.24,-0.0005157156668507239
10.25,0.00724085301978627
10.26,0.006890987970701408
10.27,-0.0036179905351348875
10.28,0.0065783094830135485
10.290000000000001,-0.009259847305690148
10.3,0.0019253975696410606
10.31,-0.005399823254245939
10.32,-0.007588662284454424
10.33,-0.008460935967415817
10.34,0.003925775517562796
10.35,-0.0032025007246386777
10.36,0.00449533543057523
10.370000000000001,-0.008692873184021153
10.38,-0.0036941932433877936
10.39,0.0007898258475067445
10.4,0.005814463296779272
10.41,-0.003624949941358602
10.42,0.002517827528740182
10.43,0.007719554964723744
10.44,0.0023172637636460908
10.450000000000001,-0.005340810504927324
10.46,-0.00951198436886924
10.47,0.007401977478018599
10.48,-0.009574611782992258
10.49,0.007494033453683989
10.5,0.0005787426805442392
10.51,0.008781353970257923
10.52,0.005975664715473309
10.53,0.00995868221066675
10.540000000000001,-0.0029857636909657974
10.55,0.005343765778622538
10.56,-0.001961381727815157
10.57,-0.00040248759392182316
10.58,0.0025501092643674013
10.59,0.007473542283726776
10.6,0.009681669383985904
10.61,0.005365468277290364
10.620000000000001,-0.0016446643566533255
10.63,-0.0015728599544585966
10.64,0.00475164603177783
10.65,-0.0052244570846339536
10.66,-0.007790517737372106
10.67,-0.0029075568471844697
10.68,-0.004255220166918365
10.69,-0.004073837590880198
10.700000000000001,-0.0053278449790018015
10.71,-0.009158136207272762
10.72,-0.009642521305331725
10.73,0.00975444779472063
10.74,-0.001444537325282753
10.75,-0.0023134670568063665
10.76,0.0035929456538613975
10.77,-0.005634922242698717
10.78,0.008999223679004508
10.790000000000001,0.00572690028831104
10.8,-0.00821177995375481
10.81,-0.0016483844843014333
10.82,0.007582366151243294
10.83,0.008894640445828205
10.84,-0.000651969775002606
10.85,0.002268227784214155
10.86,-0.0066593210781584955
10.870000000000001,0.00982337252273953
10.88,-0.0053665659723311325
10.89,0.008854635482702515
10.9,0.0029929329798473684
10.91,0.0021547358975771824
10.92,0.00025377022033017116
10.93,-0.005386603765644826
10.94,-0.006469439359889835
10.950000000000001,-0.005590275818596493
10.96,-0.0062712347571149095
10.97,0.005591689471335067
10.98,-0.0029974948166653984
10.99,-0.008843146468732074
11.0,0.009382052602816228
11.01,0.007675717699268515
11.02,0.00855504566390426
11.03,0.009898156452928705
11.040000000000001,-0.006522095015610255
11.05,-0.0020751596219468257
11.06,0.005164769514081827
11.07,0.003920412361075844
11.08,-0.006922081873202899
11.09,0.006316662499812357
11.1,-0.005511188563266787
11.11,-0.005523647703547538
11.120000000000001,0.000739488457868271
11.13,0.0018587986968340627
11.14,0.0016017241567562231
11.15,-0.008170263252044903
11.16,0.007549217252607607
11.17,-0.004687999148225879
11.18,-0.0074097015743439165
11.19,0.007774961597379544
11.200000000000001,0.009113029964595067
11.21,0.007242552345309012
11.22,0.006190321494497561
11.23,0.003104839612780434
11.24,0.0010171474121827857
11.25,-0.008260264801771798
11.26,-0.0018309357385860262
11.27,-0.00254622965975372
11.28,-0.004804924324793476
11.290000000000001,0.0044684022737716995
11.3,-8.248529842458385e-05
11.31,-0.008379075681847042
11.32,-0.005596335961003773
11.33,0.0036651752731919184
11.34,-0.008477382810193997
11.35,0.007024138280975372
11.36,-9.706945972051337e-05
11.370000000000001,-0.0003882684534670406
11.38,0.0018481556931903512
11.39,0.006493619318502982
11.4,-0.0030438158419561394
11.41,0.0035603230511812717
11.42,0.0013146392799158208
11.43,-0.004659434596611574
11.44,0.00757259972710316
11.450000000000001,0.005948520432138562
11.46,0.0031690366931685105
11.47,0.00701163458188484
11.48,0.007345884019196046
11.49,0.004167259534300695
11.5,0.00674026656727344
11.51,0.003949429233385673
11.52,0.003602815435206009
11.53,0.0023722275643036864
11.540000000000001,0.0050543327911528255
11.55,-0.0068278978941385265
11.56,0.007617415183978569
11.57,0.0074368705549046395
11.58,-0.009415054339308818
11.59,0.006516335011295253
11.6,-0.007422602650531096
11.61,-0.003297622914817162
11.620000000000001,0.004870165125832155
11.63,-0.006784802079033836
11.64,0.006359340482381242
11.65,0.006642683559154839
11.66,0.00014935467521672366
11.67,-0.009872282565663328
11.68,-0.004259237336501745
11.69,0.0023385383675148443
11.700000000000001,0.009623723560548471
11.71,0.002636270540333368
11.72,-0.004803928378716804
11.73,0.0026801140619922264
11.74,0.0007997075943171096
11.75,0.005596907903022872
11.76,-0.007860387223460831
11.77,0.00522055805004056
11.78,0.0008253315735222057
11.790000000000001,0.009259840077179895
11.8,-0.003162556679226278
11.81,0.002652437862678962
11.82,0.008640562110200348
11.83,-0.007949805440186416
11.84,0.008744569744729024
11.85,0.003757714446016268
11.86,-0.008643258817896562
11.870000000000001,-0.003980728661063675
11.88,0.004163441772905632
11.89,-0.008652987970624566
11.9,0.0016434092035254658
11.91,-0.003082338860940865
11.92,0.002418310355349543
11.93,-0.009085159323749743
11.94,0.007430736123047526
11.950000000000001,0.00946977938354794
11.96,0.00937755710571383
11.97,0.004993036634858495
11.98,-0.007398275197387361
11.99,0.005165263918580451
12.0,-0.00950826167082397
12.01,-0.009557528969420056
12.02,-0.003527795617009175
12.030000000000001,-0.0002271361919066843
12.040000000000001,0.005408148356155865
12.05,0.0036659075321301034
12.06,-0.0010819458724650333
12.07,-0.004527466674366682
12.08,0.009942490003154223
12.09,-0.0014763739552805417
12.1,-0.0009722595134064906
12.11,-0.006727523576166617
12.120000000000001,0.005896190974998586
12.13,0.0038736445156297723
12.14,-0.005584607744224792
12.15,-0.008352379087683146
12.16,0.003609986041494262
12.17,0.003090224285622705
12.18,-0.004534809460035814
12.19,0.009017271245008207
12.200000000000001,-0.006978842164381995
12.21,-0.0013533039791479625
12.22,0.008872318403351979
12.23,-0.001605453661477553
12.24,0.002770518953281712
12.25,-0.002048112040744114
12.26,-0.0045156959530266
12.27,0.009679552959196565
12.280000000000001,-0.0018133198736991398
12.290000000000001,0.007881984073582688
12.3,-0.0054009078821782765
12.31,-0.005737905919498334
12.32,-0.009377318342309773
12.33,0.003033336507517701
12.34,-0.0026294731255247774
12.35,0.007287164996792743
12.36,-0.0005358018661688561
12.370000000000001,0.009363868558294434
12.38,-0.006289489685937577
12.39,0.007372463359112217
12.4,0.005531937055834834
12.41,0.00541843689288104
12.42,0.006895664562337754
12.43,0.005220479818859978
12.44,0.002524406432628308
12.450000000000001,-0.007375102446352248
12.46,-0.009349476410174962
12.47,0.008416956956313738
12.48,0.0023330062904147603
12.49,0.005930745819523525
12.5,-0.00036955296974899854
12.51,-0.00765383622075211
12.52,-0.007496284155948991
12.530000000000001,0.0037113057445794274
12.540000000000001,-0.0013938821020107461
12.55,-0.005989505465993266
12.56,-0.0001681090651712621
12.57,-0.00871582125849732
12.58,0.0016394280382879753
12.59,-0.004620131911298047
12.6,0.005951182012743762
12.61,-0.003792760821528525
12.620000000000001,-0.0008955970183639767
12.63,-0.009767589201837987
12.64,-0.008551062244108823
12.65,-0.0021501288718663043
12.66,-0.0004012233056575297
12.67,0.0020004109623860747
12.68,-0.004166748425813936
12.69,0.0038996377225308503
12.700000000000001,0.0072024479437840915
12.71,0.0055970197778669965
12.72,-0.009207623493032857
12.73,-0.0003898610548434215
12.74,-0.007901396431636502
12.75,-0.005159099682749451
12.76,0.00973325186534293
12.77,-0.0071500891419697355
12.780000000000001,-2.223693097287878e-05
12.790000000000001,0.0023631146863623814
12.8,0.004049299410882079
12.81,0.0011929736697382821
12.82,-0.009804583051616326
12.83,-0.003470773835120162
12.84,0.00035423286769422843
12.85,-0.008242670017103333
12.86,-0.0029874613758163852
12.870000000000001,-0.009335937824172668
12.88,-0.008428430056899585
12.89,-0.0020615344759680795
12.9,-0.007345684919138793
12.91,0.0013508169652311636
12.92,0.003789299382745314
12.93,0.006011733982181659
12.94,-0.005996995115103799
12.950000000000001,-0.006650348354818605
12.96,-0.007908643193311995
12.97,0.0027286049908727336
12.98,0.004129514529738023
12.99,-0.00936827710348716
13.0,0.008724244924873796
13.01,-0.008960574326970552
13.02,0.0008259267060214091
13.030000000000001,0.004181210389018329
13.040000000000001,0.0074193824749217135
13.05,0.004281738642648556
13.06,0.0060345616613958365
13.07,-0.0032109961491438785
13.08,0.006296502274930246
13.09,-0.008397703072306497
13.1,0.007896333121210552
13.11,0.0009518475230747246
13.120000000000001,0.006345955399249875
13.13,-0.0009536343096339973
13.14,0.002871553903930499
13.15,0.0005280532187222648
13.16,0.004631790435106637
13.17,-0.008367400359388209
13.18,-0.008792958320188725
13.19,-0.005057935319797071
13.200000000000001,-0.006809106397736233
13.21,0.0074356713318440345
13.22,-0.005615720252839114
13.23,0.009517305116382628
13.24,-0.003262084164577863
13.25,-0.006357641686226014
13.26,0.005793970142849584
13.27,0.0031741555100175227
13.280000000000001,-3.608567093722065e-05
13.290000000000001,0.0011072710187526244
13.3,0.004384035565445277
13.31,-0.005430905173374026
13.32,0.00992667832113484
13.33,0.009495863242935663
13.34,0.0030065137269387372
13.35,-0.006009150981417097
13.36,0.003604564848625827
13.370000000000001,-0.008556031820416483
13.38,-0.00938694995588388
13.39,-0.004846342229775726
13.4,-0.0007475408652136747
13.41,0.007365450108167611
13.42,0.00454338139532616
13.43,0.00485413042399962
13.44,-0.001490133311038493
13.450000000000001,-0.0030813001490607415
13.46,-0.0025792247403079458
13.47,0.009752991274721156
13.48,-0.009197816171750351
13.49,0.007340629922448971
13.5,0.0015735081714478676
13.51,-0.0012276916162081916
13.52,0.0045051532083027306
13.530000000000001,-0.000266621171505943
13.540000000000001,0.007468464761633211
13.55,0.00801403728022517
13.56,-0.001565581462530892
13.57,-0.004463444055298969
13.58,0.0018470065718672445
13.59,0.008247266912333821
13.6,-0.0057867562198866684
13.61,0.002459331671269655
13.620000000000001,0.0026312044018504104
13.63,0.00466226044830562
13.64,-0.007368646297454804
13.65,0.004316499293641772
13.66,0.00818065041331282
13.67,-0.00640633782259516
13.68,-0.005249133501522447
13.69,0.009427901880832793
13.700000000000001,-0.006380460945810205
13.71,0.007087701867391582
13.72,-0.00015444287103930435
13.73,-0.0050553785119364595
13.74,0.0074149980254502295
13.75,-0.0010938948999466899
13.76,0.00029634707859380396
13.77,-0.002815332612004686
13.780000000000001,0.001859017028698548
13.790000000000001,-0.006729522548299545
13.8,-0.0021783692669647865
13.81,0.00938824644670575
13.82,-0.004837331345977449
13.83,0.003134733290825845
13.84,-0.003496198715506103
13.85,0.005469462513732013
13.86,-0.0073825267856330035
13.870000000000001,0.009396420901570895
13.88,-0.0009242091723272155
13.89,-0.005278990733070721
13.9,-0.008530065053399746
13.91,-0.006604841898249185
13.92,0.0003954789711203537
13.93,-0.0032599364713742744
13.94,0.00657766731765219
13.950000000000001,-0.001382249526763881
13.96,-0.005025714548247402
13.97,0.0023428997320806017
13.98,0.004135544337708916
13.99,-0.0066591618419810025
14.0,-0.006647615674233647
14.01,-0.009266571461329141
14.02,0.004728040301312811
14.030000000000001,0.003276090552436101
14.040000000000001,-0.0005073824850037219
14.05,0.006883408979383944
14.06,0.006113403059001063
14.07,0.0017070872879350434
14.08,0.007365425610265172
14.09,-0.005883175799264635
14.1,-0.007761607612045442
14.11,-0.0046050077696602075
14.120000000000001,-0.008858262878213704
14.13,0.0006233905600206407
14.14,0.00873211384589923
14.15,-0.009213129186629808
14.16,-0.007557801719799464
14.17,-0.0009560194343312938
14.18,0.0086775003505581
14.19,-0.00367687790046499
14.200000000000001,0.00014469617376784878
14.21,-0.009168542818992159
14.22,-0.007033135980758222
14.23,0.009732602459176938
14.24,0.00930237392872091
14.25,-0.009901200381311807
14.26,0.009036235708464778
14.27,0.002782398756310008
14.280000000000001,0.007358365890400441
14.290000000000001,-0.0009052028873228184
14.3,0.0003119205715850053
14.31,-0.00022306839486159642
14.32,0.003337285150922086
14.33,-0.007206974904873742
14.34,-0.009400528202546441
14.35,-0.0038414011681761817
14.36,0.0040936152547329345
14.370000000000001,-0.0059629309575410325
14.38,0.0034686486664983456
14.39,0.009398240922145409
14.4,-0.008121985684211632
14.41,0.003452042364502526
14.42,-0.001124995613908577
14.43,0.007362845087550108
14.44,-0.006457004211052282
14.450000000000001,0.00385251904452329
14.46,0.006762305792962204
14.47,0.008892284389480464
14.48,0.003664960565792916
14.49,-5.650471983145375e-05
14.5,0.0023569448040242774
14.51,0.007378099689574364
14.52,0.0014121949327765941
14.530000000000001,-0.009392258806063264
14.540000000000001,0.008618973910139554
14.55,0.0037905350206312236
14.56,0.0035302677155449307
14.57,-0.005686496952045657
14.58,0.0031777094046531434
14.59,-0.002122711886916831
14.6,0.0030246595408298417
14.61,-0.007868139393840186
14.620000000000001,0.003156906092060721
14.63,0.00998827451541333
14.64,-0.00903575922278888
14.65,0.009543483684426346
14.66,-0.0018618407855425876
14.67,0.007415069006745182
14.68,0.00564770968116547
14.69,0.0013403252197333564
14.700000000000001,0.004768984185026531
14.71,0.007570311226026959
14.72,-0.0019171935669793413
14.73,-0.003459336768735226
14.74,0.003351867711271694
14.75,0.006156918838825172
14.76,0.005245702695532315
14.77,0.00595627297717269
14.780000000000001,-0.0012883337037413404
14.790000000000001,0.006356684323500431
14.8,-0.007595818892587831
14.81,0.0008897819592169915
14.82,-0.00988482679003757
14.83,-0.003508283401994594
14.84,-0.002670769302572043
14.85,-0.0020765461678148925
14.86,0.003909344133797243
14.870000000000001,-0.002228837974593085
14.88,-0.0010261275475493877
14.89,-0.005249117382513451
14.9,-0.0025349641674131985
14.91,-0.0054546074547369705
14.92,-0.008536081524631128
14.93,0.0020689718676275577
14.94,0.003364255971100325
14.950000000000001,0.00238980692019229
14.96,-0.0007301191239885534
14.97,-0.0024042843964154036
14.98,0.007266672991436506
14.99,0.0003816357027243613
15.0,-0.0004163624474053801
15.01,-0.009487158683871287
15.02,-0.003175043447476873
15.030000000000001,-0.002396087624282859
15.040000000000001,-0.00202354438206199
15.05,0.0016034473845466454
15.06,0.0006720509345375693
15.07,0.002158101855868892
15.08,0.0052976652308425656
15.09,0.006259714774321868
15.1,0.004362461524529888
15.11,0.009110473919098696
15.120000000000001,-0.009635348346472767
15.13,-0.0060844402863290785
15.14,-0.009848742500437158
15.15,0.0029494942830920606
15.16,0.007960610978999737
15.17,-0.005130354068474015
15.18,0.008540690895926134
15.19,-0.008794652194208783
15.200000000000001,0.008688720536110287
15.21,-0.0029675462552073116
15.22,-0.00797158343101567
15.23,-0.0002825648162734871
15.24,-0.004864468645589841
15.25,-0.004302541960761543
15.26,-0.0038542007014742688
15.27,0.00606051795665327
15.280000000000001,0.0007832255335050893
15.290000000000001,-0.003773846016879927
15.3,0.002206675666218367
15.31,0.004323013484463871
15.32,-0.004547519985329325
15.33,-0.0017290179694929696
15.34,-0.007562278133261048
15.35,-0.006377013009306393
15.36,0.0036223570792996568
15.370000000000001,-0.006371233046087461
15.38,0.0005032676733412039
15.39,0.0041809252344486535
15.4,-0.007862461538105124
15.41,0.0013462443925780707
15.42,-0.004868744325972725
15.43,0.009258537504751597
15.44,-0.0003290870656015056
15.450000000000001,0.006119850995503164
15.46,0.0010045308431252346
15.47,-0.009131749342903617
15.48,0.002663027511880448
15.49,0.009028066844133141
15.5,0.002032236402926624
15.51,0.0063837771885358035
15.52,0.0076841292669681555
15.530000000000001,-0.005438404561021351
15.540000000000001,-0.005759103201835467
15.55,0.0022196197770198347
15.56,-0.0017794306038659054
15.57,0.006797226057334406
15.58,0.008000462467960224
15.59,-0.0029315724139456377
15.6,-0.005262588820510359
15.610000000000001,0.005610510304877237
15.620000000000001,-0.004503879289037278
15.63,0.0064522863702735685
15.64,-0.0015252349270247437
15.65,0.003350997985829409
15.66,-0.008089293723306636
15.67,0.0024771864935314598
15.68,-0.0009646464252554172
15.69,0.001732169263509482
15.700000000000001,-0.006639715845102732
15.71,0.004737474898883643
15.72,0.007255941550864569
15.73,-0.005665203998184487
15.74,-0.008085708889596765
15.75,-0.009527228279073272
15.76,0.0028394300088653204
15.77,0.0021418807217756155
15.780000000000001,0.0009339482542814002
15.790000000000001,-0.0053610580776804915
15.8,-0.0021818800818897074
15.81,0.0018895267037234605
15.82,-6.466282281661177e-05
15.83,0.009755710404297747
15.84,-0.007271204948865338
15.85,0.0039028910809518758
15.860000000000001,-0.0019136246379141582
15.870000000000001,-0.0014360077014877043
15.88,0.004351955313163524
15.89,0.003848723026487392
15.9,0.009825119874043766
15.91,-0.007432114210917495
15.92,-0.007917807012316674
15.93,0.004486776342574822
15.94,0.0015677383401281816
15.950000000000001,-0.004516786668803883
15.96,-0.008411612620220268
15.97,-0.00828683500807139
15.98,0.007883817493282366
15.99,-0.006162653505625142
16.0,-0.0035325687576895845
16.01,-0.0054668719554602395
16.02,-0.0029000738833612535
16.03,-0.008611523145078133
16.04,0.0003811958181654078
16.05,-0.008647748728155703
16.06,0.006007130156447231
16.07,-0.00532575836179134
16.080000000000002,0.0008002382920902114
16.09,0.0076015817512291636
16.1,0.003017547380943883
16.11,0.000659155731026706
16.12,-0.003513324937692488
16.13,-0.0033399617388360416
16.14,0.003389739103963802
16.15,0.00988278722442335
16.16,0.003236783796987573
16.17,0.0011556683474004976
16.18,0.004613010204784922
16.19,-0.0006958877543256376
16.2,-0.008797153147984295
16.21,0.0012459363175581963
16.22,0.009152505690107603
16.23,-0.006493941152846808
16.240000000000002,0.0038000978164133142
16.25,-0.0059813262268188705
16.26,0.0007165536894616249
16.27,-0.008066471007065607
16.28,-0.0009925812748362971
16.29,0.005123266577904921
16.3,-0.0030485695152203587
16.31,0.0032982344897443602
16.32,0.0059089992157945834
16.330000000000002,0.008543556389589054
16.34,-0.005307158362890929
16.35,-0.002013681683813837
16.36,-0.006951679733391652
16.37,0.009849670043167504
16.38,0.008540019358485905
16.39,0.0007991426056111924
16.4,0.006840665887528427
16.41,0.0004191595454408441
16.42,0.0024717137600551945
16.43,-0.008217511357679667
16.44,0.0051054084099361585
16.45,-0.007445730327295303
16.46,0.006521352605050568
16.47,0.005640561753407719
16.48,0.004174893954859529
16.490000000000002,-0.009276792389504757
16.5,-0.003937432881093428
16.51,-0.004737748601783143
16.52,-0.002797271850569618
16.53,-0.00824714506472323
16.54,0.008739156460621256
16.55,0.0010760448142475253
16.56,-0.003889513786839529
16.57,-0.002060369658514331
16.580000000000002,-0.0010559491899032863
16.59,0.0020118866672123453
16.6,0.0003135885539299558
16.61,0.008387839464288347
16.62,-6.073034188339502e-05
16.63,0.009843160296466253
16.64,0.0070284991549019165
16.65,-0.005829789712853284
16.66,0.008611904292878324
16.67,-0.007672672042290479
16.68,0.0063489941698238305
16.69,-0.0023875341304683984
16.7,0.007559486408901391
16.71,0.0073611338021490075
16.72,0.006118508002352424
16.73,0.0058006087261412275
16.740000000000002,-0.0039064172180391845
16.75,-0.008381614338974957
16.76,-0.0019403964246967713
16.77,-0.006529509700269827
16.78,0.0038990217780492335
16.79,-0.0030780054692442892
16.8,0.0095122040171983
16.81,0.0028194415469066404
16.82,0.006449611272687219
16.830000000000002,-0.0073495065451630315
16.84,0.007240289645452451
16.85,0.008455143810267888
16.86,-0.0002587616236212828
16.87,0.0021250587550195495
16.88,0.005296196018059909
16.89,-0.00650322745479175
16.9,5.132152926884924e-05
16.91,-0.002026739444553737
16.92,-0.0070725201567550175
16.93,-0.0026493115541693715
16.94,-0.00863655381229013
16.95,-0.00948376186101026
16.96,-0.007296674216903545
16.97,0.009262302231783476
16.98,0.0009905907179003394
16.990000000000002,0.0093164432230644
17.0,-0.0013500424333973606
17.01,-0.003763677338294809
17.02,0.00012283725680488182
17.03,-0.0012097662273417974
17.04,-0.007886706314765122
17.05,0.002816526293804125
17.06,-0.005679236349808008
17.07,0.002391759097956591
17.080000000000002,0.003004021847963067
17.09,-0.006959502937427038
17.1,-0.008773007457786638
17.11,0.005615231721368796
17.12,-0.000803991524613596
17.13,-0.008836724089890485
17.14,0.009897326343395343
17.150000000000002,-0.008844388780072668
17.16,0.003900704577171064
17.17,0.009673578505268272
17.18,-0.0052163979156814875
17.19,-0.007155012626256077
17.2,-0.007572301211551422
17.21,-0.003934497048648089
17.22,-0.007979083779787066
17.23,0.0038432268338826382
17.240000000000002,-0.008754164037398746
17.25,0.00018844256299579455
17.26,0.009933937077059534
17.27,0.006279405390120377
17.28,0.002304388764620217
17.29,-0.0038749275842677663
17.3,0.002477916725832769
17.31,0.0005408292782330335
17.32,-0.00147833232219257
17.330000000000002,-0.007385792465196011
17.34,0.007732084304809336
17.35,-0.0010043070235735488
17.36,-0.006107549763584699
17.37,-0.002644812982454208
17.38,-0.0017174049494214586
17.39,0.006550757911337487
17.400000000000002,0.004672287611228041
17.41,0.005386097872826796
17.42,-0.009779374711427057
17.43,-0.00167692003640477
17.44,-0.000373116967293528
17.45,-0.009616154463538867
17.46,-0.004803735825099316
17.47,0.005205796462442701
17.48,-0.007257805885420019
17.490000000000002,0.0007062026290518327
17.5,-0.00569596255965525
17.51,-0.009757584507122134
17.52,-0.005175970848009171
17.53,0.009517475098201075
17.54,0.0060307422376597915
17.55,0.009191532886420667
17.56,-0.00024291912147275142
17.57,-0.007805276026449931
17.580000000000002,0.0009591897794738596
17.59,-0.0009124533088007824
17.6,0.006887141654792319
17.61,-0.008038348384315108
17.62,-0.00023517725956443553
17.63,-0.006999026706120315
17.64,-0.0035064814621988006
17.650000000000002,0.004747141547755993
17.66,-0.0004796374126246686
17.67,-0.0024822342970846137
17.68,-0.0021104744285992943
17.69,-0.0008110646318802671
17.7,0.005700330876741136
17.71,0.00784169377880469
17.72,0.009106693730078564
17.73,0.005738067725105904
17.740000000000002,-0.003691862085039746
17.75,0.003762694121730843
17.76,-0.0012479375188921612
17.77,-0.004906587559078976
17.78,0.006817431588518453
17.79,-0.0092314730207535
17.8,0.00803523984270847
17.81,-0.0007704507075053171
17.82,0.0027440295361656087
17.830000000000002,0.0031870784441156534
17.84,0.007902354814130727
17.85,0.002733393643344146
17.86,0.0022786716952012346
17.87,-0.0086669591887862
17.88,0.0003681604389040808
17.89,-0.006996619983659167
17.900000000000002,0.004748675374429712
17.91,0.0002444384162534896
17.92,0.003604555584167066
17.93,-0.009166541987952314
17.94,-0.008304159679083935
17.95,0.004326467761253646
17.96,-0.008558313280026533
17.97,-0.008574865444694829
17.98,-0.009757830495302251
17.990000000000002,0.009130027965989601
18.0,0.004750167189180138
18.01,-0.002934971829958717
18.02,-0.0040692883742468955
18.03,-0.003005935405083009
18.04,0.005493070623623638
18.05,0.0032274122214082882
18.06,-0.006296088642650641
18.07,-0.006517813293318313
18.080000000000002,-0.008032087005732054
18.09,0.0032060543940267625
18.1,0.005287453244434718
18.11,-0.00469907143349992
18.12,-0.009581100779381744
18.13,-0.008356566650471454
18.14,0.009357200696900608
18.150000000000002,-0.004091104450451595
18.16,0.005384462956762672
18.17,0.0024932713770852762
18.18,-0.002361207206942082
18.19,-0.005886254756088898
18.2,-0.007572271636811872
18.21,0.0023002593607773323
18.22,0.00549267561275576
18.23,0.002878085070822614
18.240000000000002,0.0006060426649831668
18.25,-0.009160975531367275
18.26,0.009369775551887677
18.27,0.00597428383309149
18.28,-0.004143559265980705
18.29,0.009599406587177011
18.3,0.0020376317927264416
18.31,0.0016484531641449297
18.32,0.0049614635885906425
18.330000000000002,0.006235395761802752
18.34,0.0031295721466300525
18.35,-0.007438085072675999
18.36,-0.0032346498801100318
18.37,0.008561672806520993
18.38,-0.005507687763122961
18.39,-0.0025566595232497337
18.400000000000002,-0.0013584623411160793
18.41,-0.0012119002061109566
18.42,0.0022587916498905108
18.43,0.008861516754894152
18.44,-0.005186145763349901
18.45,-0.007569972473981639
18.46,-0.006050590202801254
18.47,0.00773849800418539
18.48,0.0029162162531041202
18.490000000000002,-0.004281864215216797
18.5,0.006318938779372346
18.51,0.007227399927268721
18.52,0.00693028677380556
18.53,0.00837853067279109
18.54,-0.004955179596532768
18.55,0.005100838574925565
18.56,-0.0007892100545172
18.57,0.006839971057801231
18.580000000000002,0.004569813543232264
18.59,0.005528948929994493
18.6,0.0031232367536214306
18.61,-0.006451424610605863
18.62,0.0009005383779387664
18.63,0.009693394790490166
18.64,0.008747761329942377
18.650000000000002,-0.009136525284059767
18.66,-0.006703703685411257
18.67,-0.007365424530908762
18.68,0.0045195981997059095
18.69,0.006355706597138902
18.7,-0.005729772673786561
18.71,0.00011705385903658036
18.72,0.006814060560224001
18.73,0.004656030895325012
18.740000000000002,0.0008447441098369656
18.75,0.0018069538091754576
18.76,0.00016721093832559875
18.77,-0.004049030973623588
18.78,0.001300439857180322
18.79,0.0037777060410018135
18.8,0.007466458317216153
18.81,0.002725827079584962
18.82,0.005222430740863159
18.830000000000002,-0.00679856730090854
18.84,-0.0007688505116042015
18.85,-0.009813367603458134
18.86,-0.005066422709567539
18.87,0.004529234302260097
18.88,0.009836199026987269
18.89,-0.008016438008255682
18.900000000000002,-0.0019701136827742355
18.91,0.006001419373983191
18.92,-0.005919287307422023
18.93,0.0011016989860457242
18.94,0.004661425920593496
18.95,0.0023197090052035803
18.96,-0.006239505307691677
18.97,-0.0028923086262852117
18.98,0.005675835689707946
18.990000000000002,0.0010845302826403332
19.0,-0.009895407729141745
19.01,0.005219815200561877
19.02,-0.009293772901195218
19.03,0.004914675654624643
19.04,-0.005950388796695252
19.05,0.009161469602387605
19.06,-0.0026411849739583102
19.07,-0.003461367673238418
19.080000000000002,-0.007022238993351106
19.09,-0.0038879156901957023
19.1,0.00753301523656401
19.11,0.009926686752544945
19.12,-0.0026338093898630333
19.13,-0.0010277873809091485
19.14,0.00444141876405474
19.150000000000002,0.007723915609301491
19.16,0.0018608866837356835
19.17,-0.0021694860364434125
19.18,-0.001747563183027526
19.19,0.003912362929936138
19.2,-0.009935634727914427
19.21,0.002391786749196814
19.22,-0.002890139791172852
19.23,0.005883946625541684
19.240000000000002,-0.008140187203537357
19.25,0.001764045338967811
19.26,-0.00038054220227752567
19.27,0.002846510518104549
19.28,-0.008702928110340633
19.29,0.0015996757485626251
19.3,0.0012296917591904741
19.31,0.0012132018883234189
19.32,0.002069753331929096
19.330000000000002,0.003529358744527245
19.34,0.006099779993615396
19.35,-0.004603585597435713
19.36,0.006500988203601241
19.37,-3.488635473092826e-05
19.38,-0.008458834417313377
19.39,-0.008828981415120417
19.400000000000002,-0.003315233626078784
19.41,0.0056979395422293525
19.42,0.004153618694818315
19.43,0.00577229929344813
19.44,0.00034538112883218675
19.45,-0.0011960200408901896
19.46,-0.007050949465874321
19.47,-0.003436144927813769
19.48,-0.0013196126765224955
19.490000000000002,-0.008227991406407656
19.5,-0.005587760945775775
19.51,0.0019645058812747754
19.52,0.0047132622847837966
19.53,0.009966950227858993
19.54,0.008662266626871152
19.55,0.002851303990703831
19.56,-0.0015750389341185594
19.57,0.002723547294164654
19.580000000000002,0.00571303236160464
19.59,-0.007633276181532254
19.6,-0.0018019022060742351
19.61,0.006796045712712343
19.62,-0.0023233409613391195
19.63,0.0014374454245437308
19.64,0.0017553872172439648
19.650000000000002,-0.006310474937327213
19.66,-0.0027552911669542325
19.67,-0.003309774225161357
19.68,-0.009476065829358704
19.69,-0.009516164722172895
19.7,0.006633940873515468
19.71,-0.004538583800543752
19.72,0.0003615753247763094
19.73,-0.0040254885282245394
19.740000000000002,0.00881358490230681
19.75,-0.004814064822684525
19.76,-0.0014068637452212991
19.77,0.007454605009692037
19.78,0.006838671335836174
19.79,-0.006277971643074453
19.8,0.006052866195914207
19.81,-0.0008362622652421468
19.82,-0.00034062255829289505
19.830000000000002,-0.007330400551681124
19.84,-0.008387969724857508
19.85,0.004558786139475303
19.86,-7.077695289400485e-05
19.87,-0.0012629859476964087
19.88,0.0045901645730479345
19.89,0.005310257979822194
19.900000000000002,-0.006821836646612929
19.91,0.0022045029895528256
19.92,-0.007292918354446289
19.93,0.005027501720580915
19.94,0.0031391031253427907
19.95,0.00913229242166916
19.96,-0.008620839672871576
19.97,-0.008858905576974914
19.98,-0.004356258506135997
19.990000000000002,-0.004765886325281881
20.0,-0.005060424018560003
20.01,0.008125091610420734
20.02,-0.005009076003009878
20.03,-0.0045610054774273805
20.04,0.005187965248359275
20.05,-0.0010052031509892
20.06,0.005534211139103625
20.07,-0.008692676848712295
20.080000000000002,-0.0002485761265323145
20.09,-0.009327727996334348
20.1,-0.00874693593089291
20.11,0.00812874906688822
20.12,-0.007215092577648097
20.13,0.0006484136455043414
20.14,-0.0017780879479858697
20.150000000000002,-0.0030531334748231465
20.16,0.007996666913745449
20.17,-0.00956353206449021
20.18,0.0032757937235117825
20.19,0.009267888684271008
20.2,0.0012033636692368385
20.21,0.008736449240661836
20.22,-0.008954842414279525
20.23,-0.0016241336185167723
20.240000000000002,-0.004796844180758977
20.25,0.004616419299614595
20.26,0.009625941809944935
20.27,-0.004869398751115044
20.28,0.0030834920294814886
20.29,-0.006038047344805198
20.3,0.0013066050914321975
20.31,-0.0007213502662332758
20.32,0.009440106592630742
20.330000000000002,0.002170545453929331
20.34,-0.003009872558263625
20.35,-0.007718084302241333
20.36,-0.006975063425301309
20.37,-0.0054936614009752985
20.38,-0.00498066677319404
20.39,0.007012321156822756
20.400000000000002,0.001224455765650499
20.41,0.0004678182274873294
20.42,-0.007704622562615651
20.43,0.0072027938669887
20.44,0.004456286064169675
20.45,-0.008646632761999968
20.46,0.004156701944595373
20.47,0.000870764346852921
20.48,-0.008365493085064435
20.490000000000002,-0.0008339871694268714
20.5,-0.00030607425739906033
20.51,-0.0066845091967344845
20.52,0.008913962940005645
20.53,0.006999507429613238
20.54,0.0033804467465821664
20.55,-0.0007540887799878555
20.56,-0.0017646891683098295
20.57,0.003019469343019084
20.580000000000002,0.0009086373881381088
20.59,-0.008754537882362287
20.6,0.00025005297540663454
20.61,0.006128072344656789
20.62,-0.0008152024480608394
20.63,-0.008960868448914631
20.64,0.005725563987680661
20.650000000000002,-0.005972724357280512
20.66,-0.004827583302239225
20.67,-0.006705872931354082
20.68,-0.003395698702570049
20.69,0.0051350301137727
20.7,0.0003877171900787471
20.71,-0.005902374516985749
20.72,0.007556601563040817
20.73,0.007591637099030582
20.740000000000002,0.007411568500920137
20.75,-0.0052240757723692145
20.76,-0.0009752131163802379
20.77,0.009699793122817503
20.78,0.005440249526199807
20.79,-0.009456651575488804
20.8,-0.008695908174790158
20.81,-0.0007213724637533444
20.82,0.008184404117231205
20.830000000000002,0.000774035959054285
20.84,-4.3749839314195446e-05
20.85,-0.007890526000867388
20.86,0.0031356020944858804
20.87,0.006442063212004511
20.88,-0.0023915998498487533
20.89,0.00551223701850655
20.900000000000002,0.009289533078016233
20.91,-0.005924670817446218
20.92,0.0004665926238948265
20.93,-0.004257240838308489
20.94,0.005857088380676787
20.95,0.0015518673176231502
20.96,0.0026916483510060745
20.97,0.00595828319231788
20.98,-0.0020805905467509017
20.990000000000002,0.008301801368140864
21.0,0.0006605773449227994
21.01,-0.00684090354329304
21.02,0.003917982363376048
21.03,0.005865227008765088
21.04,-0.0036647664586494664
21.05,0.0071435851399750585
21.06,0.008122865095315327
21.07,-0.004461910252443821
21.080000000000002,0.00967042945430444
21.09,-0.007185769439024832
21.1,-0.005959686631950201
21.11,-0.006315503215239477
21.12,0.007879794200157409
21.13,0.0030858510464992373
21.14,-0.006957914335554543
21.150000000000002,-0.00119353163263302
21.16,0.0023059605013960403
21.17,-0.008330718300212335
21.18,0.007648327368146775
21.19,0.006072070708830703
21.2,0.00010413547153276421
21.21,0.009342532305183409
21.22,-0.0016447804144980056
21.23,0.009682206380729955
21.240000000000002,0.003358399976072542
21.25,0.002693425465078829
21.26,-0.0066809020940843
21.27,0.007638555166092879
21.28,-0.0014502062415876968
21.29,-0.006755331884350413
21.3,-0.00974784960048482
21.31,0.0011951136727676517
21.32,0.0005479924424535258
21.330000000000002,0.004387072447383171
21.34,0.007805161060356043
21.35,-0.00841186830713941
21.36,0.004629929806807247
21.37,-0.006251761118048356
21.38,0.0071635410631432795
21.39,0.0063812702772331215
21.400000000000002,0.0008158750997108877
21.41,0.004204855972466231
21.42,-0.003712997736325032
21.43,-0.0005766420213437068
21.44,0.006432737954209433
21.45,-0.0008146960565357225
21.46,-0.0028440346934911643
21.47,-0.00011575105499400141
21.48,0.006564985048744367
21.490000000000002,-0.003295839052582545
21.5,-0.0065247681372851245
21.51,0.004240280406615615
21.52,0.0065195642541616364
21.53,-0.007987250429529334
21.54,-0.005202517744881106
21.55,-0.0071605602047801215
21.56,-0.003041171768356668
21.57,-0.0009929804218917464
21.580000000000002,0.004976526739266129
21.59,0.0030229516976334834
21.6,0.0024185713495686236
21.61,-0.0029525010678069117
21.62,0.006828951061695199
21.63,-0.000574256652036708
21.64,0.00958209876030309
21.650000000000002,0.0026828427659147374
21.66,-0.007474705168709945
21.67,0.003523551241508681
21.68,-0.0034979196913660204
21.69,0.0037265439337219493
21.7,-0.008607177036751885
21.71,-0.006502371256480812
21.72,0.0071147451781157275
21.73,-0.005456408859529702
21.740000000000002,0.006740822504858803
21.75,-0.004414478230911792
21.76,0.002857638201174153
21.77,0.00388301147019662
21.78,0.0002530950629010594
21.79,-0.0038937864660653744
21.8,-0.005747112472578078
21.81,-0.009336212908751475
21.82,-0.003921071975185524
21.830000000000002,0.0030632558106256595
21.84,0.008766096368969653
21.85,0.007424089645261039
21.86,0.005321295530706052
21.87,0.0057689468650659725
21.88,0.0032996980695199057
21.89,-0.00479426284867994
21.900000000000002,0.008143900614116599
21.91,0.0034146462381166812
21.92,0.0012088126196087984
21.93,-0.007780210615730379
21.94,-0.0010588891238714915
21.95,-0.0007928345759614739
21.96,0.007291272190453399
21.97,0.0009329644037557698
21.98,-0.0023919890205918075
21.990000000000002,0.009536006570213187
22.0,-0.0077855881334736865
22.01,-0.001549031433761108
22.02,-0.009159506496571894
22.03,0.004798082415338608
22.04,0.008361531043983012
22.05,-0.004399253408990211
22.06,0.007166833535982417
22.07,-0.004155635390762045
22.080000000000002,0.008215403232878305
22.09,0.0050792380719356794
22.1,0.006098135536828772
22.11,-0.009639868887990911
22.12,0.009256207141480519
22.13,0.004533419841406466
22.14,-0.0039049780922773333
22.150000000000002,0.0065878932971769385
22.16,-0.004369576031701401
22.17,0.007455076791322559
22.18,-0.007748392191761259
22.19,0.004073719549215916
22.2,0.0008139695328982059
22.21,-0.008069310596091183
22.22,-0.00516212343482322
22.23,-0.009751919274453704
22.240000000000002,-0.0006246406907098826
22.25,-0.003974694784799992
22.26,0.001967149685955176
22.27,-0.004055243845827656
22.28,-0.004001617769860306
22.29,0.004863863974632067
22.3,-0.009037143280432931
22.31,0.008057899903839745
22.32,0.0070452774878236295
22.330000000000002,0.0033560936645281297
22.34,0.0018644314021476864
22.35,0.007846049962793046
22.36,-0.006293396409425712
22.37,-0.008420616756183427
22.38,-0.005209796601809238
22.39,0.005891565574003806
22.400000000000002,-0.009306594665470333
22.41,0.0016561367016697925
22.42,0.009908750323826198
22.43,0.007113921876750787
22.44,0.0004289137808717886
22.45,-0.008727181814267154
22.46,0.006627470287714198
22.47,0.001979570163544211
22.48,-0.007701340058808664
22.490000000000002,-0.008122854303532876
22.5,0.008192536388731847
22.51,0.0033840052587615684
22.52,0.006585735986335111
22.53,0.007579578005645347
22.54,0.001435447040966445
22.55,0.00034892703510082564
22.56,-0.0013914517935801965
22.57,-0.0036610682441776147
22.580000000000002,-0.001308080782825764
22.59,0.005477593114603128
22.6,0.002038468620302632
22.61,0.007850465799096923
22.62,-0.001132399712416245
22.63,0.002141791574375081
22.64,0.002626151061839775
22.650000000000002,0.0018339432461265109
22.66,0.004052675461710327
22.67,-0.005251330632503874
22.68,0.0002472755509158129
22.69,-0.007915503943833047
22.7,-0.002309773447103749
22.71,-0.00024665862757471124
22.72,0.0030444851909094493
22.73,0.009010621051724071
22.740000000000002,0.002013021330967117
22.75,0.004871878323531196
22.76,0.00012532118990405544
22.77,0.002682080627526626
22.78,-0.008581355677324532
22.79,-0.00491216838316306
22.8,-0.002762938135897226
22.81,-0.0005501328998697291
22.82,-0.009087025089952325
22.830000000000002,-0.0071995180489336464
22.84,-0.004463713844173885
22.85,0.009430653818021014
22.86,-0.003373059857938985
22.87,-0.00035917883775834873
22.88,-0.006078045745232141
22.89,0.0022156014215153653
22.900000000000002,-0.004386335689680514
22.91,-0.0058601484312314645
22.92,0.000331452568919581
22.93,-0.009889884016791584
22.94,-0.009846719347015493
22.95,-0.005618623817962845
22.96,-0.009265572749983577
22.97,-0.007839484917386173
22.98,-0.0032227870132249684
22.990000000000002,0.006051713591596257
23.0,0.0014409728673860159
23.01,0.0002533545191283279
23.02,-0.004130223535837568
23.03,0.008635074388656327
23.04,-0.002059699175256167
23.05,-0.00825814466408457
23.06,0.0023413303223560264
23.07,-0.0077232321304679715
23.080000000000002,-0.003095537143966158
23.09,0.00014823877435617833
23.1,0.0074844504937035174
23.11,-0.00012906839319762678
23.12,0.004045175320633285
23.13,0.009856336779981408
23.14,-0.007370217602040367
23.150000000000002,-0.00450536948960961
23.16,-0.002108478488047072
23.17,-0.0015634364292233735
23.18,-0.0017795784946890852
23.19,0.0081522200511311
23.2,0.004280652889337129
23.21,0.0021581042818140748
23.22,-0.0038125456427443583
23.23,0.006475807684425893
23.240000000000002,0.00910121022969978
23.25,0.00642396565100453
23.26,-0.009968697896170543
23.27,0.0027280274036681415
23.28,-0.008977292371157986
23.29,-0.004847855593325563
23.3,-0.008809505993044567
23.31,0.0020759090589877547
23.32,0.003731798269852135
23.330000000000002,-0.007710247238681898
23.34,-0.0023232223391004107
23.35,-0.0008752698208891602
23.36,-0.0026189395647816683
23.37,-0.007579499990296139
23.38,-0.0016210441962504919
23.39,0.005023560956168363
23.400000000000002,-0.008579846709334892
23.41,-0.008396399718361931
23.42,-0.0029045741632803155
23.43,0.008834514232378502
23.44,0.0033714529344582803
23.45,0.0035733991334512966
23.46,-0.002761600183242701
23.47,0.001873215824170769
23.48,-0.009797376319445132
23.490000000000002,0.0027219209281908446
23.5,0.008265738951524734
23.51,0.002251469366896384
23.52,0.0074739718693269
23.53,0.004479461109321877
23.54,-0.007588831671926195
23.55,0.008049066145716833
23.56,-0.008671123112884503
23.57,0.0006793494509552758
23.580000000000002,-0.0071572575241308466
23.59,-0.009765867785381918
23.6,-0.0015593147974472202
23.61,-0.004099185846916875
23.62,-0.0002799901240479394
23.63,0.0015439977346910164
23.64,-0.009125218553821052
23.650000000000002,-0.007539934097525087
23.66,0.0011728479290085067
23.67,-0.003136652936546835
23.68,0.00458346975098896
23.69,0.0030458329718387935
23.7,0.006912087259798137
23.71,0.0038498565333845054
23.72,-0.0014013784521970368
23.73,0.003459332447888647
23.740000000000002,-0.0044923765148916295
23.75,-0.0038737300244357465
23.76,0.005779703198415866
23.77,-0.001071609671968357
23.78,0.00596760681036705
23.79,0.006448447473365567
23.8,0.0071512467532256745
23.81,0.008332704716824147
23.82,-0.001380295589734076
23.830000000000002,-0.0036226636335772236
23.84,0.0016439749318822774
23.85,-0.0025765515312474487
23.86,0.002021483336004659
23.87,0.004111717252876493
23.88,0.003768100369842738
23.89,-0.0025089422595975727
23.900000000000002,-0.006662795966024943
23.91,-0.0013894132307558493
23.92,-0.007148117118361825
23.93,0.007801940703676168
23.94,-0.003082450785242852
23.95,-0.006910805055533525
23.96,-0.009491044801884983
23.97,0.0029164477257296855
23.98,0.002738046349094865
23.990000000000002,-0.0031879166683741666
24.0,-0.00856576222304698
24.01,-0.0018074221020953594
24.02,-0.0037756500987321286
24.03,0.0035424127947001876
24.04,0.002115584989053808
24.05,-0.0027081254360492007
24.060000000000002,-0.005642148914900198
24.07,0.009760719323111839
24.080000000000002,-0.0009199675760777019
24.09,0.0037654847156047416
24.1,-0.0071889406484327845
24.11,-0.00028820600681204317
24.12,-0.00944926560261069
24.13,0.00010910235820899873
24.14,0.009280348142354048
24.150000000000002,-0.002315865740283996
24.16,-0.009220079748501768
24.17,-0.00938088418161313
24.18,-0.00224026480106261
24.19,-0.006799501270736119
24.2,-0.009532958073436282
24.21,0.0051242722790035364
24.22,-0.000829539822362186
24.23,-0.00421510456054691
24.240000000000002,0.008001663660329615
24.25,-0.007677220795989488
24.26,0.009118376579106384
24.27,-0.003720665652452944
24.28,0.007768073446173624
24.29,0.002058857529589231
24.3,0.006534147194829748
24.310000000000002,0.009680263264209286
24.32,-0.004231891243625086
24.330000000000002,0.009222709708151861
24.34,-0.0022103621019515926
24.35,-0.0022897619052615536
24.36,-0.003192257914909886
24.37,0.0008281521469517047
24.38,-0.006917099136430258
24.39,0.001074229707160224
24.400000000000002,0.0008340962482000797
24.41,0.0052380362520974
24.42,0.00667299923875171
24.43,-0.0011911729937515193
24.44,-0.0039533350129701255
24.45,-0.00481330205365811
24.46,-0.006107523265902561
24.47,-0.008847048356019502
24.48,-0.0031510404233057333
24.490000000000002,-0.004595046157384335
24.5,0.009328347717328147
24.51,0.0011541765250008777
24.52,-0.003054459219389849
24.53,0.0016093520198739199
24.54,-0.00721606597308609
24.55,-0.0011191250159559418
24.560000000000002,0.0025246864284212776
24.57,-0.00022204336415097142
24.580000000000002,-0.0019644239869135143
24.59,0.009876967777993963
24.6,0.007606295242978541
24.61,0.0024681191631888023
24.62,0.0013875472236456552
24.63,0.002413209596491682
24.64,-0.005973757843551335
24.650000000000002,-0.0020972451347136285
24.66,-0.009210809342182014
24.67,-0.0004890792502634661
24.68,0.0008604916791532628
24.69,-0.005445005277935808
24.7,0.009280576943310274
24.71,0.008189092218744842
24.72,0.004442864709118118
24.73,0.0006677325753072522
24.740000000000002,0.007399383192953699
24.75,-0.007386953123530742
24.76,0.005810195885497698
24.77,-0.007503583720663034
24.78,0.00588421325098811
24.79,-0.004484648634972861
24.8,0.007541811620363778
24.810000000000002,0.008880841876507955
24.82,-0.007024080611897687
24.830000000000002,-0.0007464878986921299
24.84,0.009619747563253704
24.85,-0.00033185128053706686
24.86,0.007270950450290902
24.87,0.0017746304426263966
24.88,-0.002493401841607963
24.89,-0.004284328889482596
24.900000000000002,-0.005935538178278255
24.91,0.005235963827553945
24.92,-0.0022691898635394427
24.93,0.0002255092440150222
24.94,-0.00015349039997636198
24.95,0.0015455805846626251
24.96,0.0073115429124910435
24.97,0.00961478687166859
24.98,-0.0018483158285236608
24.990000000000002,0.006550378442126062
25.0,0.0052905558930943525
25.01,0.0014705790291114646
25.02,0.009120942872238661
25.03,-0.0059905096894319445
25.04,-0.007814715793807572
25.05,0.007079239339108442
25.060000000000002,-0.0012170036673250333
25.07,0.00693937708414121
25.080000000000002,0.0078618041039083
25.09,-0.00875084812761857
25.1,0.007669295259721215
25.11,-0.0010336188926115559
25.12,0.00020864978008464444
25.13,0.0025318502218642045
25.14,0.008527652134601734
25.150000000000002,-0.00961767811140472
25.16,-0.0004631306336436575
25.17,0.003754440848611214
25.18,0.00445413915396457
25.19,0.00385064863074216
25.2,-0.007311297411837564
25.21,-0.0040120882325663755
25.22,-0.0028256894916597313
25.23,0.006088744153590101
25.240000000000002,-0.00442480255170894
25.25,-0.005785900722655937
25.26,0.009148960380761925
25.27,-0.009822734297730623
25.28,0.009956417113639563
25.29,0.0035364259771479122
25.3,0.006569385988982343
25.310000000000002,-0.004107612073076137
25.32,-0.0097136944466588
25.330000000000002,0.0047573903712306
25.34,0.0066828919400135165
25.35,0.0048095226390703835
25.36,-0.007142994253983228
25.37,0.005068558445139381
25.38,0.0053784556421528195
25.39,0.003170810313401098
25.400000000000002,0.005322318655911724
25.41,0.006918428793554645
25.42,0.0022720822847491686
25.43,-0.008227905720606419
25.44,-0.00024744380665578207
25.45,-0.0084470133065679
25.46,-0.0018491393793513833
25.47,-0.0018578702174874475
25.48,-0.008679803117195168
25.490000000000002,-0.0030235893206104134
25.5,-0.007780038024173703
25.51,0.006164704200184444
25.52,0.008953760519289417
25.53,-0.008553670494841228
25.54,0.00910230414583403
25.55,0.00045153198673490366
25.560000000000002,-0.0040086864409225225
25.57,-0.00846275849447673
25.580000000000002,1.2485361408355947e-05
25.59,0.005890310889814973
25.6,0.004141729545333964
25.61,-0.008995479770720525
25.62,-0.00854196329264193
25.63,-0.0019425343473472578
25.64,-0.004094190119041135
25.650000000000002,-0.005352313538879043
25.66,-0.004379910021825729
25.67,0.006069654865937692
25.68,0.00858456107263708
25.69,-0.0018979461094486717
25.7,0.00812222004264994
25.71,-0.003570085975042361
25.72,-0.0004712602731241685
25.73,-0.005479420043680005
25.740000000000002,0.002809520843516879
25.75,0.009579622303496177
25.76,0.0020698619208675724
25.77,-0.002843718317729023
25.78,0.0029563489198105673
25.79,-0.007541586430692249
25.8,0.007773181605307973
25.810000000000002,6.167901559672728e-05
25.82,-0.0010130051592071587
25.830000000000002,0.0017172957690703844
25.84,0.0024956772557880487
25.85,-0.00856448387546974
25.86,0.0036523444244680476
25.87,-0.005161366393689408
25.88,0.004279052650131796
25.89,0.006450695887683934
25.900000000000002,0.006079170151050405
25.91,0.0010500193481577831
25.92,0.0004033978462150232
25.93,-0.007142480773211766
25.94,0.005506923008062712
25.95,-0.0045718123910657125
25.96,-6.609154364106869e-05
25.97,-0.004314518141449666
25.98,-0.0073234327400061375
25.990000000000002,0.0025911539378347323
26.0,-0.008913359303541923
26.01,0.004972904682523999
26.02,-0.0036482640947776666
26.03,-0.009997306139910294
26.04,0.00022258278474459638
26.05,-0.009062961829447937
26.060000000000002,-0.004476608843582011
26.07,0.004139529749114324
26.080000000000002,-0.008746207567562683
26.09,0.0067867698471200475
26.1,-0.009923601546828338
26.11,-0.005063522615961955
26.12,0.00481808112304143
26.13,-0.0036745970054138646
26.14,-0.007962152238679729
26.150000000000002,-0.0027953216239914426
26.16,-0.0045921342723094895
26.17,0.006854238043211098
26.18,-0.0037330416482971376
26.19,0.005778649435520146
26.2,0.007837442896214694
26.21,-0.0013236516084694089
26.22,0.00819886287708784
26.23,-0.002453638920736143
26.240000000000002,0.009281568329802163
26.25,-0.008214209509488542
26.26,0.0037403853300648545
26.27,-0.00012371919086142692
26.28,-0.0022470238908870585
26.29,0.002654237574972018
26.3,0.004077141832686624
26.310000000000002,-0.00991273460699382
26.32,-0.006660938225056026
26.330000000000002,0.004260921012686374
26.34,0.0033277082715641292
26.35,0.009320950102573543
26.36,0.005220755805015661
26.37,0.00901545415462676
26.38,0.0040508100306961385
26.39,-0.004038955827211137
26.400000000000002,-0.00789270155498287
26.41,0.005636477266898711
26.42,0.0028829844295183184
26.43,-0.009036279752134075
26.44,-0.0027989906819804334
26.45,0.009135996309685724
26.46,8.022914204024872e-06
26.47,-0.0013454172796059077
26.48,-0.0008460078968141205
26.490000000000002,-0.005822345519896726
26.5,-0.002625856582704096
26.51,-0.0026037348802564675
26.52,-0.008952899596250553
26.53,0.005351352570358365
26.54,-0.0016699113619224205
26.55,0.0064435977363284675
26.560000000000002,0.007006960022397908
26.57,-0.0057601189060268385
26.580000000000002,0.0031470696434025714
26.59,-0.0005543639167403663
26.6,0.0076031347584297
26.61,-0.005685186416470918
26.62,0.0035562640062008852
26.63,0.002155042445054451
26.64,-0.004093970448563344
26.650000000000002,-0.007267981926976547
26.66,0.0030327952095455316
26.67,0.004771949162646614
26.68,-0.0036874531247330002
26.69,0.002896652080446276
26.7,-0.0020973818477699347
26.71,0.004264137665652354
26.72,-0.006015694502118938
26.73,0.007804300052723487
26.740000000000002,-0.004251808070688406
26.75,-0.0026442802448769422
26.76,-0.008838160958393005
26.77,-0.007769755753574472
26.78,0.00031723805424656304
26.79,-0.00464814646544057
26.8,0.006709604514843889
26.810000000000002,-0.009706132226900923
26.82,-0.0024181190265612764
26.830000000000002,-0.0032530890646181466
26.84,-0.00961344738164798
26.85,-0.007512632019989796
26.86,-0.001727146501627294
26.87,-0.00014270831105106692
26.88,-0.0019142050549026176
26.89,0.0006187535682418768
26.900000000000002,0.001902633498113631
26.91,-0.009801523577443287
26.92,-0.0007180968109299218
26.93,0.009269984817751766
26.94,0.0003806456025909743
26.95,0.0035508453491790645
26.96,-0.0037627228416623358
26.97,0.005479827563055251
26.98,0.005458429637522301
26.990000000000002,0.00042592095308277914
27.0,0.009520276465584272
27.01,-0.007488995704746933
27.02,-0.00966104670220838
27.03,0.00540316423514192
27.04,0.006143110747297649
27.05,-0.007595855417588475
27.060000000000002,-0.004688343340827878
27.07,-0.009648952732667422
27.080000000000002,-0.004133827784388706
27.09,0.005462837478373431
27.1,0.0003592105542515791
27.11,-0.003038088136634238
27.12,-0.002565214101873394
27.13,-0.009972927485690637
27.14,-0.004003989448695282
27.150000000000002,0.00292917483275861
27.16,0.009483888876327144
27.17,0.006941216539677992
27.18,-0.009528100707089418
27.19,0.007971212093496787
27.2,0.0056639682659725184
27.21,0.005607522471419608
27.22,-0.0008400848199285708
27.23,-0.002039894140909944
27.240000000000002,-0.003941685423336148
27.25,-0.008686102820912684
27.26,-0.005435292730126018
27.27,-0.005067927300439507
27.28,-0.00031845860579596784
27.29,0.004948888131933879
27.3,-0.0005238034320410676
27.310000000000002,-0.008843111011056788
27.32,0.009155796019764078
27.330000000000002,0.008854486381882245
27.34,0.005703790862968168
27.35,0.00982655803128441
27.36,0.0008896466560052579
27.37,0.009255367005064121
27.38,-0.008487899187664984
27.39,-0.002686385034772574
27.400000000000002,-0.005492374639864683
27.41,-0.0060833383173146
27.42,-0.007183941022146478
27.43,0.0024482728313199326
27.44,0.005626437114946101
27.45,0.0015659679884072134
27.46,-0.007060745808235807
27.47,0.006222475398669417
27.48,0.0027190941432745693
27.490000000000002,-0.0022366858774600894
27.5,0.0034826059107212586
27.51,-0.004801900415143343
27.52,-0.00309615583011579
27.53,0.008349716862639805
27.54,-0.0041899098865715925
27.55,-0.0006002346368412688
27.560000000000002,0.007802822747920294
27.57,0.00415442700535055
27.580000000000002,-0.008755935476705945
27.59,-0.007053939114420593
27.6,-0.009843168184561664
27.61,0.0026184358045832686
27.62,-0.0010465314917916333
27.63,-0.00731450298195449
27.64,0.00915868242113541
27.650000000000002,0.0005931944789123976
27.66,-0.005162134117742217
27.67,1.2071423094150643e-05
27.68,0.0035924066547021564
27.69,-0.008475215640528711
27.7,-0.00450592369904216
27.71,0.0061393098176798725
27.72,-0.0008067025919467757
27.73,0.0009315428406458989
27.740000000000002,-0.001343679955810615
27.75,-0.009122001147139899
27.76,-0.006685004403596881
27.77,-0.0010891672251621826
27.78,-0.0058162906918414435
27.79,-0.009000419426806426
27.8,0.0068729932810364745
27.810000000000002,0.009623850583282316
27.82,0.005862857479934787
27.830000000000002,0.007075698434093341
27.84,-0.0051604573936590925
27.85,0.009212539510263995
27.86,-0.006061485910931433
27.87,0.009028596207236646
27.88,0.00989638587931902
27.89,0.004234456114920975
27.900000000000002,0.009622874635836437
27.91,0.0013907955913420728
27.92,-0.004809164336478194
27.93,-0.0012600822866875826
27.94,0.0018712187075757194
27.95,-0.008538368759459701
27.96,0.002446865292344922
27.97,0.009623556735245892
27.98,-0.006197847004325447
27.990000000000002,0.005851902325767667
28.0,0.008157975875592386
28.01,0.008874031856404415
28.02,0.009202712088108944
28.03,0.0004291927744294391
28.04,0.009546158159830074
28.05,0.005146204142688777
28.060000000000002,-0.006766571275260763
28.07,-0.0004619978706406
28.080000000000002,0.00436662350744008
28.09,-0.005053193683618333
28.1,0.0028123036709777477
28.11,0.003332009580932384
28.12,-0.006746005123828683
28.13,0.0013017062490551252
28.14,0.0054325382195721545
28.150000000000002,-2.208670928116087e-05
28.16,-0.009757937664477852
28.17,-0.009819230618414157
28.18,-0.0028594131205997566
28.19,0.008523881368635638
28.2,-0.005426464407927825
28.21,0.002687273777433743
28.22,-0.005558482586133589
28.23,-0.003566600206809028
28.240000000000002,0.0069608417920296786
28.25,0.0045772288453989375
28.26,-0.008092014453735788
28.27,-0.0014259595802713285
28.28,-0.009416604727094711
28.29,-0.0003821970679398195
28.3,0.0032486802340213616
28.310000000000002,-0.007629947528036969
28.32,-0.004222301221816687
28.330000000000002,-0.002043267489956861
28.34,0.008390620493120995
28.35,0.009865100308459279
28.36,-0.009101774020087683
28.37,0.005220158469907841
28.38,-0.0025655186719531356
28.39,-0.002150836275410399
28.400000000000002,0.005085299466940455
28.41,0.008368528642908173
28.42,0.009018571890050968
28.43,0.0015424517207664155
28.44,-0.0028575768139899437
28.45,0.005750981717175587
28.46,-0.0049799723347539945
28.47,0.0012814805766703553
28.48,-0.002828430769502537
28.490000000000002,0.0031326214741575226
28.5,-0.005192021742129862
28.51,-0.006168141085303485
28.52,0.008364781733508743
28.53,-0.007963926341009262
28.54,0.00011915815469863353
28.55,-0.005582944340739822
28.560000000000002,-0.009221400733486651
28.57,-0.009279623634171473
28.580000000000002,-0.0064955645578834535
28.59,0.007335407090120006
28.6,-0.004350425120459467
28.61,0.009009183411505915
28.62,0.0016324458597838706
28.63,-0.0012677162046246786
28.64,0.0016017766933890919
28.650000000000002,0.0003339677045253557
28.66,0.005175525075146504
28.67,-0.004350078680542955
28.68,-0.0029389921679939526
28.69,0.007881886050665013
28.7,0.00892913026300811
28.71,0.00785116454972949
28.72,-0.0016110401208537291
28.73,0.0056073100601376335
28.740000000000002,-0.00047328533397802443
28.75,-4.9202957077956744e-05
28.76,-0.005906397818854321
28.77,0.0018226060651703284
28.78,-0.006277282044933042
28.79,-0.0033687060186561243
28.8,0.0071006040323987035
28.810000000000002,-0.0058584838157828955
28.82,-0.008576834296531343
28.830000000000002,-0.008619848147743674
28.84,0.008815690410062157
28.85,0.0001384087592366922
28.86,-0.001811758563659633
28.87,0.006217571620158369
28.88,0.006716518558210321
28.89,-0.003356179337687908
28.900000000000002,0.003872361149475905
28.91,0.005422456317037732
28.92,0.00309301373731909
28.93,-0.006968098503998012
28.94,0.00751766167034114
28.95,0.0007818910547201744
28.96,-0.0043505514725999265
28.97,-0.001495436291246122
28.98,-0.009248578192021852
28.990000000000002,-0.0074426639755516485
29.0,0.005310935010317217
29.01,-0.009999767304892677
29.02,-0.0016686834303541558
29.03,0.0004502036217117686
29.04,-0.008907311599980554
29.05,0.009461563259446656
29.060000000000002,-0.005477493375006561
29.07,-0.003916025607274383
29.080000000000002,-0.003921149754899453
29.09,-0.005391666757653002
29.1,-0.009970523558273771
29.11,0.004586895881759928
29.12,0.009336909995985706
29.13,-0.005514130334299099
29.14,0.0032609438360684476
29.150000000000002,0.004837926539174302
29.16,0.006968507581810496
29.17,-0.0015474160597278176
29.18,-0.003941381887191416
29.19,-0.0034940973195393774
29.2,0.0042524266619702565
29.21,0.006335589330112719
29.22,-0.0063677206448679476
29.23,-0.0025811798368446963
29.240000000000002,0.008038803934983
29.25,0.006133870393894786
29.26,0.009697168055249518
29.27,0.005084965193641615
29.28,-0.002136095979441555
29.29,0.0018127566798927554
29.3,0.0032202850849464056
29.310000000000002,-0.00843088367365752
29.32,0.0008899391820773022
29.330000000000002,0.004186416569452192
29.34,-0.006653573919978792
29.35,0.005612634348511144
29.36,0.001675455610282232
29.37,0.009044435713951892
29.38,-0.009151554035862167
29.39,-0.00469347724889066
29.400000000000002,0.0020310775859964814
29.41,-0.0040688017558813865
29.42,0.004288483281424844
29.43,0.0051801056504386205
29.44,-0.007949680718670511
29.45,0.00027708928413535533
29.46,0.00017781111182111828
29.47,-0.0026143845956891785
29.48,0.008658497251393444
29.490000000000002,0.006550126397464424
29.5,0.003944187638192735
29.51,0.004286532714699951
29.52,-0.0007656771237376184
29.53,0.008419890421931519
29.54,0.0038919085450657073
29.55,0.004579621233116329
29.560000000000002,0.0072338180757469065
29.57,-0.00451856821315618
29.580000000000002,0.00614141807733406
29.59,-0.00609518794087016
29.6,-0.003093160955102243
29.61,-0.0032877909146031463
29.62,0.00957050936778281
29.63,0.007130744474958537
29.64,0.004023397231805195
29.650000000000002,0.004541135232307803
29.66,0.0012414558880514213
29.67,0.00894181334217038
29.68,-7.482494235276985e-05
29.69,-0.00238964580260211
29.7,-0.00673929326136818
29.71,0.005724113045221161
29.72,0.0046888786415118285
29.73,-0.002312899229517302
29.740000000000002,-0.009496131720815412
29.75,0.006779946554360214
29.76,-0.009771640330918527
29.77,0.004073995592581019
29.78,0.009405142194521142
29.79,-0.0012467734370359314
29.8,-0.0053005319000809445
29.810000000000002,0.004097420200867634
29.82,0.006342562840311703
29.830000000000002,0.0009286063215569462
29.84,0.009340705505122926
29.85,-0.008966625566840778
29.86,9.591196609056232e-05
29.87,0.004369078946451001
29.88,0.007252809422983579
29.89,-0.006414887761844199
29.900000000000002,0.006000069635273627
29.91,0.001054141514370905
29.92,-0.002068926360200736
29.93,-0.007365699428418129
29.94,0.007305915178178248
29.95,-0.006854535836405693
29.96,-0.003804242815818015
29.97,-0.004199089360751263
29.98,0.007428280683817087
29.990000000000002,0.0034540598841779607
30.0,0.005933627943827445
30.01,-0.0049906420241500205
30.02,0.002497481992139979
30.03,0.0014349196628749734
30.04,0.006656607535765422
30.05,0.00812174120962521
30.060000000000002,-0.009756864570452264
30.07,0.003480398381175854
30.080000000000002,-0.008963284017605419
30.09,0.0009771733015471185
30.1,-0.004247345419126436
30.11,-0.0038644680095571756
30.12,-0.0029408299309528685
30.13,0.002425848980992202
30.14,-0.0033190006866246156
30.150000000000002,0.004653981011805608
30.16,-0.0019094522885226058
30.17,-0.008632935993800828
30.18,0.005675196849682146
30.19,-0.0042848335081458805
30.2,-0.001344662408014747
30.21,0.00370887766443803
30.22,-0.0033508768570257594
30.23,-0.008868286877065687
30.240000000000002,-0.0025215790597437285
30.25,0.008888971653886068
30.26,0.002834687945971163
30.27,0.0034295829733441384
30.28,0.0026456430727527964
30.29,-0.006020157220811264
30.3,-0.0016333227179543969
30.310000000000002,0.0050187959672663655
30.32,-0.007972542048936817
30.330000000000002,-0.004442944478205755
30.34,-0.004473617830682928
30.35,-0.001359621448109881
30.36,0.009607374818843701
30.37,-0.008649949066323562
30.38,0.0003740198876119004
30.39,-0.006412706359755791
30.400000000000002,0.009413530908194882
30.41,-0.007733929905450717
30.42,-0.001927979952768175
30.43,0.004757699696692123
30.44,0.004091088560548906
30.45,-0.0015454272621213544
30.46,-0.0030695166409456355
30.47,-0.002047752428942588
30.48,-0.0047144747368272144
30.490000000000002,-0.0058933412258640044
30.5,-0.00033920604882219964
30.51,-0.004629324878647854
30.52,-0.004250766702054998
30.53,0.0031351212694911406
30.54,0.009370746633997845
30.55,0.002072744011187502
30.560000000000002,-0.008460410658700675
30.57,-0.008488327722918661
30.580000000000002,0.00902846441691132
30.59,-0.004054184193853327
30.6,-0.008158660278350492
30.61,0.0019808917430076314
30.62,0.0024729755658053215
30.63,0.002970096402373763
30.64,-0.004651959442849174
30.650000000000002,-0.0096977863157105
30.66,0.009300307389089437
30.67,-0.00498213908617795
30.68,0.0035205257610509497
30.69,0.004132597397574192
30.7,0.002200148341589714
30.71,-0.003741852115727036
30.72,-0.004578074924718685
30.73,0.001953365654054063
30.740000000000002,0.007321912672233829
30.75,0.00893467457846791
30.76,-0.007881883911924847
30.77,-0.006903427748045603
30.78,0.008894725175661594
30.79,0.004730704566695852
30.8,0.00765987649659546
30.810000000000002,-0.005947347317293137
30.82,0.0017517174221880379
30.830000000000002,0.004022791888349473
30.84,0.0036022377089394535
30.85,-0.0018369661826660375
30.86,-0.009692102166173831
30.87,0.0016585211360852625
30.88,-0.004937969216407825
30.89,-0.0009949150771421927
30.900000000000002,0.009151620301676348
30.91,-0.002019293647151305
30.92,0.006796032133288535
30.93,-0.006229187885014977
30.94,0.0034492099605005766
30.95,0.009540139088778871
30.96,-0.007962137982541265
30.970000000000002,-0.00983360115545616
30.98,-0.0013283441473477126
30.990000000000002,-0.008147490338972656
31.0,0.004967686993524628
31.01,0.00829097327697118
31.02,-0.0013195805458248236
31.03,-0.004825767156891181
31.04,-0.0013119336198678042
31.05,0.0044689563570000194
31.060000000000002,-0.009818916768392581
31.07,0.001789079789693943
31.080000000000002,0.002265833697747582
31.09,0.0027537649379187103
31.1,-0.005159558400382456
31.11,0.004281054467562535
31.12,-0.008172170273364473
31.13,-0.006014593270663984
31.14,0.00754940093308964
31.150000000000002,0.004774463014531327
31.16,-0.009725088919773096
31.17,-0.005032474792603996
31.18,-0.005711870340136709
31.19,-0.0045838734392605485
31.2,-0.005048804594402272
31.21,-0.008749474085143085
31.220000000000002,-0.000821189668063594
31.23,0.004654669495723303
31.240000000000002,0.0021346344943487285
31.25,0.0034574333719615963
31.26,-0.008377016429275217
31.27,0.009029814203535746
31.28,0.006769836676860498
31.29,0.006101806369913256
31.3,0.00645967610083535
31.310000000000002,0.008654210162655227
31.32,0.0008850793222739545
31.330000000000002,-0.005994359642647482
31.34,0.0023356721570508224
31.35,0.00485762987335878
31.36,0.004758347867080508
31.37,0.0004289804833376015
31.38,-0.008630825613328438
31.39,-0.0025777412313974435
31.400000000000002,0.008415332169267148
31.41,0.0016889781951485213
31.42,0.0007666388651142685
31.43,-0.004622929712356129
31.44,-0.0026310216016684216
31.45,0.007906921783063384
31.46,0.003329260950536714
31.470000000000002,0.005747740535046656
31.48,-0.0009130915386468975
31.490000000000002,0.0026049443891231587
31.5,-0.00503232782513585
31.51,0.004109216605669725
31.52,-0.0014479733259332543
31.53,-0.001149089703705088
31.54,0.0029864464915376338
31.55,0.008725612429378532
31.560000000000002,-0.008719873067827582
31.57,0.006494864746940153
31.580000000000002,-0.004152337791756138
31.59,-0.0011216109098724433
31.6,-0.009561733424499822
31.61,-0.0039790784433137395
31.62,5.262485260260942e-05
31.63,-0.00887647845305122
31.64,-0.00017808541233669747
31.650000000000002,0.008542212577168548
31.66,-0.007892135637843896
31.67,0.005288814561510088
31.68,-0.0018065789324801466
31.69,0.0031034742904867615
31.7,-0.004795268040295413
31.71,-0.006810154749172835
31.720000000000002,-0.0067907477145754715
31.73,-0.008590161087137107
31.740000000000002,-0.00628706590197514
31.75,0.003284387699779366
31.76,0.007633812236870161
31.77,0.0062825137118232375
31.78,0.0037026861974896828
31.79,-0.007791362731777947
31.8,-0.004216251074081003
31.810000000000002,-0.0038038624935506204
31.82,-0.005000861072047576
31.830000000000002,0.000300113194194462
31.84,0.0007110762975934513
31.85,-0.0028622804965777963
31.86,-0.0029242168252712796
31.87,0.0065711119581216264
31.88,0.005785856966393712
31.89,-0.003844083366385087
31.900000000000002,0.008275768877465185
31.91,0.009056300340050122
31.92,-0.003465149159399184
31.93,-0.002911501024138903
31.94,0.00011268306843917678
31.95,0.00882241625067347
31.96,0.0075263886628462295
31.970000000000002,-0.007948640748328205
31.98,-0.0021453851345716764
31.990000000000002,0.0010674237949954372
32.0,6.264945103080094e-05
32.01,-0.006122738641262147
32.02,0.007176335423363095
32.03,0.0035388156599367466
32.04,0.006758167497036073
32.05,0.007175285586989445
32.06,0.004967117073314795
32.07,-0.0012157879750056538
32.08,0.0022109351003084914
32.09,-0.006792691877605137
32.1,0.0034729083494981546
32.11,-0.006414934885214385
32.12,0.0038789918102031355
32.13,-0.0054080367849206265
32.14,-0.0076489739969956005
32.15,-0.006694310197140852
32.160000000000004,-0.009960157295618595
32.17,0.004374792357070605
32.18,0.004648020981167582
32.19,0.0002986669982651888
32.2,-0.006772743978892326
32.21,-0.008328913249786206
32.22,-0.00961742067125426
32.230000000000004,-0.006685036460695586
32.24,0.007817110699662936
32.25,-0.005169263165966365
32.26,-0.002914573455655687
32.27,-0.007893090310373337
32.28,-0.005552773905036595
32.29,0.0003844914156041022
32.3,0.002155053661913051
32.31,-0.0050929537166757785
32.32,-0.008845356815497656
32.33,-0.002179342617452028
32.34,-0.005315932581473317
32.35,-0.005608921535403961
32.36,0.009197256054269106
32.37,0.002326009718514481
32.38,0.0011375688634419172
32.39,-0.0016844979295335613
32.4,-0.0014211133313971145
32.410000000000004,0.0008181000767616166
32.42,0.003928596140722145
32.43,0.004042921923636589
32.44,-0.006566121845891009
32.45,2.2550415325391787e-06
32.46,-0.0017608380993179608
32.47,0.0074105393253876845
32.480000000000004,0.002628378424367528
32.49,0.0006500813283196356
32.5,-0.007692107156421653
32.51,0.002112757786468229
32.52,-0.007655921886395332
32.53,-0.003255868488684959
32.54,-0.007143160703713363
32.55,0.0038414729404873775
32.56,-0.005874957723276948
32.57,-0.00216281253623948
32.58,0.007913495552375574
32.59,-0.005913672332020594
32.6,0.00015610127917558246
32.61,-0.0016145667766795605
32.62,-0.009637519179085405
32.63,0.005855162271456256
32.64,-0.008619081873708006
32.65,-0.0005148995804609285
32.660000000000004,0.001213565898778999
32.67,0.0025685291322917417
32.68,0.003772632586157511
32.69,-0.004934552329545698
32.7,-0.009800424466831013
32.71,0.004468873247098239
32.72,0.0007131319869515713
32.730000000000004,0.006722354064144976
32.74,0.006427767258013887
32.75,0.006866523355757664
32.76,-0.0002981068004091966
32.77,-0.0033274320832626866
32.78,0.0058311640518274015
32.79,-0.0009741177394149009
32.8,-0.00633115607193131
32.81,0.007099480391229486
32.82,0.007651197535446944
32.83,-0.0006738048771965984
32.84,-0.00848600545380425
32.85,-0.0022434782016613752
32.86,0.006070753189252069
32.87,0.008035480570924574
32.88,-0.005930545150048083
32.89,-0.008660527759494569
32.9,0.007547009062656774
32.910000000000004,-0.002211901220422494
32.92,0.0008352192853512651
32.93,0.00936131624101518
32.94,-0.008668705441715543
32.95,0.002966360149041912
32.96,-0.00851789154850266
32.97,-0.002490621430669993
32.980000000000004,0.006076290903868934
32.99,-0.001330555344887312
33.0,0.009943647078059009
33.01,0.0011811856989320437
33.02,-0.0035767569472809303
33.03,-0.005597773481904937
33.04,-0.0029895893142767634
33.05,-0.002549334524808984
33.06,-0.00862572644552078
33.07,-0.0026085160114645367
33.08,-0.0007152296052155022
33.09,0.004454755044776094
33.1,0.0031345896944321595
33.11,0.004175313104583085
33.12,-0.009832726362462858
33.13,-0.005646652008389279
33.14,0.0032336857679971295
33.15,-0.0003202126364050574
33.160000000000004,-0.009893730486633081
33.17,0.006089892848636447
33.18,0.005456191465806748
33.19,0.0009683832598712527
33.2,-0.008670733484474558
33.21,0.005330300990651692
33.22,0.0016742717546272788
33.230000000000004,0.0056391995431591836
33.24,0.005034939847916808
33.25,0.006060041439156743
33.26,0.0003601613280924971
33.27,-0.0071935096361297
33.28,0.003423149467593773
33.29,0.0024094757010394117
33.3,0.004845063743981743
33.31,-0.0066023798789852945
33.32,-0.006100496001994216
33.33,0.007808190344386569
33.34,0.004999555969041416
33.35,0.008164569774006458
33.36,0.005174306423278414
33.37,0.0019431061198060366
33.38,0.0030826547405574736
33.39,0.007782558478800198
33.4,0.0015761350902388106
33.410000000000004,0.0026478264865677486
33.42,-0.006870465679927988
33.43,-0.0005215755976779451
33.44,0.00432794223916198
33.45,-0.004581146033672692
33.46,-0.005954916389509302
33.47,-0.003723463835511689
33.480000000000004,-0.0051699874401433315
33.49,-0.005701747259272083
33.5,-0.0015029831426382617
33.51,0.00815677027767068
33.52,0.0001411929347743656
33.53,-0.006241592383693539
33.54,-0.008460566612382519
33.55,0.0039231229027585045
33.56,-0.0023440247112722435
33.57,0.006436618931707187
33.58,0.0031902153728154033
33.59,0.0059248290108273715
33.6,-0.004561079211631025
33.61,0.0038471784492211617
33.62,-0.004718760306125625
33.63,0.008781369589005833
33.64,0.002727485630667487
33.65,-0.003509763996493158
33.660000000000004,-0.004609762754154547
33.67,-0.00618146829856713
33.68,0.003892819177874556
33.69,-0.005625687740041454
33.7,0.0019060653185497805
33.71,-0.004707299461492853
33.72,0.0032393788958773716
33.730000000000004,0.006298794570810786
33.74,0.005560504862893063
33.75,0.005217026618615634
33.76,-0.006245551886154959
33.77,-0.008232301060309626
33.78,0.003978976569747711
33.79,-0.002633055724112974
33.8,-0.0013530754719330539
33.81,-0.00937701814413218
33.82,-0.0048084710144990165
33.83,-0.00932647192251072
33.84,0.007583715452024952
33.85,-0.005132066335629391
33.86,0.0011467433914601616
33.87,-0.009220413586777393
33.88,0.003336947826113162
33.89,-0.0035394530849181226
33.9,0.007958383739153316
33.910000000000004,0.007762363778680717
33.92,-0.0034941876327650445
33.93,0.008019217913809358
33.94,0.009923153469975578
33.95,0.00650831328247896
33.96,0.006897426955104579
33.97,-0.005019825277818202
33.980000000000004,0.001534047977155126
33.99,-0.008654881720652643
34.0,-0.008101641263566606
34.01,0.00997785224066581
34.02,-0.0034672150114817817
34.03,0.004963678240976927
34.04,0.006133301060536328
34.05,0.007160465420144585
34.06,0.009952565948043132
34.07,-0.0051700702948626436
34.08,-0.009192983462806005
34.09,-0.00177616964010828
34.1,-0.007398386603421061
34.11,-0.009551482216758897
34.12,-0.0027914634571702783
34.13,0.005674765021504729
34.14,0.001323613824501418
34.15,-0.003744440215792919
34.160000000000004,0.0030868401098543934
34.17,-0.005359636393823786
34.18,-0.0097123710785583
34.19,0.0052870677287285475
34.2,0.0024748616972801816
34.21,0.0052460524900192
34.22,-0.009221239666246689
34.230000000000004,0.006742392556613045
34.24,0.0023905240007260666
34.25,0.0012679070142528025
34.26,0.002492280962290632
34.27,0.007288664937367283
34.28,0.0017387301311781404
34.29,0.0016190075977635873
34.300000000000004,0.009813583141315316
34.31,0.00513460334137136
34.32,-0.0011541238909772936
34.33,0.004147940000658554
34.34,-0.0022153905661642303
34.35,-0.005422490750330021
34.36,0.0019370375377551884
34.37,0.00856364196227903
34.38,0.008582790400309256
34.39,-0.003161894437890194
34.4,0.0005535493244339003
34.410000000000004,-0.005767282028602776
34.42,0.00991262218997767
34.43,0.009622358157358716
34.44,0.0029901785941489466
34.45,0.006088281193549467
34.46,0.004302003225674001
34.47,0.001863164380789364
34.480000000000004,-0.008933040060222046
34.49,-0.0009047131489467782
34.5,0.0034957260433482115
34.51,0.003550632277673693
34.52,-0.002537547631552328
34.53,0.00883383973316061
34.54,-0.00665285935526438
34.550000000000004,7.1889243112126244e-06
34.56,0.0038176795310164557
34.57,0.003942716117836184
34.58,0.002972779135376311
34.59,-0.0044942357309627964
34.6,-0.006875868626267561
34.61,0.002718806536534217
34.62,0.0019860423227887544
34.63,-0.006412879794215181
34.64,0.004102782911411267
34.65,-0.0008965601653268714
34.660000000000004,0.0033552118320630594
34.67,0.006747341595403014
34.68,-0.006605431428461537
34.69,-0.009617102640063267
34.7,0.005582051727915736
34.71,0.002193948503052318
34.72,0.0039927913924424335
34.730000000000004,0.006763099499772851
34.74,0.006056218696490008
34.75,0.009218402938576493
34.76,0.000718701577042364
34.77,-0.0002300873468018931
34.78,-0.0019622560021853985
34.79,-0.006926179143115909
34.800000000000004,0.001452144657640448
34.81,-0.004459749513480425
34.82,0.00842615024425951
34.83,0.0016638160855419522
34.84,0.0018568036101622026
34.85,-0.0029015067824598
34.86,-0.00896021296044585
34.87,-0.009365124692540227
34.88,-0.0015332971169360506
34.89,-0.008308692438055243
34.9,0.0021369391108027828
34.910000000000004,0.00761946011279315
34.92,0.007658296330374443
34.93,0.0031809082026446472
34.94,-0.00577536337054138
34.95,0.007259936627177442
34.96,0.007721868706264163
34.97,-0.006066928300940826
34.980000000000004,0.004748521715413545
34.99,-0.004269609021457541
35.0,0.0060528062470585915
35.01,0.009944757998072052
35.02,-0.009399479893412143
35.03,0.00794731731581864
35.04,0.0024526106719731603
35.050000000000004,0.009467652383296424
35.06,-0.000699809649471448
35.07,0.006947758611427475
35.08,-0.008752118628034456
35.09,-0.0032944189984340858
35.1,-0.0086596692449758
35.11,0.00950686266958141
35.12,0.006339478145436733
35.13,0.007050948424919412
35.14,0.008759304628677885
35.15,-0.008297930277604292
35.160000000000004,-0.0022880481497333325
35.17,-0.008579302219119957
35.18,-0.0057841379689994275
35.19,-0.005412684459246553
35.2,-0.000617855779048427
35.21,-0.0046287566509271485
35.22,-0.007980437863644779
35.230000000000004,-0.006650178218117846
35.24,-0.007054488728958181
35.25,0.009461535958245967
35.26,0.005185850138369473
35.27,0.009355229305391238
35.28,-0.0012051902698418295
35.29,-0.004432630366746868
35.300000000000004,0.005965863944183735
35.31,-0.0034749216391770643
35.32,-0.004012332525893034
35.33,-0.005349880155843376
35.34,-0.007406420435515293
35.35,-0.00487073877966468
35.36,-0.002893605030522246
35.37,0.003479884162914608
35.38,-0.008748703155610969
35.39,-0.005789861206693141
35.4,0.0061804728058335295
35.410000000000004,-0.007061561528324585
35.42,-0.003147097069549569
35.43,0.007293178437162802
35.44,-0.0069014937771311475
35.45,-0.008345263287636202
35.46,-0.00030924009839978367
35.47,-0.0039516097744292725
35.480000000000004,0.0012681672896770815
35.49,0.006076097809669502
35.5,-0.0072570302369451365
35.51,0.0016139816910856995
35.52,0.0001101752077972782
35.53,-0.007118424279736009
35.54,0.0024799697105796475
35.550000000000004,-0.004527191642784568
35.56,-0.00024331362911974956
35.57,-0.008354553514458763
35.58,-0.0008083188557275398
35.59,-0.0038707306391435933
35.6,0.006447624223707088
35.61,-0.008860425460052635
35.62,-0.0016278545016334012
35.63,-0.0008313715173712405
35.64,0.004500121525982375
35.65,0.0014857515018042201
35.660000000000004,0.0033442467438836217
35.67,0.005540985713035122
35.68,0.007244059473163774
35.69,-0.0037224900655505903
35.7,0.0007604541072780586
35.71,0.006802161568783998
35.72,0.009789022619301127
35.730000000000004,0.007790386220875264
35.74,-0.0025706547475124646
35.75,-0.006096669655626992
35.76,-0.00021214925186822595
35.77,0.004832829036720845
35.78,-0.00014861858493404878
35.79,-0.00033638273372662945
35.800000000000004,0.006764608421636011
35.81,-0.002771924418656273
35.82,0.0071958934962329125
35.83,-0.0018639039809655294
35.84,-0.0034353378864332117
35.85,-0.0009202017760060206
35.86,0.005248939173497369
35.87,-0.0074799594427201145
35.88,-0.006071615682559653
35.89,0.009028896513261839
35.9,-0.0064901674523728525
35.910000000000004,0.001354546358621091
35.92,0.0015862893332387572
35.93,-0.0002075107589951039
35.94,0.0028949049715363724
35.95,-0.0054034654840476315
35.96,0.0010532453555349638
35.97,-0.0025565348950620567
35.980000000000004,0.003233345192583781
35.99,-0.007175529132537011
36.0,0.0014175483367895245
36.01,-0.006294592892333526
36.02,-0.004427138737699272
36.03,-0.0056258039935283355
36.04,-0.006343244402623658
36.050000000000004,0.006514219031213341
36.06,-0.004285848646782193
36.07,0.008542475637288988
36.08,0.009398530506903818
36.09,0.001425209398741946
36.1,-0.007139977546685472
36.11,-0.002509035132408375
36.12,0.00595464526696428
36.13,-0.002652185426058591
36.14,-0.008259655633944225
36.15,0.0011356982185637583
36.160000000000004,0.006902417029920697
36.17,0.005918527742870048
36.18,-0.006497537197392935
36.19,0.0034552922882493346
36.2,-0.005589914731287058
36.21,-0.005635849308956556
36.22,0.007481435466103704
36.230000000000004,-0.005006620945195397
36.24,-0.004735053069639776
36.25,-0.009986932184774009
36.26,0.007413380682510353
36.27,0.005851896264182694
36.28,0.0025465787018135594
36.29,0.005005315278776845
36.300000000000004,-0.006959028651510164
36.31,-0.0008335281082484918
36.32,-0.0029756122530243826
36.33,-0.008124469474859671
36.34,-0.0002773902957015177
36.35,0.008414793006852708
36.36,-0.00919881761898611
36.37,-0.004170781730124123
36.38,-0.005849181275885931
36.39,-0.005237066926686074
36.4,0.008168691037587507
36.410000000000004,-0.0006386189153141982
36.42,-0.0006740117412036232
36.43,0.005211512849105647
36.44,-0.006910155919901484
36.45,-0.00025469291799898493
36.46,-0.0014002957175788047
36.47,0.0019382138109331221
36.480000000000004,0.009991154065008773
36.49,0.005388977881640942
36.5,-0.0020426859396514563
36.51,0.006551061045480941
36.52,-0.006585832733750397
36.53,-0.009390726273820798
36.54,-0.005911032550714539
36.550000000000004,-0.0031917688777148064
36.56,0.00021161514919119766
36.57,0.0023025828108239974
36.58,0.008212114344288436
36.59,0.00019708019100915346
36.6,2.551289251458838e-05
36.61,-0.008995139803540358
36.62,-0.009301768946875524
36.63,0.0010231992383274418
36.64,-0.001236427735033109
36.65,0.006783607899605972
36.660000000000004,-0.006786408305763096
36.67,-0.009500566757659009
36.68,-0.0010192246413974829
36.69,-0.0052504288649548505
36.7,-0.009007712533223251
36.71,0.004491965736952579
36.72,-0.00776814000085505
36.730000000000004,0.0021663900001554336
36.74,-0.004379004996662217
36.75,-0.006530078992899559
36.76,-0.0024049695416136505
36.77,0.006028915524459074
36.78,-0.0021581284619085466
36.79,0.005015392984221115
36.800000000000004,-0.007490274064016986
36.81,0.005455428393301582
36.82,-0.005261333501867027
36.83,0.0035478625977774566
36.84,0.0013156310968199265
36.85,0.008582894344233748
36.86,-0.0022535496404937193
36.87,-0.008676696223311192
36.88,-0.009616890288974942
36.89,0.006537171219455061
36.9,0.000494712753228644
36.910000000000004,0.0055048810366989855
36.92,-0.005311487999769706
36.93,-0.003098325089735326
36.94,-0.009397922555773621
36.95,0.009229846491482242
36.96,0.003357358134016268
36.97,0.008664101755186124
36.980000000000004,-0.004690071851418553
36.99,0.002229272224513216
37.0,0.003569999365852757
37.01,-0.003649005994848231
37.02,0.006962184700312601
37.03,0.008943229258004956
37.04,0.007697102353920087
37.050000000000004,0.004781339518787451
37.06,-0.00445070640550092
37.07,-0.004367679157887366
37.08,0.00926720640892076
37.09,-0.009794310081286159
37.1,0.004320999464842889
37.11,0.004124923251105243
37.12,0.0024537908189959483
37.13,0.009802176921737316
37.14,-0.003762411284725495
37.15,-0.0032005627241350363
37.160000000000004,-0.008421211941068889
37.17,-0.0011440372691252504
37.18,-0.004779029475303038
37.19,-0.0031322659564471155
37.2,0.006691435805112554
37.21,0.008709690270549913
37.22,-0.006285338559896287
37.230000000000004,-0.0025498213689306827
37.24,0.008572611242307881
37.25,-0.008763830786215548
37.26,-0.00815278943777243
37.27,-0.006744180215875413
37.28,0.0019042566825374953
37.29,-0.006990554579880051
37.300000000000004,0.00936152762901467
37.31,-0.0010657094548295939
37.32,3.035920700332831e-05
37.33,-0.0050668276838918705
37.34,-0.0005807949513053304
37.35,0.0032382726527402303
37.36,0.0050235427390808544
37.37,0.0050773616541982605
37.38,0.0015578222538817667
37.39,0.008087195499877143
37.4,0.0063481569461221864
37.410000000000004,0.0051409622939725085
37.42,-0.008887889566390788
37.43,-0.009862440755607015
37.44,-0.005751054456090541
37.45,0.0032704718782690465
37.46,-0.001776050222349083
37.47,-0.0019518748140137654
37.480000000000004,0.007691737764592274
37.49,0.007911256962636776
37.5,0.008183505281071713
37.51,-0.0037224384696994536
37.52,0.0038211162547852357
37.53,-0.0045673363745126075
37.54,-0.006187803338511004
37.550000000000004,-0.006307350853052616
37.56,-0.0031578475827281193
37.57,-0.0014008476044035656
37.58,0.006618983421101369
37.59,-0.007602178130545758
37.6,0.004698516947897883
37.61,0.0006290982837861073
37.62,-0.0042410931464801505
37.63,-0.00014360830934350734
37.64,-0.004001158604459547
37.65,0.0019216391047661204
37.660000000000004,-0.001323121542895116
37.67,-0.006711889418422426
37.68,-0.0076683385088860655
37.69,0.0009339136414426037
37.7,0.008048260665722068
37.71,-0.003120846268846289
37.72,0.004660002144452464
37.730000000000004,0.003173227098795339
37.74,0.008631098286189619
37.75,0.006419620345982818
37.76,0.00133210517810926
37.77,0.0031406099646821457
37.78,0.007967729331680698
37.79,-0.0020096243082613034
37.800000000000004,-0.0034641058828444524
37.81,-0.009783778327296074
37.82,0.006531021483829285
37.83,0.006019614008067298
37.84,-0.007910909637996972
37.85,0.0015371476226540056
37.86,-0.0007203660366622514
37.87,-0.007625818089817771
37.88,0.009611364541214472
37.89,-0.005706082250732891
37.9,-0.008655316398188777
37.910000000000004,0.0018969475900381914
37.92,0.004777333542660654
37.93,-0.00935113107905626
37.94,0.003174352774540444
37.95,0.0006458375190290886
37.96,-0.007934699822499032
37.97,-0.006549522461072758
37.980000000000004,0.0013594859463216102
37.99,-0.004072847729734232
38.0,0.008766314573026323
38.01,0.006374804589681015
38.02,0.009671344130273261
38.03,-0.00480658322099172
38.04,0.00939447265595954
38.050000000000004,-0.0013753226041688434
38.06,-0.003049624093724908
38.07,-0.008993009460612935
38.08,-0.008944694842807948
38.09,0.0038402251189330935
38.1,-0.0008414201113194422
38.11,-0.005469567479277886
38.12,0.0022794061265046534
38.13,-0.004942837634997777
38.14,0.0015526350868884514
38.15,-0.0028158250603461934
38.160000000000004,0.00647104453223638
38.17,0.006413923215335586
38.18,-0.00045299203755197297
38.19,-0.002983617813299688
38.2,-0.0027488040688181097
38.21,0.006114290513364358
38.22,-0.00343641034404776
38.230000000000004,-0.00581881252586308
38.24,-0.008306233162493864
38.25,-0.0006661375823118314
38.26,-0.0003573580216031623
38.27,0.006818174208058142
38.28,-0.005575226071078721
38.29,-0.0023801745266320016
38.300000000000004,0.006168114777873818
38.31,0.00647247221497947
38.32,-0.0023077784804246358
38.33,-0.0008175195342663821
38.34,-0.003934282183014341
38.35,0.008651097568386243
38.36,-0.007627124685168394
38.37,0.0086749884600294
38.38,0.003677329036706865
38.39,0.0006314430537346233
38.4,-0.009346818784310082
38.410000000000004,-0.00048807616355983456
38.42,-0.0018450378999453551
38.43,-0.006775623760497549
38.44,0.0031281920700131378
38.45,0.009423018147365717
38.46,0.0012437762212905018
38.47,0.004295065528878917
38.480000000000004,-0.008630990948679664
38.49,-0.001646660083660106
38.5,-0.007672830296710082
38.51,0.0022559167107302075
38.52,0.008769643164283093
38.53,0.0032355546494327696
38.54,-0.00846393903371157
38.550000000000004,-0.0029066759002983437
38.56,0.0010132675888170298
38.57,-0.0019358448773349555
38.58,0.006672880209503447
38.59,0.006293420094199783
38.6,0.0022366204020644286
38.61,-0.002530841097345895
38.62,-0.004893272524735117
38.63,-0.007882513635737415
38.64,-0.002902046330268919
38.65,-0.0017365496558456091
38.660000000000004,0.003516458502081472
38.67,0.00316319648595147
38.68,-0.008597837207174861
38.69,-0.002094813691376844
38.7,-0.006364422655652762
38.71,-0.006863745893663887
38.72,0.0065460429947449186
38.730000000000004,-0.00916169566567485
38.74,-0.0016163424819575726
38.75,-0.0066359268846696365
38.76,0.007586604313569481
38.77,0.001140810265500702
38.78,-0.005372387272463039
38.79,4.8545743327528534e-05
38.800000000000004,0.004629727194062317
38.81,0.009162360178388675
38.82,-0.005591079915091621
38.83,0.007723635442586902
38.84,0.008686082283349805
38.85,0.008328410890641324
38.86,0.0027082871372381967
38.87,0.0025964130886941533
38.88,-0.001935787336323545
38.89,0.005047957646075758
38.9,0.0006258803670186382
38.910000000000004,0.0035487614245658886
38.92,-0.0014308419230240916
38.93,0.004629929280862781
38.94,0.0064894303520909805
38.95,-0.007071274867943678
38.96,0.006658594311484559
38.97,-0.006790492210996035
38.980000000000004,-0.01679049221100115
38.99,-0.02679049221099916
39.0,-0.03679049221099717
39.01,-0.04679049221099518
39.02,-0.0567904922110003
39.03,-0.06679049221099831
39.04,-0.07679049221099632
39.050000000000004,-0.08679049221100144
39.06,-0.09679049221099945
39.07,-0.1
39.08,-0.1
39.09,-0.1
39.1,-0.1
39.11,-0.1
39.12,-0.1
39.13,-0.1
39.14,-0.1
39.15,-0.1
39.160000000000004,-0.1
39.17,-0.1
39.18,-0.1
39.19,-0.1
39.2,-0.1
39.21,-0.1
39.22,-0.1
39.230000000000004,-0.1
39.24,-0.1
39.25,-0.1
39.26,-0.1
39.27,-0.1
39.28,-0.1
39.29,-0.1
39.300000000000004,-0.1
39.31,-0.1
39.32,-0.1
39.33,-0.1
39.34,-0.1
39.35,-0.1
39.36,-0.1
39.37,-0.1
39.38,-0.1
39.39,-0.1
39.4,-0.1
39.410000000000004,-0.1
39.42,-0.1
39.43,-0.1
39.44,-0.1
39.45,-0.1
39.46,-0.1
39.47,-0.1
39.480000000000004,-0.1
39.49,-0.1
39.5,-0.1
39.51,-0.1
39.52,-0.1
39.53,-0.1
39.54,-0.1
39.550000000000004,-0.1
39.56,-0.1
39.57,-0.1
39.58,-0.1
39.59,-0.1
39.6,-0.1
39.61,-0.1
39.62,-0.1
39.63,-0.1
39.64,-0.1
39.65,-0.1
39.660000000000004,-0.1
39.67,-0.1
39.68,-0.1
39.69,-0.1
39.7,-0.1
39.71,-0.1
39.72,-0.1
39.730000000000004,-0.1
39.74,-0.1
39.75,-0.1
39.76,-0.1
39.77,-0.1
39.78,-0.1
39.79,-0.1
39.800000000000004,-0.1
39.81,-0.1
39.82,-0.1
39.83,-0.1
39.84,-0.1
39.85,-0.1
39.86,-0.1
39.87,-0.1
39.88,-0.1
39.89,-0.1
39.9,-0.1
39.910000000000004,-0.1
39.92,-0.1
39.93,-0.1
39.94,-0.1
39.95,-0.1
39.96,-0.1
39.97,-0.1
39.980000000000004,-0.1
39.99,-0.1
40.0,-0.1
40.01,-0.1
40.02,-0.1
40.03,-0.1
40.04,-0.1
40.050000000000004,-0.1
40.06,-0.1
40.07,-0.1
40.08,-0.1
40.09,-0.1
40.1,-0.1
40.11,-0.1
40.12,-0.1
40.13,-0.1
40.14,-0.1
40.15,-0.1
40.160000000000004,-0.1
40.17,-0.1
40.18,-0.1
40.19,-0.1
40.2,-0.1
40.21,-0.1
40.22,-0.1
40.230000000000004,-0.1
40.24,-0.1
40.25,-0.1
40.26,-0.1
40.27,-0.1
40.28,-0.1
40.29,-0.1
40.300000000000004,-0.1
40.31,-0.1
40.32,-0.1
40.33,-0.1
40.34,-0.1
40.35,-0.1
40.36,-0.1
40.37,-0.1
40.38,-0.1
40.39,-0.1
40.4,-0.1
40.410000000000004,-0.1
40.42,-0.1
40.43,-0.1
40.44,-0.1
40.45,-0.1
40.46,-0.1
40.47,-0.1
40.480000000000004,-0.1
40.49,-0.1
40.5,-0.1
40.51,-0.1
40.52,-0.1
40.53,-0.1
40.54,-0.1
40.550000000000004,-0.1
40.56,-0.1
40.57,-0.1
40.58,-0.1
40.59,-0.1
40.6,-0.1
40.61,-0.1
40.62,-0.1
40.63,-0.1
40.64,-0.1
40.65,-0.1
40.660000000000004,-0.1
40.67,-0.1
40.68,-0.1
40.69,-0.1
40.7,-0.1
40.71,-0.1
40.72,-0.1
40.730000000000004,-0.1
40.74,-0.1
40.75,-0.1
40.76,-0.1
40.77,-0.1
40.78,-0.1
40.79,-0.1
40.800000000000004,-0.1
40.81,-0.1
40.82,-0.1
40.83,-0.1
40.84,-0.1
40.85,-0.1
40.86,-0.1
40.87,-0.09320950778900397
40.88,-0.08320950778899885
40.89,-0.07320950778900084
40.9,-0.06320950778900283
40.910000000000004,-0.05320950778899772
40.92,-0.04320950778899971
40.93,-0.03320950778900169
40.94,-0.023209507789003683
40.95,-0.013209507788998565
40.96,-0.0032095077890005545
40.97,0.0008059306358061454
40.980000000000004,0.006893318181804485
40.99,-0.001373965873179707
41.0,-0.0024191902923392994
41.01,0.008301214650344448
41.02,-0.004976614649031974
41.03,0.006884246505722861
41.04,-0.00031958854981191734
41.050000000000004,0.0002819088510251939
41.06,-0.0038306343702103193
41.07,0.0014608440123803131
41.08,-0.0034957760744757736
41.09,-0.009214611715166954
41.1,-0.004560027893112879
41.11,-0.009872419131868187
41.12,0.009567095741137134
41.13,0.00931494419639495
41.14,-0.0020968940505539
41.15,0.004567417086792919
41.160000000000004,-0.003083878031791501
41.17,0.0034218631417195205
41.18,0.006108600860919583
41.19,0.008935124893844815
41.2,-0.0019957544830065607
41.21,0.005665959659120952
41.22,-0.004681430987357625
41.230000000000004,0.009806646075872968
41.24,-0.009484608024712977
41.25,0.0020705761300224192
41.26,0.0031901196330265426
41.27,0.003760911141482576
41.28,-0.00759224842421822
41.29,0.008770595669462608
41.300000000000004,-0.006376334418998344
41.31,0.002455068064796822
41.32,-0.005546478417538301
41.33,-0.003855671659574582
41.34,0.0009291708345624868
41.35,-0.0016561316287084706
41.36,-0.006795487980469875
41.37,-0.006581271951583034
41.38,-0.0016371042367440067
41.39,0.005145659565510014
41.4,0.007959292936955771
41.410000000000004,-0.008317446754812344
41.42,-0.0021379218488119783
41.43,-0.007995088725542467
41.44,-0.009668150387348043
41.45,0.003234373652879133
41.46,0.002048988839331755
41.47,-0.006739617723702276
41.480000000000004,-0.005323743338138718
41.49,-0.009525844927109632
41.5,0.006698944113888076
41.51,0.009493811920971028
41.52,-0.007290809264106184
41.53,-0.005370495724694038
41.54,0.007368190478938682
41.550000000000004,0.008529275959123698
41.56,-0.0016074523438637939
41.57,-0.008987550554618518
41.58,-0.009212163326143613
41.59,0.0014789973213802082
41.6,-0.0021420978221364188
41.61,-0.00942695144844691
41.62,0.0016650478462511345
41.63,-0.009773949268219551
41.64,0.00574743916298546
41.65,-0.0038713435459325684
41.660000000000004,-0.009194839939815357
41.67,0.001767044419663067
41.68,-0.0020463117113389065
41.69,0.009476008267142991
41.7,0.0008839732500740445
41.71,-0.004495216379259834
41.72,0.004188777292679495
41.730000000000004,-0.004570159949145773
41.74,0.008084865828151303
41.75,-0.002505560589852471
41.76,0.000997371255524104
41.77,-0.008988537923515423
41.78,-0.0014775752409553842
41.79,0.006647270793219898
41.800000000000004,0.006112976107266839
41.81,-0.005513628822929475
41.82,-0.005478418579788746
41.83,0.006346106244264736
41.84,0.00860796840338651
41.85,-0.00809278157453993
41.86,-0.0009988272114754941
41.87,-0.0032509144207154205
41.88,0.007413769109148786
41.89,-0.008329501706399624
41.9,-0.005777481148839252
41.910000000000004,0.005049366751729886
41.92,-0.008974123020375688
41.93,-0.00014929238571421456
41.94,-0.0011578593064055995
41.95,-0.003311976420225027
41.96,-0.002108553693621524
41.97,0.0005988117386046595
41.980000000000004,-0.006772652832232337
41.99,0.0014399175656718555
42.0,0.006108646585999725
42.01,0.00520321859580318
42.02,-0.006922001906124527
42.03,-0.007015010605170522
42.04,-0.004636512645101734
42.050000000000004,-0.002778505473179256
42.06,-0.0018308883718303488
42.07,0.003593944336666906
42.08,-0.008866391356683292
42.09,-0.009306545915478673
42.1,-0.0021617887411218197
42.11,0.003943273842759609
42.12,-0.006131293140870349
42.13,0.0028300896251250342
42.14,-0.004803437241194011
42.15,0.007721722176270327
42.160000000000004,0.00791379888533233
42.17,-0.004054255914373471
42.18,-0.0054001249207351896
42.19,-0.001773920558675375
42.2,-0.005189368296397026
42.21,0.003447676865834073
42.22,0.006521293690965711
42.230000000000004,0.0034618426182243395
42.24,0.006487008944986989
42.25,-0.002060156755850518
42.26,-0.006873660585822783
42.27,0.004759018947951842
42.28,-0.0027905098971689225
42.29,0.0034254165045826505
42.300000000000004,-0.004587121160364686
42.31,-0.008375407303866546
42.32,0.009851635909755267
42.33,-0.006875969841388014
42.34,0.009768419879269621
42.35,0.009545598651328946
42.36,0.005876362078160792
42.37,0.0031884592416399522
42.38,0.0015561410050216936
42.39,0.007322030907556695
42.4,-0.004211209567610241
42.410000000000004,-0.0006463757503024584
42.42,0.002387799387330039
42.43,-0.001776190482610178
42.44,-0.0014502709181946401
42.45,-0.0033943066499583117
42.46,0.0012846363336907213
42.47,0.007011490560302319
42.480000000000004,-0.0059694324398737435
42.49,0.008688660775068828
42.5,0.003781753074964594
42.51,0.006465464253600605
42.52,0.001123813852600233
42.53,0.00559033402848127
42.54,-0.009675992053210656
42.550000000000004,0.006367608495590706
42.56,-0.00919722281829267
42.57,0.007798267527257251
42.58,0.009839254944772868
42.59,-0.004118650756464444
42.6,-0.005793628874284127
42.61,0.005307267277160814
42.62,-0.004939473181594936
42.63,0.007311247663444069
42.64,-0.007943148156850465
42.65,-0.007480896072412835
42.660000000000004,0.009583031102012312
42.67,0.0034767779654000935
42.68,0.006937744488579057
42.69,-0.0035134124529696397
42.7,0.003529674990412089
42.71,0.0018848365461719436
42.72,0.0020630024024589407
42.730000000000004,0.003650649190754432
42.74,0.0015071834625819715
42.75,-0.0014187526139466805
42.76,-0.004481546112389064
42.77,0.00537162661826404
42.78,-0.005474551399936276
42.79,0.003847086123088284
42.800000000000004,-0.0053333435470134674
42.81,0.0025066033990890774
42.82,0.004941565342580579
42.83,-0.005625722221869216
42.84,-0.008801133982773834
42.85,-0.007380525140116518
42.86,0.0021199393454205094
42.87,0.006988928124514711
42.88,-0.009100063575291513
42.89,0.004683025180832925
42.9,-0.0031736270809989576
42.910000000000004,-0.00042943260160954906
42.92,0.008577190996911314
42.93,-0.0033605699052830906
42.94,-0.0006932613212102794
42.95,-0.009726351704786378
42.96,-0.008368025599903232
42.97,-0.0048281681773043195
42.980000000000004,-0.009442955183578513
42.99,0.0026275065209650193
43.0,-0.0014720328639675501
43.01,0.00096290405456044
43.02,-0.006507056282073409
43.03,-0.004081359411267678
43.04,0.003276489497054502
43.050000000000004,0.009306054472607997
43.06,-0.008991664527955816
43.07,0.007807686417105322
43.08,0.00153762402622417
43.09,0.0012783913351124745
43.1,5.570704155206246e-06
43.11,-0.008612118281916332
43.12,-0.008202462965276786
43.13,0.002018240113181722
43.14,-0.003180828571288834
43.15,0.008345361331553615
43.160000000000004,-0.0018681892528105547
43.17,-0.007134370825947178
43.18,0.00429437667004072
43.19,-0.004132931571179803
43.2,0.0005094061471178635
43.21,0.003956655710103401
43.22,0.008005282224041408
43.230000000000004,0.005843823896033521
43.24,0.0035272213574544815
43.25,0.0035926636479028714
43.26,0.008918492880641731
43.27,-0.004083518050069279
43.28,-0.009977758116076253
43.29,-0.004560908812036027
43.300000000000004,-0.005642172407465121
43.31,0.0032366917022799632
43.32,0.0026742319953105814
43.33,0.0018692276540944758
43.34,-0.009675131135810927
43.35,0.00457556108901295
43.36,-0.003529391750290169
43.37,0.0033011197801326216
43.38,0.001131568570043066
43.39,-0.003145381491441857
43.4,-0.007308474657917846
43.410000000000004,-0.008111622046790381
43.42,0.0066303666622444715
43.43,0.008367950841631161
43.44,0.002995760935285991
43.45,-0.007931317702790333
43.46,-0.0019594556622351857
43.47,0.004578784002103145
43.480000000000004,0.005596417680201362
43.49,-0.007635627554178228
43.5,-0.009999385623092352
43.51,0.004242740917612101
43.52,-0.0028680764802758874
43.53,-0.004910373367634795
43.54,-0.009742050604209492
43.550000000000004,0.0008059881352299944
43.56,0.007023014708519635
43.57,0.00915263292545176
43.58,0.0013148990122657852
43.59,0.00028922655479788305
43.6,-0.008298872290215179
43.61,0.0009774560308519961
43.62,-0.0024004184206921075
43.63,0.002142705617671539
43.64,-0.002225473042469066
43.65,-0.005194017530992665
43.660000000000004,-0.00810069449543247
43.67,-0.0037016311082220853
43.68,-0.008067103314244956
43.69,-0.006462060983520321
43.7,0.009746723171590919
43.71,-0.0011179288618676283
43.72,0.0006374353301003312
43.730000000000004,0.0074723705747443084
43.74,0.009911378009813758
43.75,0.0016542889868936313
43.76,0.006249476420883434
43.77,-0.0034611795132664944
43.78,-0.0038851208510541782
43.79,-0.0019459255801087955
43.800000000000004,0.003450145253472982
43.81,0.0036438337851019756
43.82,-0.003695211307010984
43.83,-0.007335801517267426
43.84,0.002647925129310171
43.85,-0.0074334827562247095
43.86,0.0015698501645866007
43.87,0.00386844256112618
43.88,0.004012229927889032
43.89,0.005069442213191935
43.9,0.007457188431313292
43.910000000000004,-8.201607042315068e-07
43.92,0.004604983790591424
43.93,0.002383454707316735
43.94,-0.006267201204046349
43.95,-0.009486207102611837
43.96,-0.004309172286461325
43.97,-0.0011393258732476114
43.980000000000004,0.0023421188885731255
43.99,0.006999186610064106
44.0,-0.006075085665876687
44.01,-0.007489004202030459
44.02,0.00926959894948655
44.03,-0.007839108812471858
44.04,-0.00043017859785621747
44.050000000000004,0.0017112745758660376
44.06,0.0008274884181487651
44.07,-0.008279356859341136
44.08,-0.008859461719927613
44.09,-0.007890331450779286
44.1,0.0017117536774522504
44.11,0.0008868977526864212
44.12,-0.005325184159265115
44.13,0.0027554828369118316
44.14,0.006401350041112986
44.15,-0.009168420803068124
44.160000000000004,-3.7401129039152034e-05
44.17,0.003786208242053805
44.18,-0.004953761458606258
44.19,-0.0038445818941370185
44.2,0.0022727580597876763
44.21,0.007958705868874738
44.22,0.006198488406057986
44.230000000000004,0.0016626043819916708
44.24,0.004604434355144984
44.25,-0.0027035505958440268
44.26,0.002819310561975154
44.27,-0.0006763681774488613
44.28,-0.0062012772708487825
44.29,0.004034765477545143
44.300000000000004,0.0011292927469764395
44.31,-0.002827568360928172
44.32,0.008226783801572614
44.33,-0.009581317643465335
44.34,-0.00368453697501008
44.35,-0.00886237204444707
44.36,0.005330546324432544
44.37,0.004042149082275853
44.38,-0.0033729556252736596
44.39,0.0035132580441414613
44.4,-0.0020812554760810033
44.410000000000004,0.005125075828448686
44.42,-0.0009163267452658788
44.43,-0.0017544054433666894
44.44,0.008694598309766021
44.45,-0.004982418002185996
44.46,-0.007591053200068691
44.47,0.0016908622651891636
44.480000000000004,0.009386436245683577
44.49,-0.0024432157254562674
44.5,-0.00875926472742437
44.51,-0.0032138946538086514
44.52,0.00011863308639116846
44.53,-0.006761539867355726
44.54,0.0031620443611298406
44.550000000000004,0.009954987780204013
44.56,-0.0009652104803711242
44.57,-0.002905428865395747
44.58,-0.0019859166633106676
44.59,-0.007697076432095978
44.6,0.007665472028524476
44.61,-0.001703486889572961
44.62,-0.0022545117715031737
44.63,0.0031938054586094864
44.64,-0.001159331581377529
44.65,0.0029646693761569212
44.660000000000004,-0.00877107419738425
44.67,0.006274466874444549
44.68,0.008810079057588053
44.69,0.0029753077231877197
44.7,0.009091318577176216
44.71,-0.006971353712600734
44.72,-0.00045167621039292685
44.730000000000004,0.002036134678908945
44.74,0.0016347329484237335
44.75,-0.0019707644182191345
44.76,-0.0032383118126747728
44.77,-0.007463519548991624
44.78,-0.002165150988754437
44.79,-0.006746783697890297
44.800000000000004,0.004687313529844368
44.81,-0.0058233812901082
44.82,-0.008828693894309323
44.83,0.0010473227563446864
44.84,0.0019045946543880324
44.85,0.00743826122561011
44.86,0.0015396322483536371
44.87,-0.003090382925531086
44.88,0.00606023763052641
44.89,0.0008055778637484218
44.9,-0.008414394307376165
44.910000000000004,0.0013170112062649338
44.92,0.008160370908433247
44.93,-0.0020737474900355893
44.94,-0.004073483962003998
44.95,-0.007130610859639599
44.96,-0.006971089561292854
44.97,-0.0013445703131636216
44.980000000000004,0.001913596483230591
44.99,-0.008387691896607966
45.0,0.008791371780503316
45.01,0.005102672348903919
45.02,0.001732478365673253
45.03,0.006568773418779818
45.04,-0.008396264863757734
45.050000000000004,-0.00046322244533751264
45.06,0.002601862537233268
45.07,0.006573058122365786
45.08,0.005669391200985354
45.09,-0.004458615005732008
45.1,0.008817603391184087
45.11,-0.007513083171382593
45.12,0.007502672372423044
45.13,0.009418804992092371
45.14,-0.0064569295355474884
45.15,0.0044413212840757055
45.160000000000004,-0.00919428962444003
45.17,-0.0018915434972169003
45.18,0.0003256659839534805
45.19,0.0016129045181926815
45.2,0.008718744964971192
45.21,0.003445013745883893
45.22,-0.00037444097561526064
45.230000000000004,0.006193500725317788
45.24,0.009010656419088178
45.25,-0.009558677026354183
45.26,0.009650425445120773
45.27,-0.008277357218726394
45.28,0.006287735585375228
45.29,-0.00439330494897175
45.300000000000004,-0.007356406844922565
45.31,-0.0012028872057233027
45.32,0.0028791315889522707
45.33,-0.0023809630995305
45.34,-0.008908691834346021
45.35,0.0019892227931743323
45.36,0.008048065522213493
45.37,-0.0023356926810549662
45.38,-0.00567334444738346
45.39,-0.0011484530813436929
45.4,-0.009032745779024383
45.410000000000004,0.006409751689605498
45.42,0.006526816219003735
45.43,0.0017600092685925682
45.44,-0.0029379422212322103
45.45,0.005995667288915667
45.46,0.0010937404957673431
45.47,0.006518646171000323
45.480000000000004,0.0026291758516604133
45.49,0.005688109464255945
45.5,0.0019712598643551998
45.51,-0.0017171786356866767
45.52,0.009158917198522751
45.53,0.0008222764975768949
45.54,0.0021017903708107685
45.550000000000004,-0.005590247211705015
45.56,0.0025130157885455296
45.57,0.0014321529896588765
45.58,-0.006303232041059501
45.59,-0.008808258052937126
45.6,0.0020871863942954223
45.61,0.0052738453870064105
45.62,0.0004680274184401638
45.63,-0.005464547493607086
45.64,0.003330439533860698
45.65,-0.008397885467807955
45.660000000000004,-0.0011633259039609076
45.67,-0.006732664832031597
45.68,-0.006310818978802333
45.69,-0.005954121016835927
45.7,-0.0022658588591204423
45.71,-0.008976995887592048
45.72,-0.0020441311814180362
45.730000000000004,0.00023414894229401712
45.74,-0.00033411430067349646
45.75,-0.002344317991939189
45.76,0.006782932161415048
45.77,-0.007093466151589917
45.78,0.00011393487562747981
45.79,-0.008759171660868915
45.800000000000004,-0.008576886422441806
45.81,0.001477316993541927
45.82,0.0013203684977564183
45.83,0.007560670256889139
45.84,0.001157473513201463
45.85,0.009195820408097003
45.86,-0.009026103032001406
45.87,-0.008039846304385178
45.88,-0.009118682768592373
45.89,-0.006294462993329199
45.9,0.0008254022188335618
45.910000000000004,0.00291144362854856
45.92,-0.009088296841026624
45.93,0.008919417796911985
45.94,0.006843307533007622
45.95,-0.004067750356858138
45.96,-0.008456249395470641
45.97,-0.0066022585356188546
45.980000000000004,-0.007461111724900547
45.99,-0.007534324414021063
46.0,0.00037123377331467824
46.01,-0.005083051150131994
46.02,-0.002837205669417111
46.03,0.00979010666768645
46.04,0.003686284978506895
46.050000000000004,0.008979613340940029
46.06,-0.007148868899337689
46.07,-0.0023572105033486147
46.08,0.0010946360656470863
46.09,-0.00846483876222524
46.1,-0.009916251127440844
46.11,0.0034086866759383497
46.12,0.0028363903360287077
46.13,-0.0017842238000077646
46.14,-0.00020711847935934655
46.15,-0.0016911399881582075
46.160000000000004,-0.009519899103102223
46.17,-0.0032925678756507513
46.18,-0.006458354892054203
46.19,-0.008031516217972625
46.2,0.009134408677786995
46.21,0.0019871945008433124
46.22,0.004573125684732053
46.230000000000004,-0.00369272513467765
46.24,-0.0021370574101196964
46.25,-0.005261520122065531
46.26,-0.008060686580691506
46.27,-0.0064193672511683245
46.28,0.005950280905929717
46.29,0.0035509161036755173
46.300000000000004,0.0009385775197095388
46.31,-0.0004982025426646386
46.32,0.008448685673122491
46.33,-0.008545301044426632
46.34,-0.004387983735241681
46.35,-0.003001242928585719
46.36,0.0056485162442557555
46.37,0.009850292403239426
46.38,-0.005186589704856939
46.39,0.007486146682741614
46.4,0.006612455208635825
46.410000000000004,-0.005506852047164668
46.42,-0.0020133483960155484
46.43,-0.0018065426141496178
46.44,0.009564413370531167
46.45,-0.006382161972422034
46.46,0.00598315942209564
46.47,-0.0033161457165378017
46.480000000000004,0.004617406915523209
46.49,-0.0015997799140867429
46.5,0.0015671952623307998
46.51,0.006652235466522624
46.52,0.006083311299677681
46.53,0.007328463670794002
46.54,-0.00880765349310682
46.550000000000004,0.003841011060794897
46.56,-0.007200252465564743
46.57,-0.0016836286396317793
46.58,0.0009717683010937693
46.59,-0.0019452103050633853
46.6,0.00039223351606015
46.61,0.009930526175972383
46.62,-0.007295653725742906
46.63,0.003509120906728511
46.64,-0.0020799806722876964
46.65,-0.007339804021853425
46.660000000000004,-0.006825264732513809
46.67,0.008985462124912339
46.68,0.00759202993423524
46.69,0.008140839208300438
46.7,0.00983065551654773
46.71,-0.005833692199829641
46.72,-0.0028912132527187653
46.730000000000004,0.0033843805984973344
46.74,-0.00032394920278705497
46.75,-0.00163220933243333
46.76,-0.0028437750132881395
46.77,0.001875612638869045
46.78,0.0015118685728016407
46.79,-0.006770843318715199
46.800000000000004,-0.0005652032496312187
46.81,0.001069435524196997
46.82,0.00140573877462781
46.83,-0.005797856141752964
46.84,0.004845427845045736
46.85,-0.009496018103578608
46.86,-0.0029033628891367473
46.87,0.0056042529707126705
46.88,0.0012778584211080475
46.89,-0.004776751349782795
46.9,0.0038990623868609547
46.910000000000004,0.0013478188831214672
46.92,0.005924872189127744
46.93,0.004700503723796467
46.94,0.002202158440724694
46.95,-0.00023644649378372004
46.96,-0.007336357486649531
46.97,-0.004773339642292325
46.980000000000004,-0.0016180105416582942
46.99,0.001985985740127774
47.0,0.0002741571043060956
47.01,-0.00423630948080941
47.02,-0.009870712844205789
47.03,-7.521556198372172e-05
47.04,-0.004287480228755139
47.050000000000004,0.004692166014210701
47.06,-0.00952107469459033
47.07,0.0016965562261158171
47.08,0.008829484750121309
47.09,-0.00651181465777001
47.1,-0.0005670101849880923
47.11,-0.008171560163657237
47.12,0.0025136382452270525
47.13,0.0010106336119245114
47.14,-0.0018526895157433537
47.15,0.0004275404294748243
47.160000000000004,0.007931493169380204
47.17,-0.006074113953778659
47.18,-0.009548709765893056
47.19,0.007233297693982019
47.2,0.0015423416477581293
47.21,0.007813169109236849
47.22,0.0019389044682634523
47.230000000000004,0.006203221799194051
47.24,-0.001406532732897042
47.25,0.004997198625765375
47.26,0.00826082933779712
47.27,0.0014424592744441255
47.28,-0.006384296988752409
47.29,-0.004624047699396037
47.300000000000004,-0.006027108462051884
47.31,-0.005062859448085342
47.32,-0.003871691012979272
47.33,0.0011026757350637694
47.34,0.0017598325892766546
47.35,-0.001470005055162777
47.36,0.002308415596416709
47.37,-0.008368501487772682
47.38,-0.008244235258836802
47.39,-0.006563410792846831
47.4,0.00036154996080689505
47.410000000000004,-0.005720106426033729
47.42,-0.0043343119301484535
47.43,-0.001993743276540118
47.44,0.006237322480207598
47.45,-0.009722757281742798
47.46,0.0029875764047324477
47.47,0.003377530620813706
47.480000000000004,0.005973115607132732
47.49,0.008655058781206265
47.5,-0.009597243021014204
47.51,-0.006924325889735676
47.52,0.007723425881119862
47.53,-0.0008296287562596927
47.54,0.0012918127786692695
47.550000000000004,0.0032605440744629486
47.56,0.003581332089912747
47.57,0.008634808066330163
47.58,0.009938988348233395
47.59,0.004403149218618806
47.6,-0.004255575815896984
47.61,0.0075950480458868725
47.62,-0.009015581709184768
47.63,-0.005378382942510076
47.64,0.007947714349274297
47.65,-0.004876169711212901
47.660000000000004,-0.005586978807565031
47.67,-0.007237494137195055
47.68,0.007182235152938329
47.69,1.1651838217347638e-06
47.7,0.003497864061083095
47.71,-0.005218672318499407
47.72,0.00516080842022433
47.730000000000004,0.00520011089924197
47.74,-0.003748039501833998
47.75,-0.0017863473397943426
47.76,-0.005806194451395983
47.77,0.009531220466458086
47.78,0.0029120515411682323
47.79,0.008690877614310312
47.800000000000004,-0.0039322891274173365
47.81,0.0056378182599377945
47.82,0.005317172877694841
47.83,0.0038331130373308302
47.84,0.009312779505336008
47.85,-0.002128893277873689
47.86,-0.007385653528204854
47.870000000000005,0.0034341771848812146
47.88,0.004586196009544123
47.89,0.0015012114691762939
47.9,-0.005863642137332075
47.910000000000004,8.911883338710673e-05
47.92,-0.0037562052686174116
47.93,-0.0014506694366662187
47.94,0.0029043715168932775
47.95,0.004904294853816691
47.96,-0.005355506181973137
47.97,-0.0018934927870609339
47.980000000000004,-0.004616768580167416
47.99,-0.006027367722762618
48.0,0.005667744399916767
48.01,0.008185053888739849
48.02,-0.0025953562863084657
48.03,0.005025578487475337
48.04,0.007939905787288223
48.050000000000004,0.006922484210604632
48.06,-0.006343732229215482
48.07,0.009125837630267227
48.08,-0.0024664711914107506
48.09,-0.0032151867765232737
48.1,-0.008751373454444393
48.11,-0.0002765269179023401
48.120000000000005,-0.007819727687181427
48.13,-0.00502920358145148
48.14,-0.0036611475646543728
48.15,0.006176526469833682
48.160000000000004,0.007509773007917929
48.17,-0.003950673650770607
48.18,0.007173962424891477
48.19,0.0071446187473958225
48.2,0.005293019007697471
48.21,-0.007066097719696369
48.22,0.003806456938014579
48.230000000000004,0.008900481291611374
48.24,0.003650809575343141
48.25,-0.0033676630178433213
48.26,1.158634861662608e-05
48.27,0.0029145008670210734
48.28,0.00021140817457007167
48.29,-0.007600941165380603
48.300000000000004,-0.003758719106959587
48.31,0.006047920611072651
48.32,0.007228360921910348
48.33,-0.0072539993456885955
48.34,0.009047735047974492
48.35,-0.003423547643027813
48.36,0.003246274774614399
48.370000000000005,0.005036502919133623
48.38,0.006238924692757669
48.39,0.008914994044518601
48.4,-0.0037416090394235477
48.410000000000004,0.007170129091031091
48.42,-0.007366261931275859
48.43,0.004100818127071854
48.44,0.004839554590279719
48.45,0.003554464824026408
48.46,-0.004953705277296941
48.47,0.007460862940304068
48.480000000000004,-0.0066228307325920995
48.49,-0.008927304169583383
48.5,0.004349299812238243
48.51,-0.000490485695345327
48.52,0.006981960399173521
48.53,-0.0023320571788348213
48.54,-0.0066344282298457435
48.550000000000004,0.006728843849397396
48.56,0.0009781926328014338
48.57,-0.006216084152192903
48.58,0.0044076799717289155
48.59,0.0002222727697900103
48.6,0.002086259644806396
48.61,-0.0007820332358683627
48.620000000000005,0.006574179676360129
48.63,0.006591254313660996
48.64,0.004187776436487725
48.65,-0.007891972452070755
48.660000000000004,0.006777077238081379
48.67,0.003420259610658196
48.68,0.0039404833200859905
48.69,-0.0027403431919225674
48.7,0.007585591123140134
48.71,0.004507432004697149
48.72,-0.007748190669416111
48.730000000000004,-0.0018444393118767465
48.74,0.007727607239202834
48.75,-0.00905606596605242
48.76,0.00922833239284099
48.77,0.003583251366391255
48.78,0.002627519552867533
48.79,-0.0045888148702401725
48.800000000000004,-0.0050241642252164586
48.81,0.00884116438977191
48.82,-0.004034550915317545
48.83,0.005510105934379988
48.84,-0.0021375640358584167
48.85,-0.00721491858430592
48.86,-0.009785694046092822
48.870000000000005,0.0008851467403050168
48.88,0.009515576370978654
48.89,-0.0026172761238159106
48.9,-0.002856153320139103
48.910000000000004,-0.003118167643011158
48.92,0.0004108767460971677
48.93,-0.0011867023315141282
48.94,0.007598292534540288
48.95,0.00011041583446980661
48.96,0.00015515676377137605
48.97,-0.0072325681055888675
48.980000000000004,0.009654790818207718
48.99,-0.005000542182623406
49.0,-0.008532718650807947
49.01,0.003262924979504176
49.02,0.0019073274031374526
49.03,-0.0016970869201450856
49.04,-0.0015561553223864388
49.050000000000004,0.005701278420928624
49.06,-0.006085747198007019
49.07,0.006405066378897794
49.08,0.0029749422779003637
49.09,-0.0016206045244095118
49.1,-0.0008394276683226284
49.11,-0.004867055856278084
49.120000000000005,0.005042286653939496
49.13,0.00025749484610535466
49.14,-0.003582909145003128
49.15,0.0019210023152190052
49.160000000000004,0.009914689041026463
49.17,-0.0012947544068689226
49.18,0.00841382801557239
49.19,-0.0030996632015086777
49.2,-0.008905345861500283
49.21,-0.005915157872631423
49.22,-0.0016260971334463165
49.230000000000004,-0.00560730142810862
49.24,-0.00999545923563489
49.25,0.008300030754950545
49.26,0.006877588224618579
49.27,0.004845844629738942
49.28,-0.006643708087079427
49.29,-0.007592728475800279
49.300000000000004,-0.008647905010552338
49.31,0.004480583775458425
49.32,0.008576159213757708
49.33,-0.0013892835817392608
49.34,-0.007617186560079037
49.35,0.0002478564146421308
49.36,-0.0030233618508273977
49.370000000000005,-0.002503501513000046
49.38,0.0024266124831141458
49.39,0.004374362265244047
49.4,-0.007787928022536783
49.410000000000004,-0.009288195383870473
49.42,0.009886606053714298
49.43,-0.005345433021688963
49.44,-0.008923389501830819
49.45,-0.0062024934180816005
49.46,-0.009220843073030716
49.47,-0.002163782107656567
49.480000000000004,0.006048035689026484
49.49,-0.003175111004845588
49.5,-0.0011163318624326686
49.51,0.003511735471348776
49.52,0.00017788140139760392
49.53,0.007228913720426484
49.54,0.00732071350091513
49.550000000000004,-0.009801786090176927
49.56,0.005560926129663983
49.57,-0.0007853279951665227
49.58,0.00977681082607326
49.59,-0.0003353584824912978
49.6,0.00973791890776595
49.61,0.005091387224114731
49.620000000000005,-0.005027902307733874
49.63,0.0007678995857391541
49.64,0.009842712789571656
49.65,0.007150612155038474
49.660000000000004,-0.008052662124175578
49.67,0.0041274399361999215
49.68,-0.0030884082825837393
49.69,-0.009860354762393038
49.7,-0.0019303806194600082
49.71,-0.005304911565500574
49.72,0.00637738541040943
49.730000000000004,-0.0032533878230846906
49.74,0.006550473879076342
49.75,-0.009988041223304094
49.76,-0.003843616999477617
49.77,-0.005176695713844761
49.78,-0.005328652778627781
49.79,-0.008636267604690747
49.800000000000004,-0.006257514591789966
49.81,0.0011109913977123981
49.82,-0.004172778543245111
49.83,-0.0016521043534170402
49.84,-0.00246266239305623
49.85,0.007518098499997893
49.86,0.00810597998021031
49.870000000000005,-0.00014086056688279898
49.88,-0.003396880993687912
49.89,-0.007863985919952727
49.9,0.0090680575876419
49.910000000000004,-0.008795461101994051
49.92,-0.004046994448634391
49.93,-0.004038675976599917
49.94,-0.0035919742771957017
49.95,-0.006714263134551814
49.96,0.005663228618473943
49.97,-0.007550042760680216
49.980000000000004,0.0026981331830632557
49.99,-0.007523079465883651
50.0,-0.00858928724814087
50.01,0.00818859007371753
50.02,-0.006197424673625886
50.03,0.006425003091194087
50.04,0.0008926174221427167
50.050000000000004,-0.008442869607824609
50.06,0.00910896382876135
50.07,-0.005060776660162149
50.08,0.007192906907052132
50.09,-0.006623799884308716
50.1,0.007078857642837057
50.11,-0.00973542374189412
50.120000000000005,0.00023560913138961394
50.13,0.0053888515884311355
50.14,0.008695910349855668
50.15,0.00818404272412974
50.160000000000004,0.006392497390952897
50.17,0.007763826993226081
50.18,-0.00601560628325847
50.19,-0.004316314085765425
50.2,-0.00422062950157883
50.21,-0.002458921379966024
50.22,-0.0021335865922962258
50.230000000000004,0.0008911064930935096
50.24,-0.006802404732671173
50.25,0.0038249332757197864
50.26,-0.00664866921390987
50.27,-0.0037938303579090494
50.28,6.690261212308028e-05
50.29,0.005928811230469547
50.300000000000004,0.004789384664774545
50.31,0.002910687128210446
50.32,-0.0068845347883965975
50.33,0.0009409069123115545
50.34,-0.008251069964002291
50.35,-0.002452736464066985
50.36,-0.0017296693942008175
50.370000000000005,-0.009203771211084923
50.38,-0.004520238010600564
50.39,0.009112989345329786
50.4,0.009072652156593789
50.410000000000004,-0.0029534589149492144
50.42,-0.009137997821033519
50.43,-0.006418101213436369
50.44,-0.0021556441313291975
50.45,0.008955593959384596
50.46,-0.007176018729256302
50.47,0.005270316873364244
50.480000000000004,-0.007826349212506158
50.49,0.009625151547825539
50.5,-0.0023676700178173003
50.51,0.00550469077798112
50.52,-0.003148178343777364
50.53,0.002553377543176175
50.54,-0.006159678305199265
50.550000000000004,-0.007079579614060749
50.56,0.008761282791362625
50.57,0.008352945558088668
50.58,0.007749378804257646
50.59,0.0025086690033318693
50.6,0.006165364224325566
50.61,-0.008619261261772503
50.620000000000005,-0.003304219162186417
50.63,-0.0037259375048568754
50.64,0.0027129064390522643
50.65,-0.00288084453058719
50.660000000000004,-0.007029864367126383
50.67,0.0019293415082708744
50.68,0.006287678413381631
50.69,-0.0023575301108005363
50.7,-0.007354625698030366
50.71,-0.006066236053743539
50.72,-0.00525033389661232
50.730000000000004,-0.004002048140109276
50.74,0.0028559014101261822
50.75,0.00201890969075438
50.76,0.003921597231340784
50.77,-0.0027499603093697365
50.78,0.006479953037599568
50.79,-0.005918246776884795
50.800000000000004,-0.0006191850496369208
50.81,0.006018774430828605
50.82,-0.006396827045347615
50.83,-0.007802737725184341
50.84,0.007673679353759793
50.85,-0.0031414067448160823
50.86,0.0036774024981806406
50.870000000000005,-0.00949302791472123
50.88,0.0038009377681889923
50.89,-0.0036779737690605897
50.9,-0.008885182928251165
50.910000000000004,0.0021962552309623407
50.92,-0.005183923678536535
50.93,-0.0022638551589624
50.94,-0.00838838375426973
50.95,-0.0070567349781010934
50.96,-0.004040455290083125
50.97,-0.008204809988796857
50.980000000000004,0.008216525293726304
50.99,-0.009879059136320431
51.0,-0.0003227956227137719
51.01,-0.007535050837348971
51.02,-0.003846418210441029
51.03,0.008521191196365309
51.04,-0.006766108934520263
51.050000000000004,0.009316646394366654
51.06,-0.005884112460211566
51.07,0.004831322169336592
51.08,0.0009335452979462346
51.09,0.007689574551935184
51.1,0.001079865110062618
51.11,0.0006911843831261741
51.120000000000005,-0.0060908399926320024
51.13,-0.0066754127589668255
51.14,0.008329783022310284
51.15,-0.0034432360229993183
51.160000000000004,-0.0025583549007420813
51.17,0.0051964731685677674
51.18,-0.0032235303515438527
51.19,0.009041248932780055
51.2,0.004758555379976007
51.21,0.0019485848514684007
51.22,0.0076179032108950485
51.230000000000004,-0.009007881833010345
51.24,-0.004858746156215826
51.25,-0.0006992733155818005
51.26,-0.005460429210569579
51.27,0.004878103746043038
51.28,0.008384160621074504
51.29,-0.0015245976013815322
51.300000000000004,-0.003157347997762101
51.31,0.009231014642751325
51.32,-0.0011029513434491836
51.33,-0.0002190319910143363
51.34,-0.002967002553161893
51.35,0.008190969460242769
51.36,0.0013791096656370141
51.370000000000005,0.0052434917436328925
51.38,0.006236134367017728
51.39,-0.0031630191616548366
51.4,-0.0013261133735923986
51.410000000000004,0.0069694354881252914
51.42,-0.002734892966483795
51.43,0.005878702669037025
51.44,0.008819846451488743
51.45,0.002464207461360139
51.46,0.004832545749037779
51.47,0.006101946240822697
51.480000000000004,0.00690079297793285
51.49,-0.0020989332428640803
51.5,-0.008974730816480037
51.51,-0.0019624745752652092
51.52,0.003475124595681795
51.53,-0.0009929922843841445
51.54,0.0049792630172079706
51.550000000000004,-0.0028603514106267224
51.56,0.0026948828220805902
51.57,-0.006271603902920508
51.58,0.004987388732899138
51.59,0.0009139193762605167
51.6,-0.005918712229067988
51.61,-0.004161776530043855
51.620000000000005,0.004972174171636647
51.63,-0.0003479752867695859
51.64,-0.005679371192138556
51.65,0.009345423807405951
51.660000000000004,0.0043025003963377585
51.67,0.009142696650795925
51.68,-0.0014578990927931364
51.69,-0.0004979931861655903
51.7,0.007959104323700382
51.71,0.0005009868049076927
51.72,0.004145578238113344
51.730000000000004,-0.004956542450089401
51.74,-0.0010654706259471888
51.75,-0.0075310026837928975
51.76,-0.005880399282460766
51.77,-0.009981131694647379
51.78,-0.009214698967026796
51.79,0.009545676463538587
51.800000000000004,-0.005152926097264754
51.81,0.0032662141900800384
51.82,0.00678199397599223
51.83,0.0010132091847312851
51.84,-0.006937109998320876
51.85,0.004562328746723328
51.86,0.0020050282019916602
51.870000000000005,0.004625011786947502
51.88,0.005394932457141743
51.89,0.009508207353694903
51.9,0.0014712656005341999
51.910000000000004,-0.003167177746187964
51.92,0.002969291138004742
51.93,-0.008631185815147477
51.94,0.007947946366431728
51.95,-0.0076123797732360644
51.96,-0.003443143242283635
51.97,0.006314907612522418
51.980000000000004,0.0019462475666142363
51.99,-0.0021272895944511577
52.0,-0.0005312868124995717
52.01,0.007090947864043606
52.02,-0.0031999122788021576
52.03,0.007392993696243426
52.04,-0.00823731138046617
52.050000000000004,0.005535968744172615
52.06,0.006950952661094726
52.07,-0.006363646943253225
52.08,-0.0013930693525559916
52.09,-0.006690004506726887
52.1,0.0041320825798843545
52.11,0.0007069553612331341
52.120000000000005,0.0027064669341664207
52.13,-0.006070260660875777
52.14,-0.005765082758951609
52.15,-0.009170053489801874
52.160000000000004,-0.003558649296085406
52.17,0.0011948932266734984
52.18,0.007158698279946576
52.19,0.003338548949173615
52.2,-0.0012920735320049708
52.21,0.009062402287882755
52.22,0.004384904011516637
52.230000000000004,0.008603304057251
52.24,0.000551759465443313
52.25,-0.004821914504137208
52.26,-0.00894346627270556
52.27,0.004521697029677011
52.28,-0.007573940039889317
52.29,-0.0039444974345606565
52.300000000000004,0.0006494181576779477
52.31,0.0012883317555949531
52.32,0.0020116639397427197
52.33,-0.0066748933930059874
52.34,-0.0024052519035670248
52.35,0.002343884542339334
52.36,0.009396377292675695
52.370000000000005,0.004552622753993773
52.38,0.008452075141879156
52.39,0.005244241166283541
52.4,0.001834339377848009
52.410000000000004,-0.006159532617273109
52.42,0.0033337130378502614
52.43,0.0024675913191981418
52.44,0.002049383409145329
52.45,-0.0002042826402351844
52.46,0.000573132079785512
52.47,-0.0033111494576379182
52.480000000000004,0.0003862538528460642
52.49,-0.006048881886430435
52.5,0.006103487947207534
52.51,-0.006284460906025844
52.52,-0.008300674202210673
52.53,-0.0012750794728568528
52.54,0.0031661487901212364
52.550000000000004,-0.0012456635013291736
52.56,-0.004464917360973828
52.57,0.0011634236778088145
52.58,-0.003059953291756001
52.59,0.008657353802532663
52.6,0.008452902792071443
52.61,4.743639944190976e-05
52.620000000000005,-0.0034423201196348294
52.63,0.0047426482791327815
52.64,-0.009265741130338668
52.65,-0.0005046198791269756
52.660000000000004,-0.0032735321145933296
52.67,0.008410717702051094
52.68,-0.009759939454546349
52.69,0.0010562975143669825
52.7,0.004813271621332519
52.71,-0.00029964024951917474
52.72,-0.008291939396745567
52.730000000000004,0.009449227800558046
52.74,0.00036020862752195876
52.75,0.002283724886380227
52.76,-0.005267804345849854
52.77,-0.000330038297863924
52.78,-0.0014170101608335633
52.79,-0.008502083159960325
52.800000000000004,-0.007876792929050656
52.81,0.006749450392375492
52.82,-0.005203600955868195
52.83,-0.006100834570027389
52.84,9.822902500278459e-05
52.85,0.005374942627250259
52.86,-0.008761069628420243
52.870000000000005,0.0015361583927651166
52.88,-0.0076157911431885324
52.89,-0.009270778983487632
52.9,-0.008945120956755653
52.910000000000004,0.006683282164168828
52.92,-0.007640550327438768
52.93,-0.00909697271175416
52.94,-0.0012420022571417548
52.95,0.006879869438840497
52.96,-0.004751832470213962
52.97,-0.0015657476494816726
52.980000000000004,-0.009201549348724976
52.99,-0.0010184297173024826
53.0,0.0015522616127426735
53.01,0.001418141075042895
53.02,-0.003351466156512697
53.03,-0.0036893363867372894
53.04,-0.007867527621268043
53.050000000000004,-0.0026640335870746325
53.06,-0.008010106622540708
53.07,0.005331918894241032
53.08,0.009325485954963719
53.09,0.00940148913333414
53.1,0.007301421987507878
53.11,0.0020158429867923825
53.120000000000005,0.004017313944877598
53.13,-0.004295883946391719
53.14,0.0026154084034524135
53.15,-0.0008870090112024515
53.160000000000004,-0.00035965320446135034
53.17,0.005155531207503158
53.18,-0.004361632888054967
53.19,-0.003639207766109602
53.2,0.008492835822572735
53.21,-0.008875514102980556
53.22,-0.0002873140317331928
53.230000000000004,0.008256016008157235
53.24,0.0022072601563631403
53.25,0.0009281414842426412
53.26,-0.0050051164154128955
53.27,-0.0031344902187110347
53.28,0.007040968316093859
53.29,0.001184362635369163
53.300000000000004,0.00029484387513559716
53.31,-0.008008405729199423
53.32,-0.009679436870897538
53.33,0.009273703773740984
53.34,-0.002460276654263167
53.35,0.0020642612419900872
53.36,-0.008405698536254301
53.370000000000005,0.003662285714460931
53.38,0.008651334174119217
53.39,0.001513305059948393
53.4,-0.007477693552491789
53.410000000000004,0.001634430549469535
53.42,0.005326944262093047
53.43,-0.001871669268519626
53.44,0.007596754958829359
53.45,0.0029736590671472895
53.46,0.00798497836578405
53.47,0.002470106224946745
53.480000000000004,-0.007374240559903516
53.49,-0.003806165777896218
53.5,-0.005964101034950862
53.51,0.008176529954337245
53.52,0.005208001345749653
53.53,0.0035279673782001204
53.54,-0.0039806736073675665
53.550000000000004,-0.00631910455899573
53.56,0.005129021759778236
53.57,-0.000516841082418406
53.58,-0.005484208956987417
53.59,0.0023324395633055016
53.6,-0.009193322957230961
53.61,-0.0034765949174349296
53.620000000000005,-0.0006288601081773076
53.63,-0.007040833317811883
53.64,0.00969308955181679
53.65,-0.005818052708207715
53.660000000000004,-0.007392937399134689
53.67,-0.005929302522262072
53.68,0.005381222663194485
53.69,-0.0014898868145631437
53.7,0.0013083187950507606
53.71,-0.009579816860272785
53.72,-0.009311373828533708
53.730000000000004,-0.001083489003459677
53.74,0.006333104864032471
53.75,0.007704777574151304
53.76,-0.008265868648087196
53.77,0.000767262042020456
53.78,0.00826459372558541
53.79,-0.002240544912042273
53.800000000000004,0.006591316628567373
53.81,-0.007326086912011276
53.82,0.008707889793355973
53.83,0.005028466350626053
53.84,0.008826687855738034
53.85,0.00353234467105013
53.86,-0.00273192136001146
53.870000000000005,0.00876362345049445
53.88,-0.00448866447381643
53.89,-0.0033565495587653494
53.9,0.004016168360034806
53.910000000000004,0.005306325990507725
53.92,0.008588069676983076
53.93,-0.00590395181887581
53.94,0.00595996070438448
53.95,0.00477092106793927
53.96,-0.008724108874928043
53.97,-0.0022555371757958607
53.980000000000004,-0.004344690858798028
53.99,-0.003910191512919392
54.0,0.009658937591094019
54.01,0.002855548269598558
54.02,0.004353523155869992
54.03,0.009532352746300184
54.04,-0.002455964350847226
54.050000000000004,0.006036803369056118
54.06,-0.001309380733910093
54.07,0.007390673436299596
54.08,-0.006386849173773936
54.09,0.008953723541285591
54.1,-0.005624565831782407
54.11,-0.0034755898603813697
54.120000000000005,0.005123844682135611
54.13,-0.0021248971686918666
54.14,0.0021642275353289334
54.15,-0.0011085299786114302
54.160000000000004,0.004847398741795636
54.17,-0.0054333749526277834
54.18,-0.00883084025526246
54.19,-0.004001412050538675
54.2,-0.0005138267026313943
54.21,-0.0066395989561464286
54.22,-0.0029040542068722265
54.230000000000004,-0.00200033963412863
54.24,-0.00885216312623453
54.25,0.0016661449636840905
54.26,0.00768686855942575
54.27,-0.006965141740938952
54.28,0.0019561602680302805
54.29,0.0032947840982169244
54.300000000000004,-0.0016133063916142325
54.31,0.0040219517472853995
54.32,-0.0017853691301797595
54.33,9.274575954869822e-05
54.34,-0.009852939108911461
54.35,0.003834402282693777
54.36,0.003226853578894488
54.370000000000005,-0.00923198245347311
54.38,-0.002634997852097338
54.39,0.009580636815833347
54.4,-0.0015852687486276641
54.410000000000004,3.890810263683375e-05
54.42,0.008198603163194372
54.43,0.004345237517315128
54.44,0.001641402622484472
54.45,0.00595609362682145
54.46,0.007287325329119467
54.47,-0.0008622385652546621
54.480000000000004,-0.0004978327013632922
54.49,-0.002278981286963284
54.5,0.00933412280036921
54.51,0.003943325085807008
54.52,-0.008335538675838555
54.53,0.00725919246626037
54.54,-0.0003888011832746379
54.550000000000004,-0.008624921871550251
54.56,0.0009943451032662209
54.57,-0.0016567144204859587
54.58,0.007554988097252498
54.59,-0.005920107927812252
54.6,0.006529292189843659
54.61,0.0011537738237090544
54.620000000000005,-0.008907793935730619
54.63,0.009436906026509694
54.64,0.0002523048820639983
54.65,-0.00418246291536835
54.660000000000004,-0.0006118631602148386
54.67,0.007157155670349779
54.68,-0.0039019375122987298
54.69,-0.006146472070265994
54.7,-0.007418575061382372
54.71,-0.004042812032195775
54.72,0.00560096174080087
54.730000000000004,-0.0005674726960947663
54.74,-0.0054503679261292005
54.75,-0.006676300007805017
54.76,-0.0033454104697924186
54.77,0.008798487457714178
54.78,-0.003139465748199513
54.79,0.009762481519092708
54.800000000000004,-0.0002953908846928758
54.81,-0.0064167216341969825
54.82,0.007822801835870188
54.83,-0.000792892537303462
54.84,0.004193426870090489
54.85,0.009674231664183035
54.86,-0.00899649299360052
54.870000000000005,-0.008066108804248658
54.88,0.004409134829255123
54.89,-0.00436349993409056
54.9,-0.006313972060998018
54.910000000000004,-0.00921276240360541
54.92,-0.009563065760275965
54.93,0.005489712062395817
54.94,-0.007311331452609
54.95,-0.0006455876805769815
54.96,0.002117936303589661
54.97,-0.0014329639886230747
54.980000000000004,-0.009457866953275338
54.99,0.005670030051758175
55.0,-0.00978973550916693
55.01,0.00523779788754968
55.02,0.007866089875762454
55.03,-0.0013432015788565552
55.04,0.0007108494619559643
55.050000000000004,-0.000460332147646925
55.06,-0.002215827627531224
55.07,0.007748490707407204
55.08,0.00787867021339981
55.09,-0.0032836727071693097
55.1,0.00230139508029396
55.11,0.008538151242917283
55.120000000000005,0.009241169978827032
55.13,0.0001791808084409506
55.14,-0.0009435038943134636
55.15,-0.004426113681429485
55.160000000000004,0.009177437463808202
55.17,-0.007143713910542653
55.18,0.0015965915209544997
55.19,-0.004348994649627223
55.2,-0.004419834193044068
55.21,-0.0019006282524762306
55.22,0.009975858716313091
55.230000000000004,-0.008900673863203559
55.24,0.0015708363640706286
55.25,-0.008348556839294457
55.26,-0.0069095834001896205
55.27,-0.0012087411645420269
55.28,0.0002092026269288269
55.29,-0.00482415183270952
55.300000000000004,-0.0036708573825116764
55.31,-0.008260659594881339
55.32,-0.003935604323114989
55.33,0.009331168787610882
55.34,0.008894147633449633
55.35,-0.0033024341972603
55.36,0.0014170787255752323
55.370000000000005,0.008191907822218887
55.38,-0.009876323547182066
55.39,0.006213671406751836
55.4,0.008967391055778378
55.410000000000004,-0.008173485313328859
55.42,-0.0067710462793415796
55.43,0.009214926055427107
55.44,0.0007508028728069258
55.45,-0.009716067310565527
55.46,-0.004847360024729417
55.47,-0.0010011265146228077
55.480000000000004,0.003858178220495355
55.49,0.004663207562735992
55.5,0.009908430258509121
55.51,-0.004249776012324819
55.52,0.0007644020373695042
55.53,0.0006664709571921005
55.54,-0.0018870948110552496
55.550000000000004,-0.0066167621231515966
55.56,0.009549131263676852
55.57,0.007066343733331723
55.58,-3.333943411525618e-05
55.59,0.0020649084536805955
55.6,-0.005454778928806754
55.61,0.0008757414078349388
55.620000000000005,0.0038994026624295172
55.63,0.0003033405677317757
55.64,0.009805703411698825
55.65,0.0022268331249545234
55.660000000000004,-0.0025805257481566193
55.67,0.005443040552316763
55.68,-0.00659074976836716
55.69,-0.0023096837258746693
55.7,-0.003060820992448283
55.71,-0.0013638580978444555
55.72,0.005635596518574525
55.730000000000004,-0.00031653935673185
55.74,0.005880289005319254
55.75,0.0015297780627973184
55.76,-0.003158611306848893
55.77,0.00619957487366945
55.78,-0.005234206588938168
55.79,-0.005512340404004091
55.800000000000004,9.005848109671505e-05
55.81,-0.004783015080758222
55.82,-0.009818259300975674
55.83,0.00296595054597603
55.84,0.0002218764294479609
55.85,-0.001089643710136777
55.86,0.009339370292366306
55.870000000000005,0.001423983679258273
55.88,0.0072686315557876895
55.89,-0.007210995275896796
55.9,0.001384129262588553
55.910000000000004,0.007359592534618058
55.92,0.0016621151455979595
55.93,0.00436028356254003
55.94,-0.0025591286437558524
55.95,-0.008151009659258667
55.96,-0.0008419940974585712
55.97,-0.002110412183222849
55.980000000000004,0.007341203647578948
55.99,-0.005120093952950555
56.0,0.009334684550702162
56.01,0.009162762396089924
56.02,-0.005047367138571226
56.03,-0.0030389608904535905
56.04,0.007911114817477699
56.050000000000004,0.009332444417922149
56.06,-0.0011312179432791183
56.07,-0.0035800590871820437
56.08,0.0005218802650308399
56.09,0.0037553841273146957
56.1,-0.0045305096925004045
56.11,0.0047294634923814565
56.120000000000005,-0.00896685285770718
56.13,-0.009014110144711672
56.14,-0.002274245897089096
56.15,-0.002930536158785588
56.160000000000004,-0.0036873356926569543
56.17,-0.00017960474662179898
56.18,-0.0035853283537685757
56.19,-0.006154841630638162
56.2,-0.003810609018227982
56.21,0.0094980854562047
56.22,-0.0017777316601030272
56.230000000000004,-0.0011057444628332844
56.24,0.0015308997990227998
56.25,0.009666815368284532
56.26,-0.00516797447128474
56.27,0.0036256422106486757
56.28,0.004319693870834482
56.29,0.002146488335861318
56.300000000000004,-0.008228433207267119
56.31,0.003537445516551529
56.32,-0.00871810577927649
56.33,0.0019228529909979392
56.34,0.004791623544434853
56.35,-0.005780602187600992
56.36,0.006832440150855481
56.370000000000005,-0.009392923889339915
56.38,0.006876257273166124
56.39,-0.0007934189871446982
56.4,-0.0056482412013671105
56.410000000000004,-0.0073244371001206406
56.42,0.009066143351647451
56.43,-0.008546688248376866
56.44,-0.006018131601281487
56.45,-0.0030435530513390806
56.46,0.0024046969792224093
56.47,0.0008960217055219676
56.480000000000004,-0.0074871301517537205
56.49,-0.004205440325235708
56.5,-0.005224964578279518
56.51,-0.005729142910193172
56.52,-0.0017771132704002598
56.53,0.004080629051833137
56.54,-0.005650941355655282
56.550000000000004,-0.0026664224059403715
56.56,-0.0021816514631767554
56.57,0.009529130588708202
56.58,0.009093327137581377
56.59,0.00600275165504152
56.6,-0.005166821583616297
56.61,-0.008639253718166606
56.620000000000005,-0.003661917245587505
56.63,-0.004664109011323383
56.64,0.00011851600292787749
56.65,0.005554558201355862
56.660000000000004,0.007166458777577161
56.67,0.006897281708210171
56.68,-0.002806488775538645
56.69,0.003744686869213658
56.7,-0.003743316049515599
56.71,-0.008781889135296346
56.72,0.004031305312058846
56.730000000000004,-0.009803448948604243
56.74,-0.0018163482508302287
56.75,-0.0034124146139584855
56.76,0.0038675507703770477
56.77,0.005324909455207579
56.78,-0.003918107280574323
56.79,0.006232540288897069
56.800000000000004,-0.004121664789901325
56.81,-0.0010734728002687755
56.82,0.004540370540282678
56.83,0.0038584045844957723
56.84,0.009747369446244
56.85,-0.0054967795156813624
56.86,0.0032463582707916473
56.870000000000005,0.0021936381655155487
56.88,0.008301969089800599
56.89,-0.006872757167102499
56.9,0.00503596327173866
56.910000000000004,0.0013653723253753674
56.92,-0.0045066826042418915
56.93,-0.0005113017170565188
56.94,-0.003324468058604044
56.95,0.0015862680557692174
56.96,0.007780012216293318
56.97,0.00138609968824404
56.980000000000004,0.002634448366531681
56.99,0.0003749569422941898
57.0,-0.008976689871090482
57.01,-0.005342828862478115
57.02,-0.00015996541135834472
57.03,-0.0037952943251059043
57.04,-0.006364728044776115
57.050000000000004,8.265683836876717e-05
57.06,-0.0035438041310429935
57.07,-0.004837847136531705
57.08,-0.0007202916511923844
57.09,-0.007334314838356537
57.1,0.008554914661508145
57.11,0.007354041958384782
57.120000000000005,0.004152411714810707
57.13,-0.007875723448230875
57.14,0.005517545089393861
57.15,0.006159146562180381
57.160000000000004,0.005355292354286754
57.17,-0.007720682257615177
57.18,0.0028781591413552937
57.19,0.00668649591498797
57.2,0.001547068024393354
57.21,0.0029281475045617802
57.22,-0.0008327304114738761
57.230000000000004,0.0005741463976810524
57.24,-0.009312462832965496
57.25,0.0027792604394656917
57.26,-0.008371055742176817
57.27,-0.001299708113195533
57.28,-0.004146898046651843
57.29,0.000908559004234262
57.300000000000004,-0.007331673289535858
57.31,0.003832868039466364
57.32,0.005900230738569408
57.33,-0.00673291100513687
57.34,-0.007913738252962356
57.35,-0.007089690344252817
57.36,0.007542551237970036
57.370000000000005,0.0005637852351271233
57.38,-0.0006547800798499485
57.39,-0.007865763617952914
57.4,0.0029911201351392365
57.410000000000004,0.007359991837901798
57.42,0.00656371738646906
57.43,0.0025210941796160267
57.44,-0.008494425666966527
57.45,-0.007752059456479741
57.46,-0.009013820257803506
57.47,-0.004850415670150614
57.480000000000004,-0.007286770656792445
57.49,-0.004799039194951322
57.5,-0.002298838885620766
57.51,0.008859655681422713
57.52,0.002207521195633841
57.53,0.006699475713659248
57.54,0.004207030014246644
57.550000000000004,-0.007749937389467365
57.56,0.004718408127478977
57.57,-0.004498022368817511
57.58,0.002782156939894127
57.59,-0.0031807605271402294
57.6,0.009953445265293183
57.61,-0.004728970410064444
57.620000000000005,-0.004417390584514607
57.63,0.008613445111247965
57.64,-0.009507111907273547
57.65,0.003933779757463937
57.660000000000004,0.004506527814717562
57.67,0.006727571548207986
57.68,0.009488786212769508
57.69,0.009512038383133048
57.7,-0.008694464848670723
57.71,0.006436786455058048
57.72,0.002926198673147626
57.730000000000004,0.0029468426874618234
57.74,-0.007433001467706105
57.75,0.0030037433289130666
57.76,0.009649651612024955
57.77,0.00823637139078894
57.78,-0.0012173867839029903
57.79,-0.009201040534278114
57.800000000000004,-0.002754130199995903
57.81,0.006527806232011104
57.82,0.00402998202930332
57.83,-0.0008131268881208728
57.84,-0.008897969296823379
57.85,-0.0014621054435339474
57.86,-0.0006195012056423293
57.870000000000005,0.008571110657882719
57.88,0.0028217220716431884
57.89,-0.003766941666907022
57.9,0.0005063652890144269
57.910000000000004,-0.008678893843556799
57.92,0.009451364712994738
57.93,-0.00279880196138548
57.94,-0.0004426529017372838
57.95,-0.0028943205152615484
57.96,0.0036502346023240036
57.97,0.0032446431665918603
57.980000000000004,0.004306446210582713
57.99,-0.004637135407761584
58.0,-0.0036866303767186803
58.01,-0.007494975378075841
58.02,0.003110199436922251
58.03,-0.00920405745328695
58.04,0.0019536467104691816
58.050000000000004,0.007393917697032676
58.06,0.007816642965792672
58.07,-0.001019244792600767
58.08,-0.0008139262357385255
58.09,-0.008460616339839654
58.1,0.0034153005088607153
58.11,0.006425188407456909
58.120000000000005,-0.00510689890790574
58.13,-0.0015739823673327075
58.14,0.0067767867353054085
58.15,0.007542409353245761
58.160000000000004,-0.005136400394715481
58.17,0.001011412690827284
58.18,-0.006150136987283459
58.19,-0.00796242471720887
58.2,0.008222410027839152
58.21,0.006410150084642184
58.22,0.005200698036063479
58.230000000000004,-0.009024673623737193
58.24,0.00687457585420515
58.25,-0.0012391184818923255
58.26,-0.003152097534082807
58.27,0.0009295272205075283
58.28,-0.008172935145528883
58.29,0.005132930987047977
58.300000000000004,0.0016487015377659175
58.31,-0.00626819806253665
58.32,-0.006235356004619088
58.33,-0.006315026968546515
58.34,-0.008859952248961321
58.35,0.0017559689874336957
58.36,0.006806963551770162
58.370000000000005,-0.009650035720252229
58.38,-0.009019907100574528
58.39,0.0014554055337389158
58.4,0.006389913707721047
58.410000000000004,-0.0034652221886273286
58.42,-0.0030077120238455567
58.43,0.0019269299499355182
58.44,-0.0045157422175170605
58.45,-0.009467832678446317
58.46,0.004704570362031922
58.47,0.002512998258829063
58.480000000000004,0.001615119981113182
58.49,0.0048336825798364624
58.5,0.0035046167512407505
58.51,-0.005882360236433577
58.52,-0.0029503790611329775
58.53,-0.0074777971664275
58.54,-0.00740285973164238
58.550000000000004,0.003523914927130785
58.56,0.007172002139649964
58.57,0.009254651677222782
58.58,0.002566942350988888
58.59,-0.00631797353278086
58.6,-0.007886993091021387
58.61,0.006257019430735157
58.620000000000005,0.0015751295271999848
58.63,0.002365700420274397
58.64,0.005629241775094185
58.65,0.004065544554649032
58.660000000000004,0.006689165057121934
58.67,-0.008875721890802431
58.68,0.004950412734930097
58.69,0.00701705514644191
58.7,-0.004277299150833714
58.71,0.0028089454798650576
58.72,-0.003716758723260558
58.730000000000004,0.009159421329649082
58.74,-0.009331528551289926
58.75,0.0015958568766591009
58.76,-0.006669929059009698
58.77,0.004244404103543174
58.78,-0.006482194331626758
58.79,-0.005292334762032848
58.800000000000004,-0.00011258377908483774
58.81,0.008296698999937563
58.82,-0.005765712557040583
58.83,-0.00711519957763793
58.84,0.005179536637080612
58.85,1.2390646678619652e-05
58.86,0.008235702247635429
58.870000000000005,-0.007067708856803154
58.88,0.0029185578604607864
58.89,-0.0053424170769637
58.9,-0.006864791426967214
58.910000000000004,0.0036685883031454102
58.92,0.0018736923981746648
58.93,0.005096549167246625
58.94,-0.0038107484710763525
58.95,-0.0010405668723562009
58.96,-0.0018905664733916312
58.97,0.009681789279330283
58.980000000000004,-0.004155020865212243
58.99,-0.0041036552330646625
59.0,-0.0029090358234278527
59.01,0.001291881625806431
59.02,-0.004953545114725095
59.03,0.008305798807585479
59.04,-0.00468628870267473
59.050000000000004,0.007916314631203894
59.06,-0.007930498727068308
59.07,0.003131254047993047
59.08,0.008139710368764876
59.09,-0.00662501123203541
59.1,0.0093665392019851
59.11,-0.0009423327916897664
59.120000000000005,0.00891430216882049
59.13,0.0035364008726009397
59.14,-0.00396826260252897
59.15,-0.006233949501657872
59.160000000000004,-0.0039252990754980125
59.17,-0.0081396518147465
59.18,-0.0071226406731334044
59.19,-0.007906791193070377
59.2,-0.0015411291251688445
59.21,0.005911567525151729
59.22,-0.0071723289156731965
59.230000000000004,-0.007393591336553282
59.24,0.0028685789903466156
59.25,-0.006056340360638675
59.26,-0.008047799237820168
59.27,-0.006663028435888447
59.28,0.008474627917535523
59.29,0.0064294250555238155
59.300000000000004,-0.002918708752898118
59.31,0.0031164153465478555
59.32,0.0007455134733607618
59.33,0.0035424852696512785
59.34,0.003653423049255186
59.35,0.0025746803011998595
59.36,-0.004677972629253829
59.370000000000005,-0.009219871584743638
59.38,-0.0008886643601978238
59.39,0.007819477693814076
59.4,0.001389945170371519
59.410000000000004,0.0066478208340381584
59.42,0.009832486859224563
59.43,-0.006727675917234475
59.44,0.0038355527828396463
59.45,0.003485871474000493
59.46,0.009599108947165568
59.47,0.009712014679056006
59.480000000000004,0.003733572234482589
59.49,-0.005127704160356115
59.5,0.005971116762611981
59.51,-0.007859417315779238
59.52,0.005613986083432575
59.53,0.008203922482893927
59.54,-0.002343332104631295
59.550000000000004,0.002612705899661609
59.56,-0.0013971453580634736
59.57,-0.0012446989002374304
59.58,-0.0037925822178375987
59.59,0.005242592409006493
59.6,0.008723531283330104
59.61,0.008815017184689222
59.620000000000005,-0.006504374302501324
59.63,0.007494872993131322
59.64,0.0047486288285424425
59.65,-0.004943251986194215
59.660000000000004,-0.008654307741569708
59.67,-0.00464005466231244
59.68,0.008244164735630511
59.69,0.0026635734979154457
59.7,0.004421093217957438
59.71,-0.004856952977818083
59.72,0.004387763111496405
59.730000000000004,-0.009437569874441526
59.74,-0.002493573084539724
59.75,0.0025350669708466243
59.76,-0.007078068689173596
59.77,0.006460071488938695
59.78,-0.005299374023761627
59.79,0.0030456222563689257
59.800000000000004,-0.0018960571484934064
59.81,0.0019208719095529445
59.82,-0.007850988947421839
59.83,-0.009661744001567853
59.84,0.008191288547606023
59.85,-0.004607399824656344
59.86,0.006393540055609182
59.870000000000005,0.009987006009444003
59.88,-0.005771374840021777
59.89,-0.004696585176332888
59.9,0.003257195752693313
59.910000000000004,0.009308972692012423
59.92,0.00831628696381488
59.93,5.7510401311697615e-05
59.94,0.005902205650534493
59.95,-0.007285082938001979
59.96,0.009548763684080247
59.97,0.00928706468071973
59.980000000000004,-0.00672542084241658
59.99,-0.004011537503937868
60.0,-0.007996900049864662
60.01,-0.004565648022036406
60.02,0.006319115788304132
60.03,-0.002433687856694811
60.04,-0.008232060657064832
60.050000000000004,-0.003155489504421909
60.06,0.0096276666848256
60.07,0.0025936719051840584
60.08,-0.0016767810718768452
60.09,-0.006669229730054601
60.1,0.009723535945673897
60.11,0.006416980185262574
60.120000000000005,-0.004370453950981612
60.13,-0.008598626085576211
60.14,-0.00886748885244884
60.15,-0.007592437009889324
60.160000000000004,0.0016153716722884324
60.17,0.008575268424109847
60.18,-6.513143988031052e-05
60.19,0.006858909649123944
60.2,-0.001082267602803843
60.21,0.004171670915356505
60.22,0.004637454745730017
60.230000000000004,-0.006520725881933228
60.24,-0.0027756788204837644
60.25,0.002746043130760479
60.26,-0.008586067836312676
60.27,-0.002769196244740868
60.28,0.0006959893256238484
60.29,0.009924489860892774
60.300000000000004,-0.0005093287475511857
60.31,0.006321135142286471
60.32,-0.0013586542986676452
60.33,0.005927814452394179
60.34,0.001908296032402168
60.35,0.007731908830047965
60.36,-0.001781148952997802
60.370000000000005,0.0020860883964295782
60.38,0.0026003736123765483
60.39,-0.0016523411639905346
60.4,-0.00711375912625037
60.410000000000004,-0.00812881186175329
60.42,-0.009666568988007338
60.43,0.007470685284904294
60.44,-0.005270501755226109
60.45,-0.00576986501436464
60.46,0.004720708008521311
60.47,-0.003599677738252165
60.480000000000004,0.00012089384823673124
60.49,-0.006749778694050874
60.5,0.009194914429239384
60.51,0.007031628000344748
60.52,0.007275792459300065
60.53,-0.0018645250285598963
60.54,0.005247224274143456
60.550000000000004,-0.007122476892204397
60.56,-0.009827619948164395
60.57,-0.009600541348439438
60.58,0.0017320347480912091
60.59,-0.0008921018950411846
60.6,0.00036030697817039485
60.61,-0.009850737191655612
60.620000000000005,-0.0015462676068514862
60.63,0.004361363224017216
60.64,-0.0011461259606512838
60.65,0.004644384126244445
60.660000000000004,-0.005339620712063305
60.67,0.006262840089634509
60.68,0.001768624809069046
60.69,-0.005784738011401875
60.7,-0.005265590482923342
60.71,0.0025606092913907415
60.72,0.006598791864248868
60.730000000000004,-0.001687444359416897
60.74,-0.004833991417448156
60.75,0.007340232138212008
60.76,0.0033853658350166977
60.77,-0.0010382902543384694
60.78,-0.00024199609441396402
60.79,-0.005914870641272072
60.800000000000004,0.002536052601296879
60.81,-0.002825149789142227
60.82,0.009912903533486986
60.83,-0.00039632969476224335
60.84,-0.0002822878762077357
60.85,0.0013170357482134368
60.86,0.008335120062374935
60.870000000000005,0.006016361997195007
60.88,-0.0009773986040431722
60.89,0.00437398531945592
60.9,0.0017247099756152323
60.910000000000004,-0.00015265902597502191
60.92,-0.00615368454431299
60.93,-0.0007212747309021817
60.94,-0.0050836282595485074
60.95,0.008296842997033095
60.96,-0.003291863730073062
60.97,0.009045280290667446
60.980000000000004,0.0006611058018942233
60.99,0.0026308875735232065
61.0,0.000858808889786556
61.01,-0.007412387660665982
61.02,-0.002483575619841181
61.03,-0.008017077754447521
61.04,0.0024590808836676345
61.050000000000004,-0.0010625160959912214
61.06,0.005559699431418737
61.07,-0.005590590380012603
61.08,-0.006708678831413302
61.09,-0.0018733553807246447
61.1,0.008531707664367621
61.11,0.004208436300248235
61.120000000000005,-0.001621527504141627
61.13,0.0003454433950862111
61.14,-0.008315739776458034
61.15,0.009691517927522262
61.160000000000004,0.0033281460938983792
61.17,-0.004291918630731551
61.18,0.0017161678843048873
61.19,-0.007810352678620121
61.2,0.009316733376151671
61.21,-0.006504300242332681
61.22,0.002960606361104283
61.230000000000004,-0.005090910749221391
61.24,0.004351227652970715
61.25,0.005536427344805622
61.26,0.003468394578228654
61.27,0.0022899892051038515
61.28,0.007849381879040234
61.29,-0.00842746578020484
61.300000000000004,-0.0033817046843960964
61.31,-0.005034250407383081
61.32,0.009760279241308433
61.33,-0.0022122044066625298
61.34,0.004652253984807975
61.35,0.003694503277620092
61.36,-0.005758375250452446
61.370000000000005,-0.005220046395768974
61.38,-0.004374308728939318
61.39,-0.0017774544348124147
61.4,-0.005313498686989464
61.410000000000004,-0.009606970345063044
61.42,0.007587861136143908
61.43,0.00931219662761768
61.44,-0.0031685922593686407
61.45,-0.003229862411490543
61.46,-0.00985816374451258
61.47,0.0036050137666074813
61.480000000000004,0.006508797914972575
61.49,-0.007067833992799937
61.5,-0.006806673012656986
61.51,0.005801664999428755
61.52,0.0023258149670828936
61.53,-0.00910278884744566
61.54,0.0024509398092456332
61.550000000000004,-0.003821645543124679
61.56,-0.002625496890583081
61.57,0.005394628365937603
61.58,0.0062187038534522125
61.59,-0.0019928674632033877
61.6,0.008943058720127095
61.61,-0.0018707456409585554
61.620000000000005,0.0054367207046021986
61.63,-0.00032245470871481927
61.64,0.00795064653044168
61.65,0.008155224873003573
61.660000000000004,-0.008251663842578322
61.67,0.008729866626204513
61.68,0.006510696830408313
61.690000000000005,0.0058262142862533384
61.7,-0.0059817732062895515
61.71,0.006102384175093298
61.72,0.007002654693700738
61.730000000000004,-0.004216993310916981
61.74,0.009045201567246476
61.75,-0.009002797072016715
61.76,-0.007001814935057207
61.77,0.0007516227610302861
61.78,0.001515849422446194
61.79,0.0029030016660180676
61.800000000000004,-0.009660617413690672
61.81,0.009207335492442606
61.82,-0.00910823814531712
61.83,-0.007138760945531952
61.84,-0.009719709649478861
61.85,0.0013371686658818945
61.86,0.008645337678419443
61.870000000000005,0.003318943321609284
61.88,0.006453149369608545
61.89,-0.009734375930828399
61.9,0.0008403059695945223
61.910000000000004,-0.0008087404498895619
61.92,-2.0641115584139544e-05
61.93,-0.008555736293296241
61.940000000000005,0.00368870722138615
61.95,6.440829717268941e-05
61.96,0.005302976997225279
61.97,-0.00029418731876569224
61.980000000000004,-0.007012367275471359
61.99,0.0029651390815564407
62.0,-0.006552272757896676
62.01,0.0074478912670963
62.02,0.0022623247813848297
62.03,-0.006855922328860915
62.04,0.009246761149624137
62.050000000000004,0.00036730926670641185
62.06,-0.0085420309625669
62.07,0.0025366580883013443
62.08,-0.004936021859743796
62.09,0.0060738690375460504
62.1,0.0063564414713238124
62.11,0.009578947117093237
62.120000000000005,3.7390620490074244e-05
62.13,-0.0009008624054452578
62.14,0.005069512108929612
62.15,-0.0073505868731614694
62.160000000000004,0.0009383102758624834
62.17,0.0009249520026170192
62.18,-0.008210537543792256
62.190000000000005,-0.0016403182898617284
62.2,0.0070656959713440385
62.21,0.007123072439893205
62.22,-0.00801524670160638
62.230000000000004,-0.008185582345043383
62.24,-0.004746090459961294
62.25,0.00749532125107987
62.26,-0.007421948298530021
62.27,0.004399936052548925
62.28,-0.007976687607737936
62.29,0.0024627570749565075
62.300000000000004,-0.0028786540176171035
62.31,0.005778279259317341
62.32,-0.005326191023492728
62.33,0.0027840365877991966
62.34,-0.005286349308482301
62.35,0.004273205662243077
62.36,0.0074735606912149765
62.370000000000005,-0.007463964017464799
62.38,0.007331913771910071
62.39,0.0018715050882859591
62.4,-0.00745779018265952
62.410000000000004,-0.0014491628928057602
62.42,-0.006782794130298042
62.43,0.0040069577773313905
62.440000000000005,0.005177362688358993
62.45,-0.00788406959454402
62.46,0.00012279705389288756
62.47,0.0062925011205183425
62.480000000000004,0.008723260831019932
62.49,0.0002703573348354013
62.5,0.00900558447222814
62.51,0.0007137794091205962
62.52,-0.0021161901080018405
62.53,0.006964062571057911
62.54,-0.00014034579083821962
62.550000000000004,-0.0005619497887095395
62.56,-0.00019375021180343364
62.57,0.006935700037394908
62.58,0.006638830833761043
62.59,-0.0019296001511957765
62.6,-0.0033340028025895
62.61,-0.00016143951921741492
62.620000000000005,0.0014554501947421812
62.63,-0.005233255787440061
62.64,0.005879101694311812
62.65,-0.00027034468535154163
62.660000000000004,-0.003319089031600808
62.67,-0.007863580140720187
62.68,-0.005223096791927862
62.690000000000005,0.008985623435119673
62.7,-0.0038980062636094683
62.71,-0.006622814212659294
62.72,-0.0007865441669001362
62.730000000000004,-0.0038582451327950264
62.74,-0.009296814994576116
62.75,-0.0035370956544116547
62.76,0.0008821724787893715
62.77,0.0010342474403993388
62.78,-0.0028688215764622257
62.79,-0.0010539448749479867
62.800000000000004,0.009310358364695329
62.81,-0.002453030455393768
62.82,-0.00483546373480034
62.83,-0.005130659118664798
62.84,-0.0008447077459173176
62.85,0.005190402974338881
62.86,-0.005880236316230536
62.870000000000005,0.004185922542815362
62.88,-0.009577003533011674
62.89,-0.0016213404403210788
62.9,0.005517301304055738
62.910000000000004,-0.0032253408845113723
62.92,0.0012747420289079894
62.93,-0.005900415343481784
62.940000000000005,0.004839907822523446
62.95,-0.008954417934624807
62.96,0.007050852897510009
62.97,-0.006036072271566637
62.980000000000004,0.007487960634166615
62.99,-0.002949415173989654
63.0,0.004453671489489733
63.01,-0.0036154940442762306
63.02,0.008118233424692952
63.03,-0.007467257489632513
63.04,-0.006429604214548025
63.050000000000004,-0.00013939749682395468
63.06,-0.008361231219237078
63.07,-0.006080396305964761
63.08,0.008875327644240287
63.09,0.009529793222957742
63.1,-0.0024748134133915608
63.11,0.008465720420278712
63.120000000000005,0.0008964935134686339
63.13,-0.004605150682524659
63.14,0.004047974421611972
63.15,0.0031780361314971434
63.160000000000004,0.009782506382174668
63.17,-0.004699054251814334
63.18,0.0034411900532347085
63.190000000000005,-0.008959524899411063
63.2,-0.007727079226065612
63.21,-0.009921632500978135
63.22,0.009989213621193463
63.230000000000004,0.006045473942949556
63.24,0.005734460294670814
63.25,0.00019452150576359378
63.26,-0.0039986583418912015
63.27,-0.006974714310746482
63.28,-0.004306505223070727
63.29,-0.002480575561417218
63.300000000000004,0.005126201939605881
63.31,0.0007932357780630478
63.32,-0.008450327468890347
63.33,-0.009639419820821756
63.34,-0.007953356409318737
63.35,-0.0017900257260524133
63.36,0.008663858340980367
63.370000000000005,0.0027480496241844322
63.38,0.0060365179975103034
63.39,-0.0006725081099090285
63.4,-0.002766678336099144
63.410000000000004,-0.007831992545667545
63.42,0.007518660443724101
63.43,0.005663200580558055
63.440000000000005,-0.006637638048045498
63.45,0.0002452112775252098
63.46,-0.0002525038415751024
63.47,0.0025018310537305716
63.480000000000004,0.008923737879825226
63.49,0.0015954288352495929
63.5,0.0008043453355723717
63.51,-0.008993541341306721
63.52,-0.008741850479639521
63.53,-0.006253064173464223
63.54,-0.009350584566165035
63.550000000000004,0.004867057911400248
63.56,0.004466606079879263
63.57,-0.007278875311367141
63.58,0.006721578015905618
63.59,-0.00690427930307776
63.6,-0.003976488260052824
63.61,-0.0050204620167727
63.620000000000005,-0.0025538580285390444
63.63,-0.004906724682200762
63.64,-0.00022098147123095907
63.65,-0.001851842372906292
63.660000000000004,0.00973138981558653
63.67,-0.008881472997435486
63.68,-0.007156372472252968
63.690000000000005,-0.00894348212182795
63.7,0.002516823899647516
63.71,-0.008909814451725609
63.72,0.0067287947475224655
63.730000000000004,0.00023877261363855658
63.74,0.000540152491630674
63.75,0.0012318901542438844
63.76,-0.0065837258738757854
63.77,-0.006046193937710249
63.78,-0.0036236535425399063
63.79,0.0018699283164370292
63.800000000000004,-0.005797644481195709
63.81,-0.007673365457334776
63.82,0.009402337728368645
63.83,-0.009560363703807542
63.84,0.006053948106720433
63.85,0.005760702991500442
63.86,-0.00405571772309808
63.870000000000005,-0.007287467679853732
63.88,-0.007087427065891532
63.89,0.00394863234474385
63.9,0.0028561318217234736
63.910000000000004,0.005654913485027736
63.92,0.008749623447982092
63.93,0.0038385472653318393
63.940000000000005,-0.006882969268971131
63.95,-0.005131147664691787
63.96,0.006843874617462291
63.97,-0.005813878483315829
63.980000000000004,-0.008549553660910371
63.99,0.00406560108084501
64.0,-0.0019494728901971597
64.01,0.008400801050918073
64.02,0.0030051014218732304
64.03,-0.008191620444166785
64.04,0.008957131345073215
64.05,-0.004828854727195082
64.06,-0.0032557501918742847
64.07000000000001,-0.001954791726329159
64.08,-0.008975514071913736
64.09,-6.969155538790253e-05
64.1,-0.007533630178494155
64.11,-0.0019805934662329647
64.12,-0.002985804240158314
64.13,0.005456801668530067
64.14,0.006063410232654621
64.15,-0.00693174235221824
64.16,-0.0026689762524154757
64.17,-0.002532936779363366
64.18,-0.0069717911212783
64.19,0.005969070101023809
64.2,0.0041445665667084654
64.21000000000001,-0.006192364274059305
64.22,-0.0026655618281240193
64.23,-0.007883899502869716
64.24,0.0025641319418608782
64.25,-0.007572561509027607
64.26,0.009718683372498356
64.27,0.005613641493757246
64.28,-0.002195229008320099
64.29,0.0015712786455870879
64.3,0.008226836324328175
64.31,0.0010819856079165233
64.32000000000001,-0.006510030272040897
64.33,-0.0024259328883768135
64.34,0.006862897300594908
64.35,0.002884260319792357
64.36,0.0030144876866760057
64.37,0.007336429713769783
64.38,0.007879461149250094
64.39,0.008395851435588726
64.4,-0.008103016134936879
64.41,0.0008825200392620185
64.42,0.0048101904243663725
64.43,0.005138536902540276
64.44,0.002134324039400077
64.45,-0.006664253296326517
64.46000000000001,0.005948411078833286
64.47,0.004402226670298914
64.48,-0.008277284569019274
64.49,-0.0007238035065124746
64.5,-0.006520452009563929
64.51,-0.003250459085740563
64.52,-0.009638378155886291
64.53,-0.0019934026317848345
64.54,0.0009975384231242085
64.55,0.0023916518565417367
64.56,0.0032698069025742012
64.57000000000001,0.006725826262049201
64.58,-0.005690741854485399
64.59,-0.007590363551230641
64.6,0.007030743437958514
64.61,-0.006867743702147003
64.62,0.009495201626723905
64.63,0.0068507645879727404
64.64,1.7532117791983423e-05
64.65,0.009628428498440504
64.66,-0.008052465417839915
64.67,-0.003938684776497967
64.68,0.0027644883008122283
64.69,-0.002999862630536425
64.7,0.008567451039615837
64.71000000000001,-0.00868747823644365
64.72,0.0009882366412192912
64.73,0.0018173253479022902
64.74,0.0030545624755444825
64.75,-0.004886675533363712
64.76,-0.002708671449602711
64.77,0.006873610593299552
64.78,-0.006101144620596804
64.79,0.006537356943467241
64.8,0.0012531084580548486
64.81,0.0052437502238816425
64.82000000000001,0.004272147325269432
64.83,-0.00584977009230242
64.84,0.0013762547286774573
64.85,0.007354463056101849
64.86,-0.0013576752639614127
64.87,0.009331815404466334
64.88,-0.0009556979979656391
64.89,-0.007144287266642306
64.9,-0.002211306398446535
64.91,0.009034048127810742
64.92,-0.003605583013202915
64.93,0.007361963197341259
64.94,0.007625013633637797
64.95,-0.0029962695133607786
64.96000000000001,-0.008334846838987359
64.97,0.004491158183176365
64.98,-0.0037697540197202794
64.99,0.005658472285151447
65.0,-0.0011469030347913377
65.01,-0.0002946651531475688
65.02,0.005558188134970736
65.03,-0.002352733378767442
65.04,-0.0011374530935417092
65.05,-0.002476190624607557
65.06,-0.0026531896944544013
65.07000000000001,0.0005189315380291874
65.08,0.006175988890023016
65.09,-0.0027646337615486825
65.1,0.0004850944107547342
65.11,0.003414546508852017
65.12,-0.0046112110739269
65.13,-0.004449543901952149
65.14,0.008668262540469098
65.15,0.004470691466621773
65.16,0.0015437335244661773
65.17,0.00295440108841224
65.18,-0.009414011137931633
65.19,0.0023620593112339376
65.2,0.00019017746448403774
65.21000000000001,0.0009149935955887131
65.22,-0.0028115234633836585
65.23,-0.008370522045741163
65.24,-0.006133215327758956
65.25,0.009014894264253436
65.26,-0.0018260087545813215
65.27,-0.000666336883382716
65.28,-0.00894580420293122
65.29,-0.009248675409120388
65.3,0.004343628940935153
65.31,0.0007618932824222258
65.32000000000001,0.00017411968432533287
65.33,-0.005137509391546626
65.34,0.004895014632598444
65.35,-0.0066352684178301626
65.36,-0.0062013051267796
65.37,-0.00078575657303449
65.38,-0.004274402757761182
65.39,-0.005050740375337073
65.4,0.0029047528910666337
65.41,0.0030194349043708903
65.42,0.006490341395998583
65.43,-0.001645828660540482
65.44,-0.008538298179476995
65.45,-0.004526672301570846
65.46000000000001,0.009600109263936339
65.47,0.0019251715046540423
65.48,0.004194741696020405
65.49,-0.009852843407491709
65.5,0.0003641146436504164
65.51,-0.009249426849363938
65.52,0.001384604241828959
65.53,0.008415416992721506
65.54,0.009368382610008158
65.55,0.0008110535077784833
65.56,-0.0008359038949556814
65.57000000000001,0.00890034188496988
65.58,0.003472196639933903
65.59,-0.008702014409231811
65.6,-0.0006854884466500483
65.61,-0.005195099630713922
65.62,-0.0006039135710263696
65.63,-0.0008906885598727651
65.64,0.00164289605629484
65.65,-0.0028645901930149757
65.66,-0.006714591010881439
65.67,7.438869179912481e-05
65.68,0.006604057686915242
65.69,0.0032802445613520463
65.7,-0.0032326426814956837
65.71000000000001,0.008710460455177144
65.72,0.008244151424983642
65.73,-0.005813032012318024
65.74,-0.009211648297592741
65.75,0.004826174167015244
65.76,0.0065522052269830645
65.77,0.009357291319027105
65.78,0.007796727881766214
65.79,0.002010695364128297
65.8,0.0006010467842476157
65.81,-0.009443178974748275
65.82000000000001,-0.005066871063104443
65.83,-0.0008077049653414711
65.84,0.0025700780016713557
65.85,0.0011450366663682127
65.86,0.004852719793633812
65.87,-0.004404661382259183
65.88,0.001299052153049464
65.89,-0.008237155132184157
65.9,-0.0017266895283358612
65.91,0.00500321665909202
65.92,0.00386801706858088
65.93,0.009812854743443579
65.94,-0.00444217748024488
65.95,-3.621401652041667e-05
65.96000000000001,-0.003409391724520066
65.97,-0.0011879377188165046
65.98,0.007139002597387761
65.99,0.0036841815037697324
66.0,0.007648823826951633
66.01,-0.005929777833362271
66.02,0.007467222356828762
66.03,-0.008804754516432312
66.04,0.007771985608743049
66.05,-0.003418524410785442
66.06,-0.0037082473317186703
66.07000000000001,0.0002417715339732788
66.08,0.008813803754464637
66.09,-0.009044372706371893
66.1,-0.002955380498585094
66.11,0.007131439773666716
66.12,-0.002078910451290666
66.13,-0.00601686204805866
66.14,-0.0015041163733717638
66.15,-0.002288949970166614
66.16,0.00830832402933407
66.17,0.005238687514861942
66.18,0.00010231111488012701
66.19,0.009767411334431422
66.2,-0.0006944493744815341
66.21000000000001,-0.008835243383594496
66.22,-0.004754513563700303
66.23,-0.001278590395613748
66.24,-0.006861947517077598
66.25,0.008951302526480858
66.26,0.0053369779563554615
66.27,-0.0046342559914445474
66.28,0.0018160906703583168
66.29,0.00442898314219144
66.3,0.008825578578135962
66.31,0.007632706983508214
66.32000000000001,0.00030384452276427387
66.33,0.0054930523958603514
66.34,0.0012428950765516998
66.35,0.0010540778009108017
66.36,-0.007705160833236162
66.37,-0.007477246839676959
66.38,0.0005906723004491486
66.39,-0.004622769100419868
66.4,-0.009579261950790627
66.41,0.0044567840780042455
66.42,-0.009350268066196701
66.43,0.0019055368220810918
66.44,0.0007838758825462876
66.45,0.009376293811556089
66.46000000000001,-0.0003157372130471667
66.47,-0.008727971272444053
66.48,0.0010337593561292342
66.49,0.0068219234123220295
66.5,0.009936985685628797
66.51,-0.001393136526218551
66.52,-0.0035940251500651502
66.53,0.008133065939039978
66.54,-0.006175157418477573
66.55,0.002308578300658533
66.56,-0.0018857115163810455
66.57000000000001,-0.009178352700888895
66.58,-0.0030542305138860446
66.59,-0.004695429549946509
66.6,0.003721823078869738
66.61,0.008975809953838362
66.62,-0.004639056252427245
66.63,0.006229318783033634
66.64,-0.00889280366123181
66.65,0.0007624202007962631
66.66,-0.008588998725802108
66.67,0.008680659822612785
66.68,0.005327025611147805
66.69,0.003158998224091847
66.7,0.0064779276324932866
66.71000000000001,0.0029503959114032634
66.72,0.009378887943485825
66.73,0.00427915895729543
66.74,0.008493172191644935
66.75,0.0003426378402127603
66.76,-0.007658711740362747
66.77,0.0005635544284603427
66.78,-0.007462543438738135
66.79,0.0018498695835281014
66.8,-0.00035013878944674046
66.81,0.0024515079566556335
66.82000000000001,-0.009799060378903369
66.83,-0.006103190166892718
66.84,-0.0001733913617573829
66.85,0.009010071231782697
66.86,-0.0023278191928968314
66.87,-0.001512559478927306
66.88,0.004293921780132444
66.89,0.002075855145722361
66.9,-0.004021476998033335
66.91,-0.0017836720886514439
66.92,-0.005646004022855351
66.93,0.009320429182604171
66.94,-0.007387312368852806
66.95,-0.002563264308671611
66.96000000000001,-0.009483220555599777
66.97,-0.005564410161329072
66.98,0.0056094227676030985
66.99,-0.005976495354222411
67.0,-0.008398731949420687
67.01,-0.0005109364031095336
67.02,-0.00980061530530963
67.03,-0.008304676911473336
67.04,0.006152517391259502
67.05,0.005429466897192129
67.06,0.00830277640809792
67.07000000000001,0.007090308718214989
67.08,0.0036635112647963614
67.09,-0.008953342853986744
67.1,0.005656972359733151
67.11,0.00691021621681121
67.12,0.00598164291543909
67.13,0.00016958070616052145
67.14,-0.005341963227010367
67.15,0.0069065995137745344
67.16,0.00454325619480277
67.17,0.009615223487777031
67.18,-0.006886148044881342
67.19,-0.005486708338958899
67.2,-0.005764037002369946
67.21000000000001,0.005850795352426734
67.22,-0.006261854070997637
67.23,-0.008666803403533879
67.24,0.009971216131712571
67.25,-0.009503655771097018
67.26,0.006704881203177313
67.27,-0.002692663168986944
67.28,0.006832309195156304
67.29,0.001092409824222899
67.3,0.008032624589727201
67.31,0.008523859728292534
67.32000000000001,-0.00981803637438448
67.33,-0.008491756480144235
67.34,-0.004992825408582891
67.35,0.0033863083272700333
67.36,0.007765443930230121
67.37,-0.0008011609741207446
67.38,0.002139462325485309
67.39,-0.006230002944088778
67.4,0.006099336677633708
67.41,0.009346562227069396
67.42,-0.004628021341708051
67.43,-0.00010348096798907386
67.44,-0.008277677789872524
67.45,0.0011827331292593671
67.46000000000001,5.5668836933610993e-05
67.47,-0.007111270316898448
67.48,-0.0011586757376384985
67.49,-0.003317906958268735
67.5,0.0004366175061037876
67.51,0.0017130867085759834
67.52,-0.00983008842785581
67.53,0.005220119658991107
67.54,0.004260285837234817
67.55,-0.0026742722758695556
67.56,-0.008941281288623634
67.57000000000001,0.005098650795701008
67.58,0.009103503209562649
67.59,-0.005196968079559716
67.6,-0.003529507725259242
67.61,-0.006323742210363701
67.62,0.0015387224668967931
67.63,-0.006903172107050901
67.64,-0.002876121130772411
67.65,0.00394026027868526
67.66,0.001202319660186968
67.67,-0.002270748713441295
67.68,-0.0015950079638491627
67.69,0.0012422176524645896
67.7,-0.009882705442256775
67.71000000000001,-0.008429802630927803
67.72,0.0076251613552602345
67.73,-0.008442420218174184
67.74,0.004136071924210102
67.75,0.008400763282181053
67.76,-0.004586327913965378
67.77,-0.0025901712588097146
67.78,0.001378428116894325
67.79,0.007634179392771693
67.8,0.008838111745208403
67.81,0.004791264962225362
67.82000000000001,-0.00826760478290612
67.83,0.003383083110697016
67.84,-0.0017939255625467592
67.85,-0.0005859800101787674
67.86,-0.00901703219309646
67.87,-0.006178757213072836
67.88,0.005810272150672953
67.89,-0.0009208233390428037
67.9,-0.003966755167377023
67.91,-0.0023196185207008365
67.92,0.0070879902665136035
67.93,0.004979980348099138
67.94,-0.0045536920563783445
67.95,-0.007649963195752534
67.96000000000001,-0.004960035567118566
67.97,0.008415129021094673
67.98,0.001631776756995107
67.99,0.0006696041748956577
68.0,0.0019278719938492315
68.01,-0.002679434685069695
68.02,0.006142140406390254
68.03,0.00046572498600499536
68.04,-0.00766504194462409
68.05,-0.007418697503418741
68.06,0.0007371829300523661
68.07000000000001,0.008731404361416785
68.08,-0.0038329575664760255
68.09,0.0073908233771843666
68.1,0.005281911731577587
68.11,-0.005043751141861863
68.12,-0.009273185033675151
68.13,-0.007963054697152345
68.14,0.004569878676948804
68.15,-0.006006605239187066
68.16,-0.002574581589892124
68.17,3.398332012849621e-05
68.18,0.004509363369003256
68.19,-0.0077353755348174924
68.2,-0.0018726718944507698
68.21000000000001,-0.0002985418171460915
68.22,0.0008165412794307932
68.23,0.006367212827904334
68.24,-0.006566436099135662
68.25,0.006156629036532446
68.26,0.003857568553933044
68.27,0.001117416283979187
68.28,0.003990557408051439
68.29,-0.0017596452209668722
68.3,-0.007232048280637509
68.31,0.0033153048053073467
68.32000000000001,0.0004934461337124454
68.33,0.0027874960108555096
68.34,-0.0032400243794302
68.35000000000001,0.008137331546796718
68.36,0.001747397371511538
68.37,-0.008291950314182523
68.38,-0.001003920185911427
68.39,0.005127121094872686
68.4,0.005882691234645446
68.41,-0.00010805894472482556
68.42,0.007894951416626021
68.43,-0.004646631256114049
68.44,-0.0017880260552346691
68.45,0.007971938211379403
68.46000000000001,0.007925134329431578
68.47,0.003714255376493619
68.48,0.007179610942444405
68.49,-0.008224534660875346
68.5,0.007299899524155528
68.51,-0.003587601868995465
68.52,-0.006433369751435674
68.53,-0.005212603273159073
68.54,-0.001640629839722258
68.55,-0.0049761599079106555
68.56,-0.0035886482796700196
68.57000000000001,-0.007300430278567158
68.58,-0.00407646468882003
68.59,0.0014456762908400238
68.60000000000001,-0.0011629258381787213
68.61,-0.0030656247752817766
68.62,0.00492904257714228
68.63,0.007870199427866357
68.64,0.005135784458047941
68.65,-0.0033599859576464164
68.66,0.0048888433567510735
68.67,-0.006960396350518976
68.68,-0.007393640238174182
68.69,-0.0030874592592768212
68.7,0.00615404738088114
68.71000000000001,-0.005073035055153963
68.72,-0.008734931822026408
68.73,-0.007365809295872898
68.74,0.007174899370591603
68.75,0.0026756656949457527
68.76,-0.004935976732600467
68.77,0.0011059165065636263
68.78,0.0005515924485070076
68.79,0.003108719568813225
68.8,-0.005336248911567674
68.81,0.0072880597438879525
68.82000000000001,-0.0038126287583997434
68.83,0.0038826330795247374
68.84,-0.009677507072555703
68.85000000000001,-0.0025468574021170554
68.86,-0.0029658036408238345
68.87,0.000869688571660289
68.88,-0.00854527476445607
68.89,0.0058026274745221675
68.9,-0.005644383964648629
68.91,0.003540756297640205
68.92,0.006064242464881865
68.93,0.0012375391248302618
68.94,0.00481766413443971
68.95,0.003237206244300111
68.96000000000001,-0.0028894040569598482
68.97,0.006177170780671306
68.98,-0.004105972602289441
68.99,0.001424258355030343
69.0,0.004907954782830791
69.01,-0.0024208818037498485
69.02,-0.003944647847651499
69.03,-0.0008130797965435459
69.04,0.006359269886983073
69.05,0.008598435262913295
69.06,0.0009016682571978026
69.07000000000001,0.0032293241064730374
69.08,0.008065472444778283
69.09,-0.008029062971741153
69.10000000000001,-0.005358428442676699
69.11,0.004178000125031649
69.12,0.006474889238245992
69.13,0.0071405805666115586
69.14,-0.0016978564629013485
69.15,-0.008213201954162664
69.16,-0.0012443704540076022
69.17,-0.005385308195858925
69.18,-0.004176070900067517
69.19,0.005445351136750116
69.2,-0.008489458279482262
69.21000000000001,0.006551624349614043
69.22,-0.0014466182835166184
69.23,0.0019212786220119023
69.24,-0.00820695537528642
69.25,-0.003252818432854408
69.26,-0.008205981619703085
69.27,0.009230874457622192
69.28,0.00614523298652501
69.29,-0.0008073449128707961
69.3,-0.005527949033526578
69.31,0.008669102104997045
69.32000000000001,-0.003108068085460565
69.33,-0.006780311366252505
69.34,0.0012632877690790974
69.35000000000001,0.008875482406896321
69.36,-0.009923394189993549
69.37,-0.005237503134920025
69.38,0.008768952808208151
69.39,-0.00657828066285676
69.4,-0.0077351309672036034
69.41,0.0014037443159960888
69.42,0.007236876465896597
69.43,-0.0004578036461214772
69.44,0.009891285133690494
69.45,0.0035834339907598566
69.46000000000001,-0.008518501855791045
69.47,0.009856642633639506
69.48,-0.0018421152643961908
69.49,-0.004251949323090349
69.5,0.0011575836715577107
69.51,-0.0039138481635827135
69.52,-0.008270849857596954
69.53,-0.009971433138416466
69.54,-0.0010083329415947542
69.55,0.006737268444531845
69.56,0.001446303712601531
69.57000000000001,0.009984145978868817
69.58,-0.004263067087056001
69.59,-0.004390898704798894
69.60000000000001,-0.0068050107953211165
69.61,-0.006718728234693296
69.62,-0.004296268079799044
69.63,0.005856800905470543
69.64,0.008115135812728958
69.65,0.009501743394153625
69.66,-0.005354206918070948
69.67,0.0076259509122818345
69.68,-0.0034348982144532594
69.69,-0.0077431891096623115
69.7,0.0074004985104033135
69.71000000000001,0.002722112692872371
69.72,-0.0067053820783787655
69.73,-0.0014033748497399492
69.74,-0.004254846102458647
69.75,0.004735891374203939
69.76,-0.0009316753875146383
69.77,0.0097855989021277
69.78,-0.008905100354808099
69.79,-0.0028996946772750663
69.8,-0.0003619966578004511
69.81,6.267109496639611e-05
69.82000000000001,-0.003681283552287264
69.83,0.00458480498195136
69.84,0.007494941469779496
69.85000000000001,0.00877438603955726
69.86,0.006101867535990525
69.87,0.007011603946131989
69.88,0.0010109060123999099
69.89,0.006517764528536292
69.9,-0.003929921817040956
69.91,-0.0020304247578157124
69.92,-0.003661739723629114
69.93,-0.0006522532910414915
69.94,-0.004288407675227273
69.95,0.009232228845088937
69.96000000000001,-0.0037431074398866374
69.97,-0.008039109237781204
69.98,0.0005363433210082685
69.99,-0.008858018431096473
70.0,-0.007789136673828389
70.01,-0.005612212216075075
70.02,-0.0007129950023571658
70.03,-0.0013349813538194415
70.04,0.0059938372400558226
70.05,0.0047894930776822674
70.06,-0.0014736341201859737
70.07000000000001,-0.0033259158484874023
70.08,-0.0036706243187700285
70.09,0.005479901745880181
70.10000000000001,-0.008958551875574605
70.11,-0.009743567009787884
70.12,0.00591088783853296
70.13,-0.0004570724802190132
70.14,-0.007382377228928481
70.15,-0.005288681308109975
70.16,0.008650079061947652
70.17,0.007190059512497961
70.18,0.004195701004479451
70.19,-0.0003554953932534688
70.2,0.0004064725238277153
70.21000000000001,0.009504890705679172
70.22,0.009315408877685743
70.23,-0.005694619084283314
70.24,0.0062220913261063614
70.25,-0.006055146676659664
70.26,-0.005729250442320972
70.27,0.003521860683291536
70.28,-0.0018999780282490317
70.29,0.008630888142130403
70.3,-0.008219805302079823
70.31,0.00023051281618986091
70.32000000000001,0.008370430608862426
70.33,0.008082273209590101
70.34,-0.006869415731685176
70.35000000000001,-0.002667245998070871
70.36,0.0023824280009339255
70.37,-0.006812102304571957
70.38,0.009360443440914775
70.39,0.008294986574553206
70.4,-0.006660996419310616
70.41,-0.007576890774780291
70.42,-0.008291830343834693
70.43,0.008188873280732622
70.44,-0.006127523804090785
70.45,-0.0016743014291129062
70.46000000000001,-0.001022972686959939
70.47,0.00198022088427135
70.48,-0.0085652931250515
70.49,-0.005464827651989681
70.5,0.00862980773837852
70.51,0.00816820214537139
70.52,0.0056258129481138435
70.53,-0.009611975087635692
70.54,-0.0034598646300779577
70.55,0.002559174706858156
70.56,-0.004496195764530486
70.57000000000001,0.008191733901075545
70.58,0.0026777892366488375
70.59,-0.008561865653671088
70.60000000000001,0.00818011177671406
70.61,0.00915533316352445
70.62,-0.00844575163216549
70.63,0.0006472046972262977
70.64,-0.003932714355716591
70.65,-0.002143218470371952
70.66,-0.006406975640893162
70.67,0.0015614420402482506
70.68,0.009159587064977813
70.69,6.145200543218078e-05
70.7,-0.008341708372110377
70.71000000000001,0.002400026669548168
70.72,-0.0031955401109748597
70.73,0.0071185037918259555
70.74,-0.0013064370336705947
70.75,-0.006143207821155088
70.76,-0.006177887546177102
70.77,0.005375283614423208
70.78,-0.004688248033852802
70.79,0.0053446678831844605
70.8,-0.0058822537846680125
70.81,-0.0035662726259738124
70.82000000000001,-0.000690260551206013
70.83,0.008863916993869016
70.84,0.008634628495076494
70.85000000000001,-0.005862562491554244
70.86,-0.0028356191751385445
70.87,-0.0070120122309245535
70.88,0.00019970158626994236
70.89,-0.000788348986106668
70.9,0.00801520324901465
70.91,0.008600107555821452
70.92,-0.002328652179854158
70.93,-0.00016524113962021122
70.94,0.007924724982922663
70.95,0.006134156154901231
70.96000000000001,-0.009926873773107015
70.97,-0.00359880871632835
70.98,-0.0015645151612774817
70.99,-0.005405674326335366
71.0,-0.006008567682081225
71.01,-0.009244309868086407
71.02,0.0028673945013952106
71.03,-0.004749794190336687
71.04,-0.008953056431373738
71.05,-0.005380413789438728
71.06,0.006038279056722532
71.07000000000001,0.007029783632930933
71.08,-0.0003386750961339464
71.09,-0.0016785865918262765
71.10000000000001,0.009557073870035635
71.11,-0.005988706808238602
71.12,-0.005692814342907831
71.13,-0.004162656459272005
71.14,-0.006544853634378254
71.15,-0.0024126880359162687
71.16,0.008216684539795077
71.17,0.0023069568125714864
71.18,-0.0017610690277547279
71.19,0.008688215891424296
71.2,-0.009030715350483554
71.21000000000001,-0.005794476441962773
71.22,0.001317772102035179
71.23,0.002311052463863584
71.24,-0.009208849868747737
71.25,-0.0019392248418573562
71.26,0.002983079296617454
71.27,0.003961410928068032
71.28,0.0027627980503253866
71.29,-0.003588735512781509
71.3,-0.00812959752804181
71.31,-0.001457751071613318
71.32000000000001,-0.00742491125263889
71.33,0.008952473170413344
71.34,-0.0004965826795474346
71.35000000000001,-0.003654816512862649
71.36,0.005326081422378002
71.37,-4.102814835472285e-05
71.38,-0.003799319519750999
71.39,0.006239354847816033
71.4,0.007343043020022441
71.41,0.0034601633257735406
71.42,-0.009060711551846654
71.43,0.001326457603330642
71.44,0.005265898239945633
71.45,-0.007269939758328356
71.46000000000001,-0.005426584972307933
71.47,0.007649902101362729
71.48,-0.00959756556293852
71.49,0.005054542756519519
71.5,-0.0005245341497115419
71.51,-0.0010645568232078625
71.52,-0.009858069350102257
71.53,0.006387964619329856
71.54,-0.0028035019872686704
71.55,0.0008153126260108581
71.56,0.0035460137267131885
71.57000000000001,0.004052591528758316
71.58,0.009119601176521447
71.59,0.0006267990647321822
71.60000000000001,-0.002005608980511449
71.61,0.00907407252983416
71.62,0.002842204700510423
71.63,-0.004036992874468888
71.64,-0.007470715091928577
71.65,0.006851090029303624
71.66,-0.0027563679441169687
71.67,0.0032093944272886237
71.68,-0.0005836716126820379
71.69,-0.006021404404099233
71.7,0.002033732172409302
71.71000000000001,-0.008786338620986354
71.72,-0.0017331508025761558
71.73,0.0009322987932734207
71.74,-0.0012790605176284178
71.75,0.004973443505019817
71.76,0.006558499090906248
71.77,0.005424861480663561
71.78,-0.009223741043763958
71.79,-0.006117424591080556
71.8,0.0007321501852754868
71.81,0.008696440808876027
71.82000000000001,0.006699135501042336
71.83,0.006850690167036032
71.84,-0.003935836124806502
71.85000000000001,-0.0014110420584259493
71.86,-0.000585881053681252
71.87,-0.006852568333001792
71.88,-0.009378637395110873
71.89,0.008938057989210336
71.9,-0.005185748286729865
71.91,-0.005201021925527374
71.92,-0.00833241892462481
71.93,0.00857015503887557
71.94,0.0015947422987954395
71.95,0.003340737142507077
71.96000000000001,0.00823153774526105
71.97,-0.0030875966219842104
71.98,0.0024301462227616817
71.99,-0.00922401090542225
72.0,-0.006264549435377414
72.01,0.00662491610179885
72.02,0.005335367126766714
72.03,-0.0029871461708570624
72.04,-0.00246378744451575
72.05,0.0006710886710715892
72.06,-0.00999517990629731
72.07000000000001,-0.005175113279239443
72.08,-0.005835363827835711
72.09,-0.004990341065004731
72.10000000000001,0.006118116850668825
72.11,-0.004406522869071137
72.12,-0.006169573558997037
72.13,8.526921586063038e-05
72.14,0.007312900727454641
72.15,-0.005173005923250003
72.16,-0.008429275144144027
72.17,-0.002871905283006706
72.18,0.004953036491299556
72.19,0.0010138108938958917
72.2,0.006335867391486951
72.21000000000001,0.009191842952184679
72.22,0.005853249535032341
72.23,0.0020760615768750674
72.24,-0.00013316823895239034
72.25,-0.009198618273034666
72.26,0.009686439576280825
72.27,-0.0023303775484991495
72.28,-0.006955435721662664
72.29,0.003334177107929135
72.3,-0.004314234218090814
72.31,0.0017155654186209526
72.32000000000001,0.0017353581568918235
72.33,-0.001085403581942616
72.34,0.006722372310900853
72.35000000000001,-0.00470065876889114
72.36,-0.0010273481676453169
72.37,0.0007538425718194297
72.38,0.0032724944153459928
72.39,0.005679437010111791
72.4,-0.0021038543424348796
72.41,0.0029209388819319212
72.42,-0.0069877809386296175
72.43,0.008652962010849573
72.44,-0.002338823871579929
72.45,0.004590428439528768
72.46000000000001,-0.009593178362356448
72.47,-0.00589625714190386
72.48,-0.00025834911352843985
72.49,0.007565049354646932
72.5,0.0005451029990135425
72.51,0.00859740964587758
72.52,-0.0003240620683440734
72.53,-0.0001910180652810005
72.54,-0.0076050642299893625
72.55,0.006053124883044396
72.56,-0.00506069175065875
72.57000000000001,0.0079922497874463
72.58,0.008216484406607922
72.59,0.008866202237482993
72.60000000000001,0.0004046097820617992
72.61,0.0035418756956728872
72.62,0.00557031760123327
72.63,-0.007379707626990688
72.64,0.0020191438999499437
72.65,-0.009314041973933767
72.66,-4.867833222548315e-05
72.67,-0.006903146367595452
72.68,-0.006341541480758306
72.69,-0.00269904866614797
72.7,-0.0013512566656699396
72.71000000000001,0.0024634484906437444
72.72,-0.008511431631229686
72.73,7.383522474889263e-05
72.74,-0.006347497394937978
72.75,0.0014795035006348375
72.76,0.00274809224522367
72.77,0.0011341851310570777
72.78,0.0047659102095661526
72.79,-0.0032878151151819737
72.8,0.0053021318326626175
72.81,-0.0013446583658361273
72.82000000000001,-0.00031631003354806383
72.83,0.0029620425452214286
72.84,-0.00963283232001552
72.85000000000001,0.0030798844284049658
72.86,0.0023717029814423075
72.87,-0.003803057664934402
72.88,-0.00828411430201021
72.89,-0.008181291001739177
72.9,0.008464474939704572
72.91,0.0037855864245167434
72.92,-0.007457947724585192
72.93,-0.002865536613821873
72.94,0.0018496598780319284
72.95,0.006711434101812975
72.96000000000001,-0.00912678142573983
72.97,-0.005267337370599823
72.98,0.0077949798059076
72.99,-0.00981668899632367
73.0,-0.005972017944122252
73.01,0.00918048351945932
73.02,0.002268036930443423
73.03,-0.004766572667249871
73.04,-0.008660178112083049
73.05,-0.009436173191055558
73.06,-0.005105098407261455
73.07000000000001,0.0076297163917782105
73.08,-0.0016817269140498112
73.09,0.00440666738331986
73.10000000000001,0.008365700707599155
73.11,-0.001839190767943668
73.12,-0.006174452579252059
73.13,0.00034235861713838994
73.14,0.00816167374119709
73.15,0.0060874882827540115
73.16,-0.008683403132736925
73.17,0.003851456001551637
73.18,0.0014379504491790745
73.19,0.00814926352692851
73.2,-0.007550371662994056
73.21000000000001,0.0006807222640931327
73.22,0.007589253870237846
73.23,-0.00179952426516514
73.24,-0.00036010164534265934
73.25,-0.008590786446660835
73.26,-0.004437127191021783
73.27,-0.0035098670166210533
73.28,0.008902448974897737
73.29,-0.00434665278917682
73.3,-0.0007826252946069607
73.31,0.0034260884712855964
73.32000000000001,-0.006756332551842452
73.33,-0.00027115225716251024
73.34,0.004770780789518153
73.35000000000001,0.00733710426054132
73.36,0.0025251854932485333
73.37,0.0033810703063389576
73.38,-0.007474330548308621
73.39,0.008915529944926942
73.4,-0.007348518450310353
73.41,0.005493458743635967
73.42,-0.004703673564433623
73.43,0.00867186287402503
73.44,0.00439919078738959
73.45,0.00507627425956738
73.46000000000001,-0.005618816538802334
73.47,-0.0011392004672967845
73.48,0.0023562638917857277
73.49,0.005399472364132019
73.5,-0.007920812481752209
73.51,0.00924730632909057
73.52,0.007804413411091121
73.53,-0.004593028190088313
73.54,0.006455204860646638
73.55,0.00036647846079646863
73.56,-0.0007638703687596268
73.57000000000001,-0.003711317883771892
73.58,0.001619371732631849
73.59,0.004597782354071956
73.60000000000001,-0.0017813419007448351
73.61,0.002584383860165842
73.62,0.003986258423106076
73.63,0.004222436340305717
73.64,-0.008960678037376395
73.65,0.007194956113701337
73.66,-0.0008349337046990417
73.67,-0.004751678366075711
73.68,-0.0051647098504063686
73.69,-0.0003397177431209916
73.7,0.007736630789379183
73.71000000000001,-0.0024330483663470613
73.72,0.004994514935670866
73.73,-0.008063625380255629
73.74,-0.0004788659569787638
73.75,0.009833722807854712
73.76,0.005408756055846739
73.77,-0.00578943023118774
73.78,2.8829473958214002e-05
73.79,-0.005327504727028669
73.8,-0.0018087814547498148
73.81,0.005601680474699295
73.82000000000001,0.0054244963058080724
73.83,-0.005437992441952298
73.84,0.008444466363097205
73.85000000000001,0.0018513636552965358
73.86,-0.0024015141807597097
73.87,3.871161561721376e-05
73.88,0.002101425068754874
73.89,0.0011978106369157082
73.9,-0.0002718992892764352
73.91,9.86560817880025e-05
73.92,-0.006471761791442277
73.93,0.006254658086093589
73.94,0.0008352063988203082
73.95,-0.0073784027659059385
73.96000000000001,0.00532314203165556
73.97,0.008648879567547016
73.98,0.008946137984739243
73.99,-0.002619645351776545
74.0,-0.007289662528784919
74.01,0.00036799253266130323
74.02,-0.007747815413015587
74.03,0.008679748370252345
74.04,-0.00632840745289708
74.05,-0.004944682800976719
74.06,-0.0018672694623005914
74.07000000000001,-0.0023367106288174847
74.08,0.005893257847957781
74.09,-0.0008736635889807533
74.10000000000001,-0.006584634799933263
74.11,-0.004655802090278518
74.12,0.0001822677037504397
74.13,-0.007050921651477303
74.14,0.002233113512920281
74.15,0.001314946131022919
74.16,0.004294046327645153
74.17,0.008754092307587355
74.18,0.008245091222023113
74.19,0.008921512361376628
74.2,-0.005105688059525981
74.21000000000001,-0.007368693867212908
74.22,-0.00395446599007103
74.23,0.007901703455326292
74.24,0.009441069492469764
74.25,0.007186499021409521
74.26,-0.007799645577449128
74.27,0.008948559961195863
74.28,-0.0015328394529842797
74.29,-0.009813794184752927
74.3,-0.0011521251850361274
74.31,-0.009078616606490649
74.32000000000001,0.0008775584232223518
74.33,-0.003228919451258974
74.34,-0.0005313013281190247
74.35000000000001,0.00226340721486234
74.36,0.007376021916356406
74.37,0.0032380315294385717
74.38,-0.0013190226304363867
74.39,0.006388557073407302
74.4,0.008111642751462646
74.41,-0.007604800671356056
74.42,0.0006386595510558292
74.43,-0.004309760805151117
74.44,-0.009058776042461051
74.45,0.003370933902279707
74.46000000000001,0.007255415549184513
74.47,-0.006741946910452119
74.48,0.00624827315247801
74.49,0.007067914670738832
74.5,0.008286808853329669
74.51,-0.004694298218278952
74.52,0.008079061303797786
74.53,-0.0035867449052713555
74.54,0.0010467602691100562
74.55,-0.008989850583354358
74.56,-0.009122378232625128
74.57000000000001,0.004407464254644057
74.58,-0.0011104004404441786
74.59,-0.0048741524926156484
74.60000000000001,-0.006191730079501796
74.61,0.003399069817184361
74.62,-0.009991969119493203
74.63,0.006117823383937083
74.64,-0.008415007877401424
74.65,-0.006170207701837611
74.66,-0.002275272094018208
74.67,-0.00030282520567792744
74.68,-0.002900097683721164
74.69,-0.0035857567003141225
74.7,0.00927832024146377
74.71000000000001,0.002831593624867885
74.72,-0.009531340892652236
74.73,-0.0013964818311137366
74.74,0.007500173994879405
74.75,-0.003970876271786641
74.76,-0.008108873104512235
74.77,0.005167695431798356
74.78,0.002120276638721625
74.79,0.0014062501565300783
74.8,-0.008928468807851841
74.81,-0.007190019804089653
74.82000000000001,0.002450987924262276
74.83,-0.005843523170823284
74.84,8.140159496848598e-05
74.85000000000001,0.000897633720587869
74.86,-0.004329856194581212
74.87,0.008968503110829857
74.88,0.006849282136711503
74.89,0.00444747015265597
74.9,-0.00844012267181182
74.91,-0.007877399613819612
74.92,-0.0001443730827008858
74.93,-0.006785733016180287
74.94,0.00956530927058948
74.95,-0.006829595319451811
74.96000000000001,-0.0002506432907205206
74.97,-0.0027175788631698915
74.98,0.002787728429081959
74.99,-0.007419271822211502
75.0,-0.0013936714391521825
75.01,-0.0045058993438571275
75.02,0.00775503049343376
75.03,-0.009188285757306099
75.04,0.008274549880129186
75.05,0.006659882771060008
75.06,-0.004048585671183691
75.07000000000001,0.005785813093542093
75.08,-0.00937572879322505
75.09,0.009337311005867871
75.10000000000001,0.0005318988517957861
75.11,-0.003934379478691095
75.12,-0.002748335748106459
75.13,-0.008671892930790053
75.14,0.009786990280840785
75.15,-0.00921416109698615
75.16,0.003098142462957181
75.17,-0.001145281445870833
75.18,0.008978324363774303
75.19,-0.005080005193864097
75.2,0.0006417364787602263
75.21000000000001,-0.0003528758283449403
75.22,0.004057328881002027
75.23,-0.00863979536095159
75.24,-0.006124217399532903
75.25,-0.005708703598143004
75.26,0.004763015096833793
75.27,-0.0062172260734651985
75.28,0.001469835277819534
75.29,-0.005695123589980926
75.3,0.007232499001679568
75.31,0.00884370908979277
75.32000000000001,0.00036985949884480937
75.33,-0.0029538223158164347
75.34,-0.005318844499650017
75.35000000000001,-0.009004379969539124
75.36,-0.004629998476050092
75.37,0.0030847155989063586
75.38,0.0006723386261842171
75.39,0.008880825565618549
75.4,-0.0020744547501659882
75.41,0.003877266846567891
75.42,-0.00021354505049757215
75.43,0.0002515243184842333
75.44,-0.00464451370791765
75.45,-0.0009009844631600056
75.46000000000001,-0.0005843000597458552
75.47,0.0041328504349786785
75.48,0.008812799983722279
75.49,-0.0034135744503499144
75.5,-0.009155990628374031
75.51,-7.409748998720572e-05
75.52,0.0008892266429833713
75.53,-0.006631188977361695
75.54,0.005209292125521334
75.55,0.009698582168829831
75.56,0.00891549434016922
75.57000000000001,-0.006057879223526956
75.58,0.007507264798015214
75.59,0.004089872728233695
75.60000000000001,-0.0009230687238617682
75.61,0.0008122198864945803
75.62,0.006992003499649161
75.63,-0.0003973012072325359
75.64,-0.002535852617897463
75.65,-0.00013505013948028437
75.66,0.0015825960807009827
75.67,-0.006218446924433024
75.68,0.008018154605339814
75.69,0.003483738976592276
75.7,0.0026653783467497777
75.71000000000001,-0.008010075476387237
75.72,0.002083478763451836
75.73,-0.0075807867552301535
75.74,-0.00842604649609202
75.75,0.0005462179128478666
75.76,-0.0019442893190701003
75.77,0.0017762054031244638
75.78,-0.008215556638855228
75.79,-0.0013803387430548313
75.8,-0.006504265699096841
75.81,0.009742001718482331
75.82000000000001,0.0012230042487034881
75.83,0.0037487372188173464
75.84,-0.003491634386347844
75.85000000000001,-0.008105221704413117
75.86,0.009517417255670733
75.87,-0.004274819292336336
75.88,-0.001523836296528516
75.89,0.0029972784340515004
75.9,-0.009506054046277775
75.91,0.0062051826103457376
75.92,0.0007315638005724063
75.93,-0.004435656258623557
75.94,-0.008767840294150616
75.95,-0.006750031690511171
75.96000000000001,0.007900677177068738
75.97,0.00372048447871782
75.98,-0.005001965567262203
75.99,-0.00868798470109941
76.0,0.0038123062477327264
76.01,0.001448154519355302
76.02,-0.001909609510835299
76.03,-0.0027277710161987233
76.04,-0.005663714481417835
76.05,0.003392225130750352
76.06,0.009413360555877411
76.07000000000001,-0.006485695083263483
76.08,0.0019423324003100678
76.09,-0.0015162988850804752
76.10000000000001,-0.0010662255651067015
76.11,-0.004917054397443712
76.12,0.00650269751322838
76.13,-0.0002948879170551772
76.14,0.0008681170439652827
76.15,-0.003904781744053485
76.16,-0.006363830686661005
76.17,-0.00828179223594359
76.18,0.004282382818498319
76.19,-0.006075314366242888
76.2,0.003801507083775954
76.21000000000001,-0.0021924710790609224
76.22,-0.0016845039802069698
76.23,-0.0006164500781445665
76.24,-0.0026458298374491367
76.25,-0.007987600455548199
76.26,-0.0038073637999430842
76.27,0.003274687213878769
76.28,0.0033156880293774196
76.29,-0.004275513855200113
76.3,-0.0007979474688462398
76.31,-0.006131055439761251
76.32000000000001,-0.005792558369403285
76.33,-0.009539058231867853
76.34,0.007934930998154894
76.35000000000001,-0.005785866698501876
76.36,-0.005449322461270734
76.37,-0.004407971347097364
76.38,-0.00745183856609142
76.39,0.0027852576636272566
76.4,-0.008497140936448268
76.41,-0.0073159514734729945
76.42,0.0028951345318018566
76.43,-0.003206787590371145
76.44,0.004158956534023782
76.45,0.0011484948934028412
76.46000000000001,-0.004879576538769739
76.47,0.0030165590097865607
76.48,-0.007674526394142387
76.49,0.0007282076616006092
76.5,-0.0012570378990993062
76.51,-0.004642528343651185
76.52,0.0020800999547900025
76.53,0.007426671846805651
76.54,0.009978093995261535
76.55,0.0021552553748684904
76.56,-0.0019058825134165968
76.57000000000001,-0.005495857995675968
76.58,-0.004858078212097765
76.59,-0.0004109004370046864
76.60000000000001,-0.002654445974385815
76.61,0.008276290452498886
76.62,-0.002634090646885809
76.63,-0.00253110817709129
76.64,-0.0023293097513204606
76.65,0.0067324042073531615
76.66,0.0030157664169380375
76.67,0.0022833770063778545
76.68,-0.0033171395523227563
76.69,0.00635808353664879
76.7,-0.009232722772885978
76.71000000000001,0.007415943446762262
76.72,0.00025499799587859126
76.73,-0.0020349953027317437
76.74,-5.6654385646287206e-05
76.75,0.0033483106106766223
76.76,-0.009744691469642052
76.77,0.007431037129164956
76.78,-0.001065209493772144
76.79,-0.003140669605998436
76.8,-0.007235088687318859
76.81,-0.001210692512831157
76.82000000000001,-7.354457431242231e-05
76.83,-0.0019270661101304445
76.84,0.003573201876537941
76.85000000000001,-0.0015820694248154799
76.86,0.009228351556931467
76.87,0.0019855503564718373
76.88,0.006149558713038178
76.89,-0.007812881937810424
76.9,-0.0020541741410818864
76.91,-0.003263045971056946
76.92,0.0013896477627318368
76.93,0.007222270401228513
76.94,-0.008433235644759868
76.95,-0.008548504039105785
76.96000000000001,0.007006354163151979
76.97,-0.005742998279232851
76.98,0.003375065088996274
76.99,0.0008575626472161028
77.0,0.006657871897744588
77.01,-0.007498221803271929
77.02,-0.0074043406855477745
77.03,0.0011363672055661519
77.04,0.008927573067167417
77.05,-0.0017000448325849155
77.06,-0.0034611579949061014
77.07000000000001,0.0021337864639577164
77.08,0.008608972010900622
77.09,0.006738556656892472
77.10000000000001,0.009909672214664397
77.11,-0.009548628335952459
77.12,-0.007742837105744756
77.13,0.0021893552673324396
77.14,0.006411528786676996
77.15,-0.004295113153864669
77.16,-0.005215778239315625
77.17,0.005739515987624016
77.18,-0.008872362922935369
77.19,-0.0026123470483482977
77.2,0.00011618445184659494
77.21000000000001,0.0012069734870064682
77.22,0.004572303135855538
77.23,-0.0029030855313868353
77.24,0.0022536868934921444
77.25,0.0017075084558191272
77.26,0.0009523220130749424
77.27,0.0028096658628442434
77.28,-0.004811016578638474
77.29,-0.00830702492830742
77.3,-0.0076145665592051315
77.31,-0.005508352346921978
77.32000000000001,3.95871045570477e-06
77.33,0.006808855010920404
77.34,0.004025866841767683
77.35000000000001,0.005780812084040942
77.36,-0.0029804875214781727
77.37,-0.0019069251670289968
77.38,-0.0021263622801877442
77.39,-0.00616253631190997
77.4,-0.008775666837128559
77.41,0.0018183218565445362
77.42,0.009784333668411723
77.43,-0.006663405900994743
77.44,-0.009066303602014525
77.45,0.005590633636478659
77.46000000000001,-0.004948279866305516
77.47,0.006592876107058566
77.48,0.004078733340690309
77.49,0.008913470741016094
77.5,-0.0018214552848665605
77.51,0.0032393967890126836
77.52,-0.0007029043837345865
77.53,0.0026117739461708703
77.54,-0.0010080218798452535
77.55,-0.006227355071518503
77.56,0.000157948320067618
77.57000000000001,0.0005716840287488464
77.58,0.006212076965203222
77.59,0.004710414115871624
77.60000000000001,0.003275832478828882
77.61,-0.00773225808894855
77.62,0.0044123258132743
77.63,6.103127090295243e-06
77.64,0.007881990722123184
77.65,0.008397418682610855
77.66,-0.00889686818796429
77.67,0.006412831207089577
77.68,-0.009246052191546589
77.69,-0.002656607486099547
77.7,0.0008459995124215827
77.71000000000001,-0.007037984027457452
77.72,0.004926276251381536
77.73,-0.009832905916557229
77.74,-0.006628019031319264
77.75,0.0016159365970695137
77.76,0.004287751240745848
77.77,0.008332862053878324
77.78,0.004109933038692478
77.79,0.0034355854050973182
77.8,-0.0021131770729867147
77.81,-0.009974311489463972
77.82000000000001,-0.007596814825287561
77.83,0.0006910908951207832
77.84,0.003502597716888394
77.85000000000001,-0.0016510343220707494
77.86,0.0046135802305678035
77.87,0.0004372459066435755
77.88,-0.008516476088113756
77.89,-0.006159674980641024
77.9,0.006799964464878858
77.91,0.0044982549324887895
77.92,0.0078952397402499
77.93,-0.007648855017581269
77.94,0.009804450692301478
77.95,-0.005811865721001328
77.96000000000001,-0.00976440247426716
77.97,0.009948458781071085
77.98,-0.004378522291097737
77.99,0.0033603890502511974
78.0,-0.006466353716473896
78.01,0.0016045706439828337
78.02,0.008080699729091185
78.03,-0.0035963766514312276
78.04,0.003405079520887184
78.05,-0.00624192822403167
78.06,0.002495907974374505
78.07000000000001,-0.0032709929636497975
78.08,-0.005775834828240967
78.09,-0.0037363589859272977
78.10000000000001,-0.006423178629844014
78.11,0.008038322156757654
78.12,-0.002056262273657423
78.13,-0.005094413900512653
78.14,-0.001031843179681342
78.15,-0.003589276663870089
78.16,0.0048883850762665194
78.17,0.009424398237709889
78.18,-0.0012393268660470629
78.19,0.0072206679994448065
78.2,0.0013172614711923908
78.21000000000001,-0.006855286698115331
78.22,0.0038124548416268306
78.23,0.0002686899425164025
78.24,0.003012130465042069
78.25,0.007793748251433299
78.26,-0.0011913085868790786
78.27,0.008023552464347111
78.28,0.005013380285633098
78.29,-0.00022790148244030556
78.3,0.0020644427131592744
78.31,-0.0034883773496197715
78.32000000000001,0.009671945994775484
78.33,0.0033470232610079195
78.34,-0.009123062950067403
78.35000000000001,-0.0034675618850398254
78.36,0.0024662886751811493
78.37,-0.008873334444015205
78.38,-0.009522316173617144
78.39,-0.0009995152094439477
78.4,-0.0033461964061466
78.41,-0.0012340278393366821
78.42,-0.004746133802399897
78.43,-0.006705645061140382
78.44,0.0037828671396067538
78.45,0.00029142232535601074
78.46000000000001,-0.005996915775012664
78.47,-0.0036082114748000335
78.48,0.0018361581532665185
78.49,-0.008555413034550444
78.5,-0.007050939814676409
78.51,-0.008535087917852197
78.52,0.006246346654282376
78.53,0.005048184664240184
78.54,0.0050662586375851415
78.55,0.0043265068695205605
78.56,0.0033877084733973835
78.57000000000001,-0.0004601616924365011
78.58,0.0028455632701422998
78.59,-0.009232768904240508
78.60000000000001,0.002429288453135692
78.61,0.005557554110737543
78.62,7.167207687803351e-06
78.63,-0.0028497334314552614
78.64,-0.004451465303980418
78.65,0.00285604100324165
78.66,0.0038560239725981757
78.67,0.007419351997250851
78.68,-0.0031533183507801857
78.69,0.005395446147711711
78.7,0.0012271164837867592
78.71000000000001,0.007656729813561582
78.72,0.0005562421659124142
78.73,0.00035259656795934465
78.74,0.0015575416288181824
78.75,0.0049863071028486885
78.76,0.009293809576569218
78.77,-0.008528732915684687
78.78,-0.008931307952179657
78.79,0.00875100674814677
78.8,0.0005975125103641222
78.81,0.0022980602913387216
78.82000000000001,-0.000351527968105423
78.83,-0.008126850947850511
78.84,0.005361787568373331
78.85000000000001,0.004944492901771737
78.86,-0.0037659335701437603
78.87,-0.0038752150954319917
78.88,0.00675682761811037
78.89,-0.008552854845173468
78.9,0.007622102967131316
78.91,-0.004866766202081711
78.92,0.0018596949551098786
78.93,0.008719883580035554
78.94,0.0035624500307329283
78.95,-0.0017114037506592676
78.96000000000001,0.003790684178108303
78.97,-0.0031204072736725963
78.98,-0.0044548316730162775
78.99,0.009933665558693594
79.0,0.005015804623595754
79.01,0.0028943995476363536
79.02,-0.0028942071356136247
79.03,-0.009016783416899037
79.04,-0.009378862479296889
79.05,0.001083625108975977
79.06,0.005240654420781022
79.07000000000001,0.000747583808877102
79.08,0.00681570143878229
79.09,-0.009331469338135567
79.10000000000001,-0.002664958471481198
79.11,-0.005258592176516439
79.12,-0.0010545406368575594
79.13,-0.00855247213611755
79.14,0.009082632831421451
79.15,-0.005534891978612781
79.16,0.008446155509671696
79.17,-0.0014821368992663647
79.18,0.009710482665104362
79.19,0.0010811676692042155
79.2,0.00861665728351615
79.21000000000001,-0.009893020226115544
79.22,0.004964776123618002
79.23,0.00806101306205031
79.24,-0.007205588660420918
79.25,-0.00807748296535697
79.26,-0.001508547856280889
79.27,0.008673578122658702
79.28,0.0008477312038087745
79.29,0.000549129274434644
79.3,-0.007177477634013563
79.31,-0.009984209778135624
79.32000000000001,0.006202801814909226
79.33,-0.008248508740275235
79.34,0.0026769963747064803
79.35000000000001,0.00829232909030383
79.36,-0.00582696173683138
79.37,0.0033054567247382156
79.38,-0.00842602846584981
79.39,0.00207510287675226
79.4,-0.006721365580935945
79.41,0.004719071210303561
79.42,-0.003975374104121836
79.43,-0.0007321798239070757
79.44,0.0019886108405524332
79.45,-0.006574531786675209
79.46000000000001,0.0048327563723524185
79.47,-0.003947193187263709
79.48,0.003247437198255069
79.49,-0.006834338986012527
79.5,0.003762353184127005
79.51,-0.007436238543790765
79.52,-0.001492870074600328
79.53,-0.005055878525222463
79.54,0.004967504988563652
79.55,-0.004759299909862509
79.56,0.007634346127907926
79.57000000000001,0.007836404228132256
79.58,-0.006071173695544283
79.59,0.002276918900154485
79.60000000000001,-0.008245647165600714
79.61,-0.002169258007967417
79.62,0.004266434590025445
79.63,0.0031884649369983246
79.64,0.00249401338813216
79.65,-0.004349182726751129
79.66,-0.0024395010113119594
79.67,-0.007941077105994277
79.68,0.004380456408672019
79.69,7.777593582546961e-05
79.7,0.004175312646913091
79.71000000000001,-0.005021129504062545
79.72,-0.0035112354272986753
79.73,-0.003315693254797707
79.74,-0.009485151805055676
79.75,-0.0031790425433875294
79.76,0.0060660914703606714
79.77,0.00794596991499477
79.78,0.0003643663127185486
79.79,-0.000889966095615596
79.8,-0.009383507626012595
79.81,0.007584086751707653
79.82000000000001,-0.009739795731482545
79.83,0.008895001604204237
79.84,-0.0002156750262381872
79.85000000000001,-0.003161310128505468
79.86,0.008484368696853201
79.87,-0.009512180137798065
79.88,0.0016284978973817414
79.89,0.0009786504899867519
79.9,-0.005613591975772359
79.91,-0.0014222513729957881
79.92,0.0030452801188754035
79.93,0.004542623937638551
79.94,-0.009985662825868404
79.95,0.008737068601820308
79.96000000000001,-0.006709492552143752
79.97,-0.0053283913155528165
79.98,-0.004730531086123035
79.99,-0.009243597268959293
80.0,-0.007538957528193502
80.01,0.00972699845888324
80.02,-0.0036956652524542787
80.03,-0.0076939781932190135
80.04,-0.007860174776507533
80.05,0.004389199353399438
80.06,0.007091373280652817
80.07000000000001,-0.004860954009830602
80.08,-0.009581809753295301
80.09,-0.005538199631092884
80.10000000000001,-0.008869686184064854
80.11,-0.00793210126739917
80.12,-0.0013698376030471526
80.13,-0.005401632582767348
80.14,0.00031891757050846875
80.15,-0.004930124934856193
80.16,0.008810746022058951
80.17,0.00811887935852529
80.18,0.0013361221002093204
80.19,-0.0029115201602522766
80.2,-0.0023770623593052887
80.21000000000001,-0.001762954337110061
80.22,0.004551586442698881
80.23,-0.0009672200896232424
80.24,0.007134598930117949
80.25,0.00888189571860729
80.26,-0.0032810769324213233
80.27,0.0012138896275136028
80.28,-0.008098869263348712
80.29,-0.00599061904467282
80.3,-0.0017306846657967976
80.31,-0.005875945681964423
80.32000000000001,0.007531209815774353
80.33,-0.006834274878818039
80.34,-0.0008867835689381608
80.35000000000001,0.002113984809197514
80.36,0.003837278163216889
80.37,-0.0023386126054698655
80.38,0.007381981374494572
80.39,0.0013663830215585107
80.4,-0.001209844391048964
80.41,-0.008655187318959267
80.42,-0.0007062106310966997
80.43,0.006414716816314605
80.44,0.0022908203644263093
80.45,0.006643249074582367
80.46000000000001,-0.0001197665880138879
80.47,-0.007630765898110363
80.48,-0.00972720308328238
80.49,-0.003935609065628176
80.5,0.00395980942995585
80.51,0.005805198078833876
80.52,-0.004084943307593411
80.53,-8.692158233505713e-05
80.54,-0.0015776219113183675
80.55,-0.0017895443129714427
80.56,-0.00537302573599699
80.57000000000001,-0.007272577899410833
80.58,-0.006066228835375738
80.59,-0.008893352256733078
80.60000000000001,-0.006037385163528459
80.61,-0.009815982047492412
80.62,0.0025451680127195654
80.63,-0.003672491852246342
80.64,0.009462894228538172
80.65,-0.006125658984474043
80.66,-0.0030834285938081216
80.67,-0.002843176827169336
80.68,-0.00983097007875079
80.69,0.006784159060789179
80.7,-0.009360110797113505
80.71000000000001,0.00880359669458483
80.72,0.007841487021872413
80.73,0.0007104383217192718
80.74,0.000871911498225842
80.75,0.0030755584591231275
80.76,-0.00225899976130226
80.77,0.00294444566795711
80.78,-0.009104632226230263
80.79,-0.00891904745300547
80.8,-0.0008553916076091128
80.81,0.0009924460221206986
80.82000000000001,0.0077563528067163805
80.83,-0.007906787321842076
80.84,0.0064529585438777865
80.85000000000001,-0.005799053254158608
80.86,-0.0021183270297993623
80.87,-0.003667951303451742
80.88,-0.0019968945426920206
80.89,-0.006990090038548289
80.9,7.140148807109961e-05
80.91,0.0060328517966273445
80.92,-0.0011693197924220605
80.93,-0.0001877284820360186
80.94,0.006975351705626286
80.95,0.0041211622927606155
80.96000000000001,-0.0001909118296043056
80.97,-0.004846087036216406
80.98,0.007698534936899334
80.99,0.0015404080338111675
81.0,-0.005577047797786132
81.01,-0.004617604947239793
81.02,0.006062661778724917
81.03,-0.009117088758250892
81.04,0.0098418437405764
81.05,-0.007392966405704165
81.06,0.005921370507938747
81.07000000000001,-0.002104493664566342
81.08,-0.0001556763342506623
81.09,0.007613011549291558
81.10000000000001,-0.001741776208215735
81.11,0.0007498750734646897
81.12,-0.009014006751816602
81.13,-0.009953050522650938
81.14,-0.005104002539965482
81.15,0.003611661858375345
81.16,-0.007574702132817266
81.17,-0.007724760823909011
81.18,-0.0017807878392819346
81.19,0.0029567407721645296
81.2,0.00424143984495861
81.21000000000001,-0.0064309865180325046
81.22,-0.00840823705255915
81.23,0.008807940678910884
81.24,-0.004786672348757966
81.25,0.007066929952174476
81.26,0.007269829009256367
81.27,0.0054504518352508895
81.28,-0.006623327866948598
81.29,0.006436029185084008
81.3,0.0053850111848317336
81.31,0.0019344598021243421
81.32000000000001,-0.003255959296620945
81.33,-0.004749827914669118
81.34,-0.007562215758392821
81.35000000000001,0.00019514133801742765
81.36,0.00170521751019693
81.37,-0.002813220189684256
81.38,-0.0004928186463826287
81.39,-0.002729710852614666
81.4,0.002820121146414025
81.41,0.008025184155931267
81.42,-0.006721594759061103
81.43,-0.0023718238019375315
81.44,-0.007182627920982774
81.45,0.00249887540815664
81.46000000000001,0.004577410189771916
81.47,0.00863825465194912
81.48,-0.004422561474780702
81.49,0.009004224117308604
81.5,-0.008734746563586504
81.51,0.0020602772672917644
81.52,-0.0088573456131334
81.53,0.007875483755238897
81.54,0.0005961811414010813
81.55,0.003386967015255921
81.56,0.00663147851820905
81.57000000000001,-0.0069937875503206254
81.58,-0.009228168761237323
81.59,0.007577622918257044
81.60000000000001,-0.0037013354508213508
81.61,-0.007420421841456694
81.62,-0.000630775258258269
81.63,0.0019661215139203762
81.64,-0.009380587931549798
81.65,-0.004502086834858246
81.66,-0.00934400251446208
81.67,-0.0015932922160900205
81.68,0.007902000581324885
81.69,0.009653048229871385
81.7,0.0027409510700725503
81.71000000000001,-0.006767246124308164
81.72,0.008116987799986116
81.73,0.0003249564640012085
81.74,-0.006925013757941639
81.75,0.008434533389033229
81.76,0.00514938101446206
81.77,0.004634105454463031
81.78,0.004183614075888093
81.79,-0.005993203578071153
81.8,-0.005779866165849479
81.81,0.0037658599685451
81.82000000000001,-0.005605544997792062
81.83,-0.0012265660639390226
81.84,0.005640036511878827
81.85000000000001,0.005679050361956818
81.86,-0.0009347645494828076
81.87,0.0058437987655049015
81.88,0.006772435923961135
81.89,0.0030955150256852058
81.9,-0.005431482953831597
81.91,-0.00451976439228905
81.92,-0.003703176891825293
81.93,-0.00766391784532096
81.94,-0.004536807592601098
81.95,-0.005809615513749358
81.96000000000001,-0.0008934250038279568
81.97,0.008168750957445297
81.98,-0.007910393664920839
81.99,0.004405358478947912
82.0,0.003745660088262555
82.01,-0.008084916026732846
82.02,0.008451448098116
82.03,0.0013694440431363912
82.04,-0.0027254895772863153
82.05,0.005130771669906133
82.06,-0.0048526908319673195
82.07000000000001,0.003870196740926408
82.08,-0.009205775848555055
82.09,0.006788160752185439
82.10000000000001,-0.0010365830595736297
82.11,0.0027338582871588354
82.12,-0.005575243603866326
82.13,0.003541474253168959
82.14,0.005444805517865532
82.15,-0.0005357362623120247
82.16,0.002354538481235886
82.17,-0.0008734815235520287
82.18,0.007881827385156909
82.19,-4.2616389713616074e-05
82.2,0.006836174180576379
82.21000000000001,0.006027041165404973
82.22,-0.00178990357303287
82.23,-0.0053983101628504995
82.24,-0.0018783573488045796
82.25,0.006524347515504405
82.26,-0.005447349283612153
82.27,0.0004887269171549875
82.28,0.006121934959214951
82.29,-0.0029304504974324245
82.3,0.0028441927400539475
82.31,-0.0050873685190237095
82.32000000000001,-0.007814411092636801
82.33,0.005887684501857128
82.34,-0.008020627531825864
82.35000000000001,-0.004572372098408308
82.36,0.007102188439948804
82.37,-0.003070614258426656
82.38,0.009460906990283223
82.39,0.009594686695477197
82.4,-0.004634479590928866
82.41,-0.00918043555500219
82.42,0.004101265684107583
82.43,-0.0009802699470331262
82.44,-0.007984943120808474
82.45,0.004150456379560857
82.46000000000001,-0.009376501817761576
82.47,0.007403933809844844
82.48,-0.0072269494177339254
82.49,-0.0074537624250655
82.5,-0.00648655404062831
82.51,0.00920532716984133
82.52,0.00386338720507692
82.53,0.006027430709272733
82.54,-0.002047300285344939
82.55,-0.003273745449900889
82.56,-0.005310319864336601
82.57000000000001,-0.0003870394337518214
82.58,0.0010365746706833701
82.59,0.0026354968730551084
82.60000000000001,-0.00485762992002611
82.61,0.008973081618059814
82.62,-0.006604830035857283
82.63,0.009313063495328245
82.64,-0.009702877549849925
82.65,-0.0003774861636630881
82.66,-0.0033326432376687446
82.67,-0.001017531721394984
82.68,0.0014132915796157813
82.69,-0.0012882168397458198
82.7,-0.0017030629939681005
82.71000000000001,0.0046544683082661315
82.72,0.003717525501729293
82.73,0.006665425640716956
82.74,-0.005000820375210089
82.75,0.0021905701950812716
82.76,0.0017038957078570772
82.77,-0.002605243782546225
82.78,-0.00027884916194638107
82.79,-0.0037243571338854255
82.8,-0.007163112047660297
82.81,-0.005723975786745343
82.82000000000001,-0.007889727071975978
82.83,0.0036613915038024823
82.84,0.0032145478621830297
82.85000000000001,0.009012127431597456
82.86,0.004593568272944826
82.87,-0.008959083224877372
82.88,0.007684903478579084
82.89,0.0072535032589145145
82.9,-0.0011335935845460266
82.91,0.0017172610105584303
82.92,0.009521566649450376
82.93,0.0006460872769633256
82.94,0.008106436567521797
82.95,-0.008339224843796272
82.96000000000001,-0.0061789626258263435
82.97,-0.0011849011311736435
82.98,0.0016951361667460942
82.99,0.006324557037256004
83.0,0.009765242302863736
83.01,-0.002222970070517671
83.02,-0.009051687277198302
83.03,0.006023430065906497
83.04,0.0020876143816561613
83.05,-0.006029142822635967
83.06,-0.000103430867571596
83.07000000000001,0.004846204910674487
83.08,0.005408235741372875
83.09,-7.631760024759404e-06
83.10000000000001,-0.0038957093974228175
83.11,0.009474851640769869
83.12,0.0032672522191298566
83.13,-0.0018352496130740262
83.14,-0.0043907355159069515
83.15,0.004622059660071242
83.16,-0.005156331088124646
83.17,-0.006565800220526236
83.18,0.0005966777792414061
83.19,-0.004200252147117163
83.2,0.0025781028984723005
83.21000000000001,-0.007641226502515331
83.22,0.0030988220913464315
83.23,-0.004334069440045956
83.24,-0.009995141311309746
83.25,-0.007461278846516473
83.26,0.008672307556701881
83.27,0.007347092782307158
83.28,-0.005327819359275263
83.29,0.005567438090909824
83.3,0.0021714318634794855
83.31,0.00941809422899739
83.32000000000001,-0.0025278868093188177
83.33,0.0036292122503434263
83.34,-0.008729285551521629
83.35000000000001,-0.0020750530636718806
83.36,0.009276353223763611
83.37,0.0007796174890024113
83.38,-0.004242409933303108
83.39,-0.007594580737427864
83.4,0.004070566803630609
83.41,0.002897120868594536
83.42,-0.0025212257279245073
83.43,0.009018827037316686
83.44,-0.009555943740242994
83.45,-0.003925522967363484
83.46000000000001,0.008421389725991628
83.47,-0.0035812912336111924
83.48,-0.004954943322896592
83.49,0.0006844081986249455
83.5,0.006476034998410757
83.51,-0.007937064782432779
83.52,0.008860414192914725
83.53,0.005901457623623282
83.54,-0.006374994888968961
83.55,0.004240159223963253
83.56,-0.0023008255472488567
83.57000000000001,-0.001954106438473626
83.58,0.005665801848777326
83.59,0.009255696159614643
83.60000000000001,-0.007466882543056122
83.61,-0.0015873952624236125
83.62,-0.00038116783831392866
83.63,-0.0024737636609000477
83.64,-0.0027362175256754996
83.65,-0.008954626648768069
83.66,0.0037107724112524654
83.67,-0.001275711657599092
83.68,-0.006104123947121465
83.69,0.006320670046041367
83.7,0.006051214963032557
83.71000000000001,-0.00027216743822212376
83.72,-0.004030986777044789
83.73,0.002761854515929047
83.74,-0.004236957284451939
83.75,-0.005279841393525759
83.76,0.004610293080526533
83.77,-0.009193495205580986
83.78,-0.00810463057930812
83.79,-0.009864236519528205
83.8,-0.006941136270491477
83.81,-0.008620199825790811
83.82000000000001,0.009916047355598373
83.83,-0.004223800600918208
83.84,-0.007014639746615054
83.85000000000001,-0.005180074840081641
83.86,0.008722511430802693
83.87,0.0004032044604879142
83.88,-0.002703638073842862
83.89,0.007467829158184386
83.9,-0.0021001945890193503
83.91,-0.003299828600846084
83.92,-0.005854349549005289
83.93,-0.00244406352181177
83.94,-0.0036663128796614796
83.95,0.0035460791859628204
83.96000000000001,-0.004208345906585458
83.97,0.001543994928451229
83.98,-0.008682156699360547
83.99,-0.006174216866069713
84.0,-0.0018518945677730245
84.01,0.008738985078173908
84.02,-0.002454960285686092
84.03,0.003281482423996682
84.04,-0.004898255551572037
84.05,-0.007459328480535366
84.06,-0.008829267998398997
84.07000000000001,-0.0038917300291449733
84.08,-0.006846779464061841
84.09,-0.006519791039677516
84.10000000000001,0.005215186167739002
84.11,-0.009683238581102515
84.12,0.0011562025147086891
84.13,-0.002410772388130704
84.14,0.0001309999981709449
84.15,0.0012566047442920582
84.16,-0.003732646110854436
84.17,-0.004097822796314294
84.18,0.004668036986698114
84.19,0.007425539762423142
84.2,-0.006148367350829442
84.21000000000001,-0.008047624789297022
84.22,0.007955916127840518
84.23,-0.003002090727052027
84.24,0.0010263478132562839
84.25,-0.0028091371095999304
84.26,-0.007483953273078974
84.27,0.0017866328989545616
84.28,0.0005028170353925925
84.29,-0.005940128816176056
84.3,-0.0009626191069544432
84.31,0.005938950080312916
84.32000000000001,0.0018085220621578274
84.33,-0.008061653458660103
84.34,0.0009604299445827007
84.35000000000001,0.0040547659857917365
84.36,0.005854068115615027
84.37,0.002582351572685335
84.38,-0.0069468367091843255
84.39,0.004203465331803213
84.4,0.003546836921630327
84.41,-0.009511462341187335
84.42,-0.0017650466481951375
84.43,-0.0033409950607525343
84.44,0.0033882412850728683
84.45,-0.005677283753781586
84.46000000000001,0.0018174384594851697
84.47,0.008264119236283446
84.48,0.005956047444172155
84.49,0.008429154724330609
84.5,0.0095701193386538
84.51,-0.009786597459876745
84.52,0.0024548255275495517
84.53,-0.001743212044821871
84.54,0.007197089806702436
84.55,-0.004963705959817366
84.56,0.009620589782301523
84.57000000000001,0.0022741593908749465
84.58,0.0058707480445766205
84.59,-0.008288008943544634
84.60000000000001,-0.0063308423048227
84.61,0.005168073460684064
84.62,-0.009560269559213528
84.63,0.006337559717875656
84.64,-0.009721019626161771
84.65,0.003142376781225467
84.66,-0.0026981215953638827
84.67,0.002229897054383983
84.68,0.003920628139782273
84.69,-0.003150495616273916
84.7,-0.007840751037783289
84.71000000000001,-0.008607082645034687
84.72,0.0017787204512509577
84.73,0.00041310707468223025
84.74,0.004844020182422651
84.75,0.00019471020007874248
84.76,-0.001551084199382418
84.77,-0.002038256435275382
84.78,-0.009471061948046651
84.79,-0.003288855966066857
84.8,0.009520403150489886
84.81,0.007471111524541775
84.82000000000001,-0.0034124386593156466
84.83,0.0017559081013274434
84.84,0.006945934910709878
84.85000000000001,-0.0011745132649986275
84.86,-0.009640842724996981
84.87,-0.0085097907636272
84.88,0.00020785442697413177
84.89,0.009388787513517566
84.9,0.003864190844377356
84.91,-0.00858167617122861
84.92,-0.006212782484162745
84.93,0.005426462864337001
84.94,0.006828795199124894
84.95,0.002353891723771817
84.96000000000001,0.002888463392596333
84.97,-0.009433250992332307
84.98,0.0065706051916301685
84.99,0.005765504163416592
85.0,-0.004819297117933057
85.01,0.00417353439931014
85.02,-0.005702907871500038
85.03,-0.00919339677896974
85.04,-0.005977269148192454
85.05,-0.00642742246491401
85.06,-0.0032450400653030557
85.07000000000001,-0.0016310100564908385
85.08,0.0001707778299541579
85.09,-0.00046492248983343726
85.10000000000001,-0.004586507880694213
85.11,-0.009416586628518511
85.12,0.0021020324447430135
85.13,-0.002085103403052912
85.14,-0.004026556852249006
85.15,0.007338820856610246
85.16,0.004934866155963195
85.17,0.0071553109674488465
85.18,-0.00010034410575078014
85.19,-0.007381374957464451
85.2,0.003924428722425448
85.21000000000001,-0.0058785244012564955
85.22,-0.0011754066181656649
85.23,-0.008699984221022231
85.24,0.006506168048459647
85.25,-0.007481187179049989
85.26,0.008061950140986195
85.27,0.007284612045231143
85.28,-0.0007083447112150795
85.29,0.004887364086079813
85.3,0.002388901476363066
85.31,0.006061512846754899
85.32000000000001,-0.0013638979842817596
85.33,0.005716169684887
85.34,-0.0007508636586970405
85.35000000000001,0.008819315756855876
85.36,-0.00027255798349704735
85.37,-0.0007476145613254086
85.38,0.005701437231270255
85.39,0.006431553835216758
85.4,0.0010897822864234154
85.41,-0.006404043730098492
85.42,-0.00064483538084841
85.43,0.009361450058193567
85.44,0.005059723860783703
85.45,0.0062232520775826455
85.46000000000001,-0.009343490023615198
85.47,-0.0006428107473168028
85.48,0.0029324226731511065
85.49,0.006600653672561492
85.5,-0.009014526928344571
85.51,0.0070487777128374635
85.52,0.0009680187348382347
85.53,-0.0060537205884788016
85.54,-0.003654895671006
85.55,-0.004361408964968785
85.56,0.000617180685769516
85.57000000000001,-0.008966286401777364
85.58,-0.00682927683000153
85.59,0.006253860867515648
85.60000000000001,-0.007347920185063779
85.61,-0.0053320746108374605
85.62,-0.0009325878879168532
85.63,0.0003424177622666086
85.64,0.005272209592283172
85.65,-0.0010533514666762438
85.66,0.005797292420710776
85.67,0.002366926140909149
85.68,-0.007738005211523551
85.69,-0.006873371232143228
85.7,-0.0012593254910045829
85.71000000000001,-0.0020622121382192077
85.72,0.0048708853927458915
85.73,0.001614742795947038
85.74,-0.002237338379955014
85.75,-0.006584794330992287
85.76,-0.005463257953490098
85.77,0.0015100203693811792
85.78,-0.0015312239020041502
85.79,0.0002985501772134417
85.8,-0.006586451293955327
85.81,0.003258125046891316
85.82000000000001,0.007050774817119342
85.83,-0.004841209864261988
85.84,-0.00016971548336346814
85.85000000000001,0.009510546580418036
85.86,-0.0033351651889854473
85.87,0.0019009268984752237
85.88,-0.008196085995995113
85.89,0.002120300049588863
85.9,-0.008207364533907642
85.91,0.009184708706476441
85.92,0.004313253041446228
85.93,0.0057631957627141284
85.94,0.0040820872154327375
85.95,0.001794580721529316
85.96000000000001,-0.001001744378289893
85.97,0.007167467595221249
85.98,0.00913671335086126
85.99,-1.9276541918373385e-05
86.0,0.00863070098310524
86.01,0.0016666581997703492
86.02,0.0007676837379286643
86.03,-0.0009103453408928659
86.04,-0.0058142447693976035
86.05,-0.009925606783638817
86.06,-0.005169875462878774
86.07000000000001,0.00019446343207130297
86.08,-0.0024008009548049493
86.09,-0.0010302954399473239
86.10000000000001,0.00961296439128099
86.11,-0.002994552586613448
86.12,-0.0009563412127978413
86.13,-0.0073296889729436085
86.14,-0.009040845351260247
86.15,0.005508190291849893
86.16,0.001413663501439573
86.17,0.005214096120877901
86.18,-0.007002744022268968
86.19,0.0014365754236538193
86.2,-0.004927150513172489
86.21000000000001,-0.005438763661999602
86.22,-0.009769479718940296
86.23,-0.007393185528618562
86.24,-0.003814637770006093
86.25,-0.007662424788181219
86.26,0.009717168808218749
86.27,-0.0038273470295209864
86.28,-0.007393521065953437
86.29,-0.006018353743440845
86.3,0.0017540645668295291
86.31,-0.00871912952270423
86.32000000000001,0.007248682602823136
86.33,0.009229993584742946
86.34,-0.005065051586652383
86.35000000000001,-0.0009980946281828128
86.36,-0.00955731097941006
86.37,0.0028142044945444304
86.38,-0.0017214788389482236
86.39,-0.004598830677968886
86.4,-0.0058632577876678305
86.41,0.0030804615531752084
86.42,-0.0016756593793537111
86.43,-0.006406814219401759
86.44,0.0037821816297364808
86.45,0.001301445660733874
86.46000000000001,0.007173441098589922
86.47,-0.007650482022470142
86.48,0.005713332038889124
86.49,0.0034703357363451807
86.5,-0.007699781263438043
86.51,0.0038964145974344153
86.52,-0.0011690542224033918
86.53,0.00889969571111686
86.54,-0.007167772987642014
86.55,0.002856667816314759
86.56,-0.0023603990907410813
86.57000000000001,0.009136293411817554
86.58,-0.0034005020941944705
86.59,0.009243718189836004
86.60000000000001,0.00802971702201498
86.61,-0.004592335293786874
86.62,0.006070835536528553
86.63,0.009912084036070119
86.64,-0.004946739956574353
86.65,-0.0012644566135336065
86.66,0.00040361473133519385
86.67,-0.004101377283922713
86.68,-0.009694703207079405
86.69,-0.005597415116049467
86.7,-0.004361262313164831
86.71000000000001,-0.0011280059736362563
86.72,-0.006577950431731963
86.73,0.007465087133833452
86.74,0.004098222654626721
86.75,-0.00829599044880676
86.76,0.0030018490227986284
86.77,0.003073129528112409
86.78,0.009124423472872555
86.79,-0.009939582572876774
86.8,-0.005041351003883856
86.81,0.00855582958750631
86.82000000000001,0.008642678307965663
86.83,0.004411728387412748
86.84,0.005315266420950799
86.85000000000001,-0.008170340841407059
86.86,0.00027751669556467205
86.87,-0.005368340174220012
86.88,-0.0063756391277276555
86.89,0.006206065982466652
86.9,-0.0072992372663890515
86.91,-0.0006269672600722961
86.92,0.008771564791720662
86.93,-0.00628335888869315
86.94,0.009559868474764694
86.95,0.00988575971522118
86.96000000000001,0.001112343093648058
86.97,-0.006597145196456842
86.98,-0.0036779022411820876
86.99,-0.0015101433464692962
87.0,-0.0038135155128355414
87.01,-0.004387288402469685
87.02,0.00944459418432715
87.03,-0.006932703451685087
87.04,0.0046665581743372455
87.05,-0.009991794211216503
87.06,0.0019236533880475377
87.07000000000001,0.008318860079081046
87.08,-0.004241318118135619
87.09,-0.006289480494845616
87.10000000000001,0.0030335958975685404
87.11,0.0042520281459678625
87.12,0.0037606103790396254
87.13,-0.0036136623995725193
87.14,-0.004955951956813383
87.15,0.009118375999240884
87.16,0.008465990165398589
87.17,-0.0008536678021435935
87.18,0.00692387732308747
87.19,-0.0009535304473140792
87.2,-0.0015122196385497916
87.21000000000001,-0.006864741048014107
87.22,-0.0014718788701605437
87.23,0.0007483387719961401
87.24,-0.009549913451426272
87.25,-0.0011177398964918716
87.26,0.005627124367904005
87.27,0.0036009211274853972
87.28,0.0027031397772787
87.29,0.00819110856874405
87.3,-0.0096393598034954
87.31,0.0011409517238446833
87.32000000000001,0.005746976968194142
87.33,0.0008267076540253455
87.34,-0.003522088948392417
87.35000000000001,-0.007274988698160443
87.36,0.007751261436323825
87.37,-0.0005847521522479408
87.38,0.0075623039397140265
87.39,0.001717042448663367
87.4,0.0034838423323000165
87.41,0.006085223087569
87.42,0.003183110892002688
87.43,-0.0020389031864212464
87.44,0.0002726676785730197
87.45,0.006060910493517596
87.46000000000001,-0.002526994072540316
87.47,-0.002237570864630059
87.48,-0.008086197678839977
87.49,0.008291688704434955
87.5,-0.008179273701091165
87.51,0.0029641835489711173
87.52,-0.0017361104239440456
87.53,-0.0018876121948911521
87.54,0.0035910367314536777
87.55,-0.008658125347402425
87.56,0.0018741156590286918
87.57000000000001,0.005440635719447095
87.58,0.006564255157731883
87.59,-0.0065893922121244945
87.60000000000001,0.007948381001563474
87.61,0.0031229218369488443
87.62,0.007637096016413656
87.63,-0.0002943856577960341
87.64,0.0008406669019440406
87.65,0.008380765540573423
87.66,0.007998190867093436
87.67,-0.0010367825326199603
87.68,-0.004511747367286365
87.69,-0.002136591308714717
87.7,-0.0022447134294050052
87.71000000000001,-0.004262662500344121
87.72,-0.004628407913340669
87.73,0.007221258729594388
87.74,-0.008602761586306767
87.75,0.0035522236419918835
87.76,-0.006543598970870954
87.77,-0.0031098821321187357
87.78,-0.008769139317303262
87.79,-0.004600527262890759
87.8,0.005368421422344843
87.81,0.007700306490945172
87.82000000000001,-0.005569456961952659
87.83,-0.0007290432148215637
87.84,-0.0005935190412558727
87.85000000000001,0.007471506115194685
87.86,0.005255981057516108
87.87,0.00026154436736099823
87.88,0.0034149440094354677
87.89,0.0069471010781873375
87.9,-0.009809220919489102
87.91,-0.001942199378999027
87.92,0.008144863345541575
87.93,0.0048062606168790285
87.94,0.000856827486681493
87.95,0.0005928905407026688
87.96000000000001,-0.0030445980479112443
87.97,0.0004104106728302897
87.98,0.0031076639892690643
87.99,-0.001632739231424138
88.0,0.00428306292784348
88.01,0.007224644545207716
88.02,-0.006906303036302777
88.03,-0.0009690595436515122
88.04,-0.0018395981742983774
88.05,0.0037492960809945627
88.06,-0.005002650694841413
88.07000000000001,0.0028050182990455256
88.08,0.00754978483462976
88.09,-0.0016373680041275457
88.10000000000001,0.0082203139995844
88.11,0.00986327477866957
88.12,-0.007878159001040958
88.13,-0.005338936240302828
88.14,0.009007595029641864
88.15,0.009166553729627736
88.16,-0.008045854492264831
88.17,-0.009700029992457266
88.18,-0.006777999534871555
88.19,0.009920255667644965
88.2,-0.006400007667786263
88.21000000000001,5.095213444046218e-05
88.22,0.006968354528610223
88.23,-0.009591967786235873
88.24,0.0020897796451691906
88.25,-0.004459491022607513
88.26,0.0072466983287946315
88.27,-0.004330777014718417
88.28,0.0037351144056381787
88.29,0.003484392648947938
88.3,-0.0055701290228072
88.31,-0.009304016002632998
88.32000000000001,-0.0018150085242920541
88.33,-0.004216136960682606
88.34,0.006179554992274171
88.35000000000001,0.006007283769106907
88.36,-0.0008595209561474901
88.37,0.002130244506464379
88.38,0.0020851903197385037
88.39,0.006543162968552467
88.4,-0.0014999517175360508
88.41,-0.004491066404189819
88.42,-0.004699301637189051
88.43,0.0007238455856440826
88.44,-0.001017035945355748
88.45,-0.0011975845803012756
88.46000000000001,-0.008177253218205855
88.47,0.0043720748138039115
88.48,-0.005725266240361786
88.49,-0.006060927395825573
88.5,-0.001744833594452131
88.51,-0.005444433167643972
88.52,0.0016771653461603083
88.53,-0.00257073321331057
88.54,-0.0010217655481441976
88.55,0.0007433864320805766
88.56,-0.005929289550363904
88.57000000000001,-0.006884967542689404
88.58,0.007608438057472097
88.59,-0.0013255259433715798
88.60000000000001,-0.001758127807349217
88.61,-0.009287756994543171
88.62,-4.047394825213574e-05
88.63,0.0010833944322200025
88.64,0.0011768174190933296
88.65,0.0041406233864576866
88.66,-0.0064503633001797645
88.67,-0.0049555373153876234
88.68,0.006214609304608253
88.69,0.00894341233686788
88.7,-0.007281345052653588
88.71000000000001,-4.700890989563569e-05
88.72,-0.005716474945208263
88.73,-0.008798536632900351
88.74,-0.003489933237477292
88.75,-0.007126247496315746
88.76,0.004198661468684925
88.77,0.0006745082734288879
88.78,-0.007123310580193783
88.79,-0.009815168231889713
88.8,0.0061631409804842555
88.81,-0.006476111876715049
88.82000000000001,0.0021243328444153203
88.83,-0.003261561738465089
88.84,0.001709718766300711
88.85000000000001,-0.0036869274603535196
88.86,-0.008261208786154916
88.87,-0.005540999828844928
88.88,-0.006238828670418488
88.89,-0.0014396129512071233
88.9,0.0031656756685231463
88.91,-0.004723878501072849
88.92,-0.009758601293987642
88.93,0.00037874728529513867
88.94,0.0021151897871794414
88.95,0.009257409880036193
88.96000000000001,0.001789416061864937
88.97,-0.0005765488124371623
88.98,0.0014680325179540765
88.99,0.00855801259724054
89.0,0.006567562912032926
89.01,-0.0035404253327238396
89.02,-0.0052549127268572545
89.03,-0.004747327752678527
89.04,8.842079430426003e-05
89.05,0.004880989024571555
89.06,6.438414365924142e-05
89.07000000000001,-0.008644072083437749
89.08,0.004471614008799618
89.09,0.006119402573419077
89.10000000000001,-0.004210042697605608
89.11,0.0032825147856670074
89.12,-0.0014681619789121327
89.13,0.0077823871145488565
89.14,0.006904511163214796
89.15,0.0005086399661928462
89.16,0.0038301109162718894
89.17,0.00766699402044208
89.18,-8.565979843449048e-05
89.19,-0.0037349851902235606
89.2,0.005073322758191626
89.21000000000001,-0.005598674904306164
89.22,-0.0022293770398791593
89.23,0.0073145447421358745
89.24,0.004488446805386301
89.25,-0.0019237798950500155
89.26,-0.005705109951832852
89.27,-0.0028806321833552695
89.28,-0.00431791701545134
89.29,-0.0064782142411229215
89.3,0.004866658271313133
89.31,-0.00495860226299657
89.32000000000001,-0.000916650596644723
89.33,-0.002282811063277819
89.34,0.009641547572712615
89.35000000000001,-0.002178155117035589
89.36,-0.008400350344064904
89.37,-0.00820348494855832
89.38,0.001815074427061296
89.39,0.0019872710347653127
89.4,-0.0016248201903469005
89.41,-0.0013631261537594072
89.42,-0.008921348343182575
89.43,0.0003309302077852457
89.44,9.478950760703417e-05
89.45,-0.00700901362886111
89.46000000000001,-0.00792321227778145
89.47,-0.007528550188010191
89.48,-0.00797943507017483
89.49,0.0021941639107351963
89.5,-0.006070346951941628
89.51,-0.004971396956250731
89.52,-0.006528557116971206
89.53,0.009156706088970063
89.54,0.0070923492630367065
89.55,-0.005390103252969582
89.56,-0.00344867412155748
89.57000000000001,-0.005802143153900057
89.58,-0.00016248081078352496
89.59,-0.009607789350514928
89.60000000000001,0.003427360177935915
89.61,0.00046316299635283317
89.62,0.007972778566022064
89.63,-0.006712146313431717
89.64,0.006082184921222632
89.65,0.005839220289334314
89.66,-0.007456376215662261
89.67,-0.0020288155171174476
89.68,-0.006596947177109663
89.69,-0.004905589990849022
89.7,-0.004735076503389113
89.71000000000001,0.0011247278805154547
89.72,-0.0017717813647906908
89.73,0.008954656080126107
89.74,-0.007472597161059897
89.75,0.009473842697003977
89.76,-0.005387227195714721
89.77,0.005457478727637062
89.78,-0.003220601476543572
89.79,-0.0071383720916537215
89.8,0.007157783704924798
89.81,-0.0038227820152707363
89.82000000000001,0.003177108084536844
89.83,0.001328873701732531
89.84,-0.0005648738121825144
89.85000000000001,-8.361054702921838e-05
89.86,0.00464475828184575
89.87,-0.008244541717531188
89.88,0.0033636132391581027
89.89,0.007916242027971575
89.9,-0.008844236059602717
89.91,-0.007186933215326666
89.92,0.004332638734040628
89.93,-0.0012543670351076487
89.94,-0.001929027583726232
89.95,-0.007260667309115283
89.96000000000001,0.00013540081435576244
89.97,-0.007469093776072456
89.98,-0.0004675908737891924
89.99,0.0052723059792331335
90.0,-0.00483471284225673
90.01,-0.00038427663640545374
90.02,0.009840319387936712
90.03,0.003733008467080745
90.04,0.006827135426103971
90.05,-0.001703047868789085
90.06,0.005357218462517107
90.07000000000001,-0.009189816541173564
90.08,-0.007541776349155101
90.09,-0.005938588141598758
90.10000000000001,-0.0019609615076956084
90.11,0.006914897566515263
90.12,-0.0030746789842413906
90.13,0.0030924238703092573
90.14,0.004186285896069668
90.15,0.0017236470817668277
90.16,-0.0028551606365972756
90.17,0.0015410668342708857
90.18,-0.003154688144205076
90.19,-0.008322525228959758
90.2,0.009856079563720288
90.21000000000001,-0.0074563509273497825
90.22,-0.008553032323278854
90.23,0.007570614984143119
90.24,-0.003963306782142097
90.25,0.003005939481470153
90.26,-0.003419885406755343
90.27,-0.002170914584110577
90.28,-0.00475774055966407
90.29,-0.003139119884139796
90.3,-0.0017859919882691373
90.31,0.004408321381846858
90.32000000000001,0.00023072388469583607
90.33,0.00887130434313954
90.34,-0.00916239212322449
90.35000000000001,6.136645264056412e-05
90.36,0.0016844957766343621
90.37,0.00840393972148548
90.38,-0.009016829527571449
90.39,0.0014699916987043204
90.4,0.007072598570559143
90.41,-0.005161445437615268
90.42,0.00752584697047875
90.43,-0.009619131814514164
90.44,0.004649092582674595
90.45,0.00866226442337306
90.46000000000001,0.003143953232801245
90.47,-0.0012194151203910406
90.48,-0.00910237967054564
90.49,0.008402276266452574
90.5,-0.000594075546168504
90.51,-0.009420065113281039
90.52,0.003796421426575238
90.53,-0.0003632549284748373
90.54,-0.0075130936511517855
90.55,-0.005714563813794808
90.56,-0.008710186390883074
90.57000000000001,0.0014858707941714719
90.58,0.0024405895850401847
90.59,0.00011484596710888834
90.60000000000001,0.006342042660052298
90.61,0.007220176426160274
90.62,0.002312487933662533
90.63,-0.00974487040585139
90.64,0.0039045931149547138
90.65,-0.0016400156615929678
90.66,0.0013111496645277394
90.67,0.002981612040377689
90.68,-0.0029952677134584653
90.69,0.008341970103435884
90.7,-0.007320502665004376
90.71000000000001,0.0034302361456207495
90.72,-0.009912808400868391
90.73,0.008493022108103617
90.74,-0.007749917335238171
90.75,-0.008102315397048507
90.76,-0.0033398473389551157
90.77,-0.002528674279218388
90.78,-0.005713998553542428
90.79,0.0017024332185424946
90.8,-0.0011417180391607284
90.81,-0.009316488219178251
90.82000000000001,-0.003606958754893987
90.83,0.006208658271463411
90.84,0.0037940306972373723
90.85000000000001,0.00449741707159761
90.86,0.003962338481670472
90.87,-0.003780539572339334
90.88,-0.008006721558464483
90.89,-0.00455065631933808
90.9,0.006635706003703187
90.91,0.009609415955661423
90.92,-0.00012305970516877235
90.93,-0.009805992901539155
90.94,-0.007199103757315419
90.95,-0.0035583884936746845
90.96000000000001,0.0015717069718589952
90.97,-0.008498127083893721
90.98,0.008867145974197634
90.99,-0.0026983265343119853
91.0,0.008251684358496462
91.01,0.0056104360551404355
91.02,0.005108745450311623
91.03,0.0021343915956446406
91.04,0.002535676341036892
91.05,0.0027600647043249625
91.06,0.0025744277405116422
91.07000000000001,0.0010745646279672252
91.08,0.009728280369657777
91.09,0.004645811348513922
91.10000000000001,0.005538927767850423
91.11,0.007449256301673484
91.12,-0.005687204745483017
91.13,-0.008323916818098784
91.14,-0.0003421112680280277
91.15,0.00028161391238546406
91.16,0.0065836355989983535
91.17,-0.0011243284143532869
91.18,0.0014170605108862547
91.19,0.0005414187702691663
91.2,-0.00923594432485218
91.21000000000001,0.0023042979319382803
91.22,0.0065608657154850435
91.23,-0.006849989038483923
91.24,0.0018866346785319163
91.25,0.0018722108889282878
91.26,-0.0067163007188728256
91.27,-0.007530728525385279
91.28,0.009601038859529695
91.29,-0.002125616606939249
91.3,-0.005451565425529415
91.31,-0.006573509110912501
91.32000000000001,0.0033520342716647014
91.33,0.002188905946545576
91.34,0.0028710424597483495
91.35000000000001,-0.008239879449770955
91.36,0.007870691669968738
91.37,-0.0022146720638190343
91.38,-0.003732611871392842
91.39,-0.000752771055045216
91.4,-0.0021986786850474354
91.41,0.007271540062782916
91.42,0.00858521950395784
91.43,-0.003930935671007876
91.44,0.007278716149199097
91.45,0.005630462590661344
91.46000000000001,0.008616153446895236
91.47,-0.005084993756282244
91.48,0.0015391830024195814
91.49,-0.004509108305191107
91.5,0.006481889809687483
91.51,-0.009893516188578715
91.52,0.0012963832577279222
91.53,-0.0032159313745616404
91.54,-0.003546325858443595
91.55,0.002898126477298339
91.56,0.007029688986279878
91.57000000000001,0.002183907827866524
91.58,0.007063459572934449
91.59,-0.004708057762379401
91.60000000000001,0.0003900370952996217
91.61,-0.0009892692186584794
91.62,-0.009767102009938076
91.63,0.001136242862814803
91.64,0.0032304864829234975
91.65,0.0018382880883814016
91.66,0.0047255979756684295
91.67,0.0014267905690615416
91.68,-0.008664994902984863
91.69,-0.007671089518305771
91.7,0.0019294915508790474
91.71000000000001,-0.004500416160527197
91.72,-0.008407097419304684
91.73,-0.001407945131029065
91.74,0.001086451961673108
91.75,-0.0034250802330078687
91.76,0.004408674044515559
91.77,0.0028754121620248926
91.78,-0.0033436327781665607
91.79,0.005097450578171212
91.8,0.0029739008506607083
91.81,0.002748907574358042
91.82000000000001,0.0010685540157413607
91.83,-0.009772206638228944
91.84,0.003930143669537782
91.85000000000001,-0.0024791641778168704
91.86,0.008852194203173113
91.87,0.0063596954215441055
91.88,0.0017538893906262447
91.89,-0.0049563603636146114
91.9,-0.005925652134446668
91.91,-0.003192303246449018
91.92,-0.00046864112839963
91.93,-0.004078689799221058
91.94,0.000298589907849655
91.95,-0.006692591489736282
91.96000000000001,0.00955425625651
91.97,-0.007841508900700123
91.98,0.008638882793087442
91.99,0.008271560228053898
92.0,0.0005072096363899596
92.01,0.0044982054367216865
92.02,-0.0012790340405482437
92.03,0.0026006915508487646
92.04,-0.003188481251577626
92.05,-0.003976819604291093
92.06,0.0015645957233902733
92.07000000000001,-3.7406516320392935e-05
92.08,0.0015907273829996217
92.09,-0.0042667883742595406
92.10000000000001,-0.0026608433636600946
92.11,-0.008322040787421815
92.12,-0.008954472554555885
92.13,-0.004930857406539675
92.14,-0.008515062813389086
92.15,-0.007924505827305186
92.16,0.0062585681078787415
92.17,-0.009222526059666215
92.18,0.003178855878694856
92.19,-0.0045488450236919895
92.2,0.007430913614162529
92.21000000000001,-0.000300154308450009
92.22,-0.003888470813443485
92.23,0.0003527787137886911
92.24,-0.0023608396190946236
92.25,0.001286021293396604
92.26,-0.007709342633473035
92.27,0.009939810056251023
92.28,-0.0014888824460656484
92.29,-0.0030353872058526262
92.3,0.004204196966325298
92.31,-0.0027220118700933505
92.32000000000001,0.006665486100575152
92.33,-0.000914585512791494
92.34,0.004391168265308698
92.35000000000001,-0.00785093567116227
92.36,0.006922383711102235
92.37,0.0047143597355621975
92.38,-0.005765664430760687
92.39,-0.007094279805084267
92.4,-0.0036741530254875126
92.41,0.009521411720638086
92.42,-0.004863368508658828
92.43,-0.0008774558210673349
92.44,-0.009399595485653275
92.45,-0.0020554494086753496
92.46000000000001,0.0014264003086620555
92.47,0.009062492250159303
92.48,0.00033472089880128876
92.49,0.006382146523553756
92.5,0.0009425528513780108
92.51,-0.009184299731289638
92.52,-0.0036998344962045192
92.53,0.0015109901566220645
92.54,0.009011879318622488
92.55,0.007182607195024665
92.56,-0.005432887716423048
92.57000000000001,-0.00559780339961673
92.58,-0.005976540657721985
92.59,0.008449977926050062
92.60000000000001,0.007053323062034414
92.61,0.005497668645058976
92.62,-0.002145297715515448
92.63,8.761408597533597e-05
92.64,-0.0007133651040969434
92.65,-0.004932037848812547
92.66,0.00010056092297533979
92.67,-0.00939006904294491
92.68,-0.007363792530050817
92.69,0.007731791923378929
92.7,0.005033595340628465
92.71000000000001,-0.001542631818818259
92.72,0.00034300724567754536
92.73,-0.002600022280800451
92.74,0.004815597343213449
92.75,0.005683743584641592
92.76,0.005265703804063182
92.77,0.004452234496688991
92.78,-0.005909913226144084
92.79,-0.0032406004151904243
92.8,-0.0006030913003265016
92.81,-0.003384140171446888
92.82000000000001,0.00509880400316658
92.83,-0.003412929515000907
92.84,-0.0072353582642932564
92.85000000000001,-0.002019190959033919
92.86,0.009598288655647607
92.87,-0.005482371741328483
92.88,0.002243173178864582
92.89,-0.0013405390032058748
92.9,-0.008579508647013467
92.91,-0.0002424678800388106
92.92,0.004043286572966249
92.93,0.0002643995165563743
92.94,0.00744212127493162
92.95,-0.004221259666848347
92.96000000000001,-0.008275016573920702
92.97,0.008731312233160123
92.98,-0.0024360730094356202
92.99,0.0015281110290726665
93.0,0.00584006252260392
93.01,-0.0035137267224883886
93.02,0.004323290763552224
93.03,-0.007291623003643439
93.04,-0.004174125055889895
93.05,-0.007105787277269602
93.06,0.006224611168027158
93.07000000000001,-0.0055470152954642925
93.08,0.004348071108104206
93.09,0.008865967944913051
93.10000000000001,0.0005554441813775401
93.11,0.0008005838452137537
93.12,-0.0007793286380437595
93.13,-0.0034821971321271454
93.14,-0.00048689938150165736
93.15,0.0020561506453351894
93.16,0.009719831443413188
93.17,0.008755291186364483
93.18,0.007243059165862436
93.19,0.007782610714097167
93.2,-0.0006430163341591411
93.21000000000001,0.003148886543549296
93.22,0.007901334458724282
93.23,-0.002140984700172939
93.24,0.009235249566909376
93.25,-0.0016842787586163407
93.26,0.002021653307864312
93.27,0.004196094265447439
93.28,0.009011840261518767
93.29,-0.005107674518954679
93.3,0.004922619564772846
93.31,0.00041631172288164424
93.32000000000001,-0.0046288571875871785
93.33,0.0055321367959278115
93.34,0.0010444456034769314
93.35000000000001,0.0032194764129935168
93.36,-0.0035419786284419793
93.37,-0.0003745209634478993
93.38,0.0023470850197613406
93.39,-0.0019017837146031204
93.4,-0.006032549203045974
93.41,0.00923280984630608
93.42,0.00022935080085234767
93.43,0.004678407405754011
93.44,-0.0017790561288788375
93.45,-0.0028973647194856737
93.46000000000001,-0.0018567140306574997
93.47,-0.0018160671242870036
93.48,0.0008836023188390722
93.49,0.0008693973996272628
93.5,-5.692368234256652e-05
93.51,-0.007304284301651238
93.52,-7.849042998937794e-05
93.53,-0.00661792199158697
93.54,-0.007477284274084697
93.55,0.008652914346823354
93.56,0.0020990002629540858
93.57000000000001,0.003189801162491686
93.58,-0.001964126593332725
93.59,0.008179617838297284
93.60000000000001,0.0027586097915933087
93.61,0.0053833973904717485
93.62,-0.002628750619445723
93.63,0.00920023761638251
93.64,0.0064092258031663
93.65,0.007078969260290871
93.66,-0.006556114651484915
93.67,-0.00458073584257561
93.68,-0.004287468006328459
93.69,-0.004581815535062577
93.7,0.00710816324208576
93.71000000000001,-0.009362304095828158
93.72,-0.008478000220384514
93.73,-0.0045217025874019256
93.74,-0.006002540507011127
93.75,-0.005362807722343032
93.76,0.005958863785065998
93.77,0.0012625318778409379
93.78,-0.00988458677414064
93.79,-0.0014135446859160957
93.8,-0.0018423014629928222
93.81,-0.00772109461110913
93.82000000000001,0.003522835772029142
93.83,0.0040419437675898225
93.84,0.004417864381041954
93.85000000000001,0.0045694189111718415
93.86,-0.009998943461354064
93.87,0.009078416076934442
93.88,0.0062841753410932625
93.89,0.008079633931785705
93.9,-0.009687134093851317
93.91,0.00867717591571479
93.92,0.006195770573762095
93.93,0.0067443828591739734
93.94,-0.00813425230556063
93.95,0.004775560578371954
93.96000000000001,0.009198333792841821
93.97,0.0035709468283632133
93.98,0.001411228092492129
93.99,0.008912593554979939
94.0,-0.0011412575653112801
94.01,0.0019858713262095734
94.02,-0.00047323413011267704
94.03,0.008656924427205984
94.04,-0.008478305464689855
94.05,2.239401650696443e-05
94.06,0.003739048827708766
94.07000000000001,0.005838130768444737
94.08,0.001660372948882726
94.09,0.008178354882429078
94.10000000000001,0.008839828937677435
94.11,-0.00871361553612833
94.12,-0.001952589209172512
94.13,-0.009530819565576911
94.14,-0.0034116668525111414
94.15,0.0007373643594120426
94.16,0.00821589861019898
94.17,0.006931086449308057
94.18,-0.007450005466560286
94.19,-0.008139392505182086
94.2,0.0017853467751333413
94.21000000000001,0.0006423594491756536
94.22,-0.004672447171399523
94.23,0.007989061691076703
94.24,0.00854732818923107
94.25,-0.0019477712331967476
94.26,0.007806051142270403
94.27,-0.0023210221147405476
94.28,0.004736336636594002
94.29,-0.00048115564904551746
94.3,-0.007548336869856341
94.31,0.00855868402474043
94.32000000000001,-0.0009180681324492679
94.33,0.004689740806448073
94.34,-0.0026565237113741567
94.35000000000001,-0.009622382428475306
94.36,-0.007989392826163282
94.37,-7.561041020151191e-05
94.38,0.003799287142527247
94.39,-0.0033052934684144183
94.4,0.0039097691835530066
94.41,0.003972711788639121
94.42,0.004078718146556618
94.43,-0.00014956291958983202
94.44,0.008297723002430079
94.45,-0.00021606964038768835
94.46000000000001,-0.0009946961300672363
94.47,-0.0060123836197874606
94.48,-0.0038468982528732697
94.49,-0.009153310149633933
94.5,0.002670705872323405
94.51,-0.005029285121458143
94.52,-0.0039168949102906985
94.53,0.005416290433286423
94.54,-0.003455576336770923
94.55,-0.005156082159737157
94.56,-0.0066188450173258855
94.57000000000001,0.0054971680436391186
94.58,-0.007405874840199462
94.59,-0.0009249247949929297
94.60000000000001,0.00013860232154388856
94.61,0.003747798253714291
94.62,0.0026656696466599104
94.63,0.006214413458903495
94.64,-0.009104971321475237
94.65,-0.004071185504412056
94.66,-0.004397317624492405
94.67,-0.007079661888157836
94.68,-0.004216434922871138
94.69,-0.0038046937171419314
94.7,0.0004376892385495653
94.71000000000001,0.003274089578525121
94.72,-0.0023779897277637187
94.73,0.004389404626267624
94.74,-0.0032766932284084005
94.75,-0.004194326453704793
94.76,0.0008237611171404875
94.77,-0.009525672793884188
94.78,-0.008404217527319994
94.79,-0.0016406091282694588
94.8,0.00885825422783513
94.81,0.004430235596868472
94.82000000000001,-0.008237468609988845
94.83,0.006926360255617473
94.84,0.004646015412163621
94.85000000000001,0.002218930514053063
94.86,0.006405859212183547
94.87,-0.0019178030451408572
94.88,-0.005569978982922945
94.89,0.00024046778217518688
94.9,0.000976835111869476
94.91,0.0007665274401982419
94.92,0.0013014758296021056
94.93,0.008974098364783615
94.94,0.008044912461924627
94.95,0.007514340731178787
94.96000000000001,0.006028336218172543
94.97,0.008868562145305707
94.98,-0.008030107166411934
94.99,-0.00469753477108521
95.0,-9.888108690830205e-05
95.01,0.006930689862468106
95.02,0.00010331423045465034
95.03,0.004960694786831775
95.04,-0.0072208018950216755
95.05,-0.004951723740468796
95.06,0.004635521900753448
95.07000000000001,-0.0067053198222455195
95.08,-0.0029728813069014644
95.09,-0.004702674843728572
95.10000000000001,-0.003002766115550431
95.11,0.004166480981559407
95.12,-0.0026430563771439796
95.13,0.001105266452158804
95.14,-0.008001362458911808
95.15,0.006100353864692555
95.16,-0.0026022274870375027
95.17,0.0029706831806668495
95.18,0.004507792033236653
95.19,-0.005806781557765992
95.2,0.007693499699067
95.21000000000001,0.002324485032139058
95.22,-0.0014254971649703702
95.23,-0.00635329632843561
95.24,0.008846018758024135
95.25,0.005101364082632502
95.26,-0.005839508745335023
95.27,-0.0032457845055155104
95.28,0.006193485161761466
95.29,0.00391355326430678
95.3,0.005315685854314488
95.31,-0.0011759779557413523
95.32000000000001,0.004329525252843339
95.33,-0.0022701255427217256
95.34,-0.005774741661236072
95.35000000000001,0.0026535406968271995
95.36,0.009520278511975884
95.37,-0.003787980572093408
95.38,-0.0007806081557492073
95.39,0.003480027421397072
95.4,0.0008301256424497576
95.41,0.0068685559141809845
95.42,0.0052348541293903185
95.43,-0.008834055922752859
95.44,0.009968424678475479
95.45,0.005048049074389344
95.46000000000001,0.007278066325882264
95.47,0.0030239542419069274
95.48,0.0071257025609352456
95.49,-0.007752340501425812
95.5,-0.0030452432888136887
95.51,0.0075284188720898555
95.52,-0.0059668957746621554
95.53,-0.008435158028399545
95.54,0.0057623787989043804
95.55,0.006709723112865924
95.56,-0.006746955636201988
95.57000000000001,0.007086919655654311
95.58,0.0037353559119433916
95.59,0.0004016536643316783
95.60000000000001,0.0066050038556277006
95.61,-0.0016150150136206836
95.62,-0.006120120875532056
95.63,-0.004302946467787727
95.64,0.00010328036586629633
95.65,0.0006266158534635139
95.66,0.0061116165288246736
95.67,0.0058270544730466885
95.68,0.0016273311440914966
95.69,0.005615709667309527
95.7,-0.00616453083412658
95.71000000000001,-0.008998709458134113
95.72,0.007472676452694003
95.73,-0.00848891012474461
95.74000000000001,-0.005066231405120054
95.75,0.003906378992487691
95.76,-0.0018110412474538172
95.77,0.007526279398310175
95.78,-0.0040404041067546095
95.79,-0.009762573066612814
95.8,-0.0039868871887851175
95.81,0.0015615009836966332
95.82000000000001,-0.002481232491934133
95.83,0.0006974551151751052
95.84,0.007531962376700374
95.85000000000001,0.00824970108460737
95.86,-0.004680518706917758
95.87,-0.0007571905346019855
95.88,0.0009828803048290233
95.89,0.008982249137764941
95.9,0.009972346383287695
95.91,-0.005291855023169467
95.92,0.004539597426916309
95.93,-0.0024393787553360965
95.94,-0.009837836062275736
95.95,-0.009814949551281952
95.96000000000001,-0.0007886798487548845
95.97,-0.0002333017399133077
95.98,-0.009548606068531147
95.99000000000001,0.00373854833548605
96.0,-0.004119932228100938
96.01,0.0011978620307189873
96.02,-0.0039816185366916244
96.03,-0.006657313702613856
96.04,-0.0018565252280224945
96.05,-0.005354532704189985
96.06,0.0006960195383833613
96.07000000000001,-0.006023429394270401
96.08,0.00016811953289254042
96.09,-0.0068524297026226495
96.10000000000001,0.0034194941897157
96.11,0.005078753688828482
96.12,-0.007792115315001324
96.13,-0.0006439517592532161
96.14,-0.008582565986902529
96.15,0.0019636489108400476
96.16,-0.004711914041407092
96.17,0.0005524891367741577
96.18,0.00034922018768582426
96.19,0.00848708692387601
96.2,0.000981664451374457
96.21000000000001,0.001659969594366312
96.22,-0.0019669374847123937
96.23,0.008981592063656335
96.24000000000001,0.005543718188792193
96.25,-0.004291894193943169
96.26,0.006884191715524643
96.27,-0.0013520727962982003
96.28,0.0065733428706718795
96.29,0.00645776136587004
96.3,-0.006222596264742912
96.31,0.0040228226276715386
96.32000000000001,-0.004187140613869378
96.33,-0.004050146600146636
96.34,-0.004073038462388386
96.35000000000001,0.004511364951198964
96.36,-0.0054034791641492785
96.37,-0.009981883295078195
96.38,0.0043047370696526616
96.39,-0.006576305123297495
96.4,-0.007910352093843307
96.41,-0.005249677588118797
96.42,-0.0024019895535459202
96.43,-0.00048187345053598597
96.44,-0.009108599185747385
96.45,0.00941146665254721
96.46000000000001,0.004321261068391162
96.47,-0.0035361186935132776
96.48,-0.003626054854292054
96.49000000000001,-0.001029149012630813
96.5,0.0025248964552606595
96.51,-0.007072538668220645
96.52,-0.006221403724700954
96.53,0.0071886916566710184
96.54,-0.004874901522218549
96.55,-0.002396100040496449
96.56,0.00742543701900234
96.57000000000001,0.003262956587996451
96.58,-0.003165762413166233
96.59,0.003673990914492416
96.60000000000001,-0.009606335692371726
96.61,0.004712853200227305
96.62,-0.0002596791896752101
96.63,0.006263642945689226
96.64,0.009092753040129365
96.65,0.008515770989891367
96.66,0.008185300869106816
96.67,0.00024339911867774303
96.68,-0.0027971577172212396
96.69,-0.0006992935053865452
96.7,0.0037979200662672154
96.71000000000001,0.0076799555374237344
96.72,-0.005860273939997609
96.73,0.008363863169234062
96.74000000000001,0.00630360463939778
96.75,0.009577120303564694
96.76,0.007605035465633741
96.77,-0.004401253406161867
96.78,-0.007880881773119047
96.79,-0.0077551785601682275
96.8,-0.0041755336284344784
96.81,0.002283674479690785
96.82000000000001,0.006086406521943451
96.83,0.007985006139631294
96.84,0.0024750676873846553
96.85000000000001,-0.009887373745038926
96.86,-0.00627366446962933
96.87,-0.008005475922932642
96.88,-0.002733510488619799
96.89,2.7019872674918094e-05
96.9,-0.009132056428428783
96.91,-0.0030304404840868935
96.92,-0.006416406507493548
96.93,0.002941403325177479
96.94,-0.0007145526135131988
96.95,-9.364706132182488e-05
96.96000000000001,-0.001446164239330779
96.97,0.009120394209731339
96.98,-0.005705297497568735
96.99000000000001,0.0003332851968774857
97.0,0.0047203473673067195
97.01,0.0011368882626912515
97.02,0.008580417714336023
97.03,-0.0024406328871743165
97.04,-0.0007264838845364389
97.05,-0.008229553695705431
97.06,0.00217998222103857
97.07000000000001,-0.004235760631037879
97.08,-0.006793819209688624
97.09,0.0008906258580901622
97.10000000000001,0.0006462052675982113
97.11,-0.008482567175519049
97.12,0.003964309069889456
97.13,0.0024754438130170572
97.14,-0.006219654345070056
97.15,-0.0006113027569191239
97.16,0.004406458329571199
97.17,0.0005887148108255306
97.18,-0.002090218476328596
97.19,-0.0035532308383811276
97.2,0.002207877332881072
97.21000000000001,0.008782173966204813
97.22,0.0034348968095496684
97.23,-0.00850508192727369
97.24000000000001,-0.0007863005303573242
97.25,0.00781648263021255
97.26,-0.008110751483978263
97.27,0.009777514242750867
97.28,0.008981387872908425
97.29,-0.008434510385402483
97.3,0.0086682664089911
97.31,-0.0027373481948107558
97.32000000000001,0.006894183341517252
97.33,-0.0016323332457345695
97.34,-0.0011828977459496827
97.35000000000001,0.0026848618195508527
97.36,0.005489548385519667
97.37,-0.009324216981035027
97.38,0.0018631199105426863
97.39,-0.006265340118052581
97.4,-0.0030810096427359417
97.41,-0.00304062667689567
97.42,-0.0006187931955769273
97.43,-0.0033172717624765325
97.44,-0.007852777630986645
97.45,-0.007087425229490971
97.46000000000001,-0.009331240288778048
97.47,-0.0005950182934249138
97.48,0.009088953897059772
97.49000000000001,-0.0076864955270376685
97.5,0.008925289860061641
97.51,0.004667230294641871
97.52,0.0027499760586832626
97.53,0.002905555106471258
97.54,0.006534552967925643
97.55,-0.007861602712403572
97.56,9.508647131083528e-05
97.57000000000001,0.00394182276521517
97.58,0.0017364089014712744
97.59,0.006655581420465894
97.60000000000001,-0.00855456581977297
97.61,0.0038140207899833196
97.62,0.0006805546076943548
97.63,-0.0024167827204011312
97.64,-0.0031945003553193827
97.65,0.002416652655483858
97.66,0.007819907492885298
97.67,-7.648147797769539e-05
97.68,0.006494463281538404
97.69,-0.00195687236312065
97.7,-0.00795211074413647
97.71000000000001,-0.008769885270827229
97.72,-0.00897331257352645
97.73,-0.0023969971608466013
97.74000000000001,-0.003255244983283159
97.75,0.00435874047245139
97.76,0.004856430031697317
97.77,-0.008982920623325204
97.78,-0.005577534742219701
97.79,-0.004514762996822006
97.8,0.0009522396828561888
97.81,-0.007109695521860995
97.82000000000001,-0.007321175611999993
97.83,0.00887577778415916
97.84,0.006084058145955621
97.85000000000001,-0.006386901958176594
97.86,-0.0018686438418901805
97.87,-0.002887560014848689
97.88,0.005820081481308146
97.89,0.0002042583295624404
97.9,-0.007443005260130659
97.91,0.004779841263124878
97.92,-0.002062240435501621
97.93,-0.004741515047357059
97.94,-0.002490027559585597
97.95,-4.486872786207269e-05
97.96000000000001,-0.003137689671659811
97.97,-0.005161884548164844
97.98,-0.002029959423920393
97.99000000000001,-0.009616541785002035
98.0,0.005449956921926277
98.01,-0.006581102128648284
98.02,-0.009121907727387255
98.03,0.0030739738581015835
98.04,0.0054787225764734455
98.05,0.006276582631856863
98.06,-0.0001298163467880007
98.07000000000001,-0.005892636306200294
98.08,0.004744553544996534
98.09,0.003994261543086743
98.10000000000001,-0.005074585317936535
98.11,0.00806815511725586
98.12,-0.00791257083834342
98.13,0.009653764791826515
98.14,0.007204956219549292
98.15,0.003757972909581504
98.16,0.008774997765596657
98.17,0.004446223366474156
98.18,-0.006190860059399081
98.19,-0.0011568772377437645
98.2,-0.008569939513367293
98.21000000000001,-0.0022068515542376923
98.22,0.004832060394744174
98.23,-0.0022711329813836527
98.24000000000001,-0.003394116490637318
98.25,0.0019071144502062383
98.26,0.007444090579977901
98.27,-0.00904833614907775
98.28,-0.002290591306005292
98.29,-0.006835185163694746
98.3,0.003907085014637393
98.31,-0.007885508791377303
98.32000000000001,0.0032961551716048903
98.33,-0.0042763825840418535
98.34,-0.006021663725255506
98.35000000000001,0.008727051156499707
98.36,-0.009629508465080882
98.37,-0.0012444545622086207
98.38,-0.009567460150764125
98.39,-0.00032813903791342053
98.4,2.0947555888363445e-05
98.41,-0.00356675057210506
98.42,-0.007356764449499526
98.43,-0.0024722492453104943
98.44,0.00344525879865132
98.45,0.005647916172889183
98.46000000000001,0.0006150120477628456
98.47,0.001796687888795112
98.48,-0.005987672577506946
98.49000000000001,-0.004253393335447011
98.5,-0.006762087798952832
98.51,-0.005014092999907773
98.52,-0.005502264395489365
98.53,0.0003889757278247516
98.54,0.0012537751158145875
98.55,0.00889894841643009
98.56,-0.006088587057969539
98.57000000000001,0.0028335142032299195
98.58,0.006345185379750458
98.59,0.0012048292756610506
98.60000000000001,-0.004899926949978486
98.61,-0.004748995399599996
98.62,-0.009214938938580003
98.63,-0.0038911154690303663
98.64,0.004892073580067602
98.65,-0.009049644855857793
98.66,-0.005614094349903387
98.67,0.004124649970635639
98.68,0.005653031256457533
98.69,-0.0008936317987614309
98.7,0.003961486769572977
98.71000000000001,-0.00224095662690216
98.72,-0.0068017350995174496
98.73,-0.002037010129541869
98.74000000000001,0.0015993564040628575
98.75,0.008961065637057805
98.76,-0.008624980958226454
98.77,0.00014788187689921198
98.78,-0.0034216044357855127
98.79,0.000166233885533891
98.8,-0.009520491052469366
98.81,-0.0037394929059683737
98.82000000000001,0.0063973629505401
98.83,0.0010788346770927507
98.84,-0.000988350143677652
98.85000000000001,-0.0042894985656932085
98.86,-0.004039149544172882
98.87,-0.002337971328188311
98.88,0.006711414199291209
98.89,0.009344264136165367
98.9,-0.0012268923729925104
98.91,-0.002132943225044764
98.92,0.006931015516397255
98.93,-0.001461893587273928
98.94,0.0010403634459130243
98.95,-0.005381166708025111
98.96000000000001,0.0048700507155815045
98.97,0.0006397663654156369
98.98,0.006180691004806832
98.99000000000001,0.005614654600573395
99.0,-0.005699904634599429
99.01,0.004312711011155249
99.02,0.0060010881590274266
99.03,-0.0030778551843520987
99.04,-0.006547817741954509
99.05,-0.009947356888408237
99.06,-0.000981926938137036
99.07000000000001,-0.0029513453692231687
99.08,0.0010981966765081785
99.09,-0.006239178148224285
99.10000000000001,0.007193310953329505
99.11,-0.004844895687437807
99.12,-0.005471407898247
99.13,-0.00038571887031288096
99.14,-2.2979525114515467e-05
99.15,-0.005698295424298143
99.16,-0.004562785465481685
99.17,-0.006605895216895101
99.18,0.004369203566463335
99.19,0.005401780625081638
99.2,-0.0007534300508143469
99.21000000000001,0.004281740453700349
99.22,0.00471870783874891
99.23,-0.007234489446443828
99.24000000000001,0.009323560496690734
99.25,0.0064206389419286195
99.26,-0.00591033077608353
99.27,-0.0062766992850785954
99.28,-0.007486777088408345
99.29,-0.007232428749161633
99.3,0.004963235980573924
99.31,-0.0006069148609675282
99.32000000000001,0.005658683454797345
99.33,0.004925097887004109
99.34,0.002092254270104432
99.35000000000001,0.0037273321315735904
99.36,-0.009632885512417165
99.37,-0.0037644470638995607
99.38,0.0027564435851882042
99.39,-0.009813100930275116
99.4,-0.009340461126348131
99.41,0.007037759649407666
99.42,0.0036804972338414354
99.43,-0.004692605337593121
99.44,0.00375925680237418
99.45,0.0058491333827852664
99.46000000000001,-0.0038641143377979746
99.47,-0.009279252450016252
99.48,0.00865558249375469
99.49000000000001,-0.0030964032340873903
99.5,-0.007870364734305873
99.51,-0.00016286257213705274
99.52,0.005369355913282676
99.53,-0.005567053707648817
99.54,-0.004610198997332733
99.55,-0.005145700264028337
99.56,0.009833461056633562
99.57000000000001,-0.006051925325389149
99.58,0.0015104043393224797
99.59,0.008505292833139286
99.60000000000001,-0.007062068622444415
99.61,0.009417083957354003
99.62,0.008949544687912493
99.63,0.00769143974116525
99.64,-0.005708869573399955
99.65,0.0026811011202196675
99.66,0.0052178294592248025
99.67,0.009720558563928594
99.68,-0.006391523558372592
99.69,0.00532051799038593
99.7,-0.003223976601457741
99.71000000000001,-0.006487470688639954
99.72,-0.0015724611757229005
99.73,0.0058767182429723275
99.74000000000001,-0.0007030039259189567
99.75,0.0007504620040609707
99.76,0.009903188204002425
99.77,-0.00201781400885148
99.78,0.002308015094184797
99.79,-0.002695115967692563
99.8,-0.0021442870734259007
99.81,0.003912815068908162
99.82000000000001,0.00875773952189767
99.83,0.0008471790098464275
99.84,0.005367998578975597
99.85000000000001,-0.008215868823660724
99.86,-0.005776839251361461
99.87,4.263281839064943e-05
99.88,-0.009599765527424505
99.89,-0.004942900424748824
99.9,0.00034802579649932316
99.91,-0.009700776034873985
99.92,-0.004709074275479166
99.93,0.0002806163895173897
99.94,0.001462984959624913
99.95,0.00851503386110611
99.96000000000001,0.0029069124650121566
99.97,-0.0017052839494001246
99.98,0.008607023542661357
99.99000000000001,0.005697659667755884
